timestamp,turbidity_ntu,flow_cfs,ph,temperature_c
2026-08-02T12:45:00.000-04:00,13.2,504.0,8.4,23.9
2026-08-02T13:00:00.000-04:00,13.5,504.0,8.5,24.2
2026-08-02T13:15:00.000-04:00,13.2,504.0,8.5,24.3
2026-08-02T13:30:00.000-04:00,13.3,493.0,8.6,24.5
2026-08-02T13:45:00.000-04:00,14.6,493.0,8.6,24.8
2026-08-02T14:00:00.000-04:00,15.0,493.0,8.7,24.9
2026-08-02T14:15:00.000-04:00,17.5,493.0,8.7,24.9
2026-08-02T14:30:00.000-04:00,15.0,493.0,8.7,25.1
2026-08-02T14:45:00.000-04:00,14.1,493.0,8.8,25.4
2026-08-02T15:00:00.000-04:00,14.7,493.0,8.8,25.8
2026-08-02T15:15:00.000-04:00,14.0,493.0,8.8,25.9
2026-08-02T15:30:00.000-04:00,14.2,493.0,8.9,26.0
2026-08-02T15:45:00.000-04:00,14.2,473.0,8.9,25.9
2026-08-02T16:00:00.000-04:00,14.8,473.0,8.9,26.1
2026-08-02T16:15:00.000-04:00,14.3,473.0,8.9,26.6
2026-08-02T16:30:00.000-04:00,14.9,463.0,8.9,26.3
2026-08-02T16:45:00.000-04:00,14.7,473.0,8.9,26.1
2026-08-02T17:00:00.000-04:00,14.5,473.0,8.9,26.1
2026-08-02T17:15:00.000-04:00,14.7,473.0,8.9,26.0
2026-08-02T17:30:00.000-04:00,14.5,473.0,8.9,25.9
2026-08-02T17:45:00.000-04:00,14.6,473.0,8.9,26.0
2026-08-02T18:00:00.000-04:00,14.4,473.0,8.9,26.4
2026-08-02T18:15:00.000-04:00,14.3,473.0,8.9,26.6
2026-08-02T18:30:00.000-04:00,14.4,463.0,8.9,26.4
2026-08-02T18:45:00.000-04:00,14.4,463.0,8.9,26.2
2026-08-02T19:00:00.000-04:00,14.3,453.0,8.9,26.1
2026-08-02T19:15:00.000-04:00,14.5,463.0,8.9,25.8
2026-08-02T19:30:00.000-04:00,14.1,453.0,8.9,25.6
2026-08-02T19:45:00.000-04:00,14.1,453.0,8.8,25.5
2026-08-02T20:00:00.000-04:00,14.1,453.0,8.8,25.3
2026-08-02T20:15:00.000-04:00,13.7,453.0,8.7,25.1
2026-08-02T20:30:00.000-04:00,14.6,453.0,8.7,25.0
2026-08-02T20:45:00.000-04:00,14.2,453.0,8.6,24.8
2026-08-02T21:00:00.000-04:00,15.0,443.0,8.6,24.8
2026-08-02T21:15:00.000-04:00,14.8,443.0,8.5,24.6
2026-08-02T21:30:00.000-04:00,15.0,443.0,8.4,24.7
2026-08-02T21:45:00.000-04:00,14.2,433.0,8.4,24.6
2026-08-02T22:00:00.000-04:00,13.5,433.0,8.3,24.4
2026-08-02T22:15:00.000-04:00,14.1,433.0,8.3,24.5
2026-08-02T22:30:00.000-04:00,13.2,433.0,8.2,24.3
2026-08-02T22:45:00.000-04:00,13.9,433.0,8.2,24.3
2026-08-02T23:00:00.000-04:00,13.4,433.0,8.1,24.2
2026-08-02T23:15:00.000-04:00,13.3,424.0,8.1,24.1
2026-08-02T23:30:00.000-04:00,12.8,424.0,8.0,24.0
2026-08-02T23:45:00.000-04:00,12.8,414.0,8.0,23.9
2026-08-03T00:00:00.000-04:00,12.6,414.0,7.9,23.7
2026-08-03T00:15:00.000-04:00,13.1,414.0,7.9,23.7
2026-08-03T00:30:00.000-04:00,12.6,414.0,7.9,23.6
2026-08-03T00:45:00.000-04:00,12.7,414.0,7.9,23.5
2026-08-03T01:00:00.000-04:00,12.6,414.0,7.8,23.4
2026-08-03T01:15:00.000-04:00,12.4,414.0,7.8,23.3
2026-08-03T01:30:00.000-04:00,12.7,405.0,7.8,23.2
2026-08-03T01:45:00.000-04:00,12.4,405.0,7.8,23.1
2026-08-03T02:00:00.000-04:00,12.8,405.0,7.8,23.1
2026-08-03T02:15:00.000-04:00,12.2,405.0,7.8,23.0
2026-08-03T02:30:00.000-04:00,12.2,405.0,7.8,22.9
2026-08-03T02:45:00.000-04:00,12.2,405.0,7.8,22.8
2026-08-03T03:00:00.000-04:00,12.2,405.0,7.8,22.8
2026-08-03T03:15:00.000-04:00,12.5,414.0,7.8,22.7
2026-08-03T03:30:00.000-04:00,12.2,414.0,7.8,22.7
2026-08-03T03:45:00.000-04:00,12.5,414.0,7.8,22.6
2026-08-03T04:00:00.000-04:00,12.2,414.0,7.7,22.5
2026-08-03T04:15:00.000-04:00,12.5,414.0,7.7,22.5
2026-08-03T04:30:00.000-04:00,12.4,414.0,7.7,22.4
2026-08-03T04:45:00.000-04:00,12.6,414.0,7.7,22.4
2026-08-03T05:15:00.000-04:00,12.2,414.0,7.7,22.2
2026-08-03T05:30:00.000-04:00,12.6,414.0,7.7,22.2
2026-08-03T05:45:00.000-04:00,12.8,414.0,7.7,22.2
2026-08-03T06:00:00.000-04:00,13.0,414.0,7.7,22.1
2026-08-03T06:15:00.000-04:00,13.1,414.0,7.7,22.1
2026-08-03T06:30:00.000-04:00,12.6,414.0,7.7,22.0
2026-08-03T06:45:00.000-04:00,12.7,414.0,7.7,22.0
2026-08-03T07:00:00.000-04:00,12.8,414.0,7.8,22.0
2026-08-03T07:15:00.000-04:00,13.4,414.0,7.8,21.9
2026-08-03T07:30:00.000-04:00,13.2,414.0,7.8,21.9
2026-08-03T07:45:00.000-04:00,13.3,424.0,7.8,22.0
2026-08-03T08:00:00.000-04:00,12.8,424.0,7.9,22.0
2026-08-03T08:15:00.000-04:00,13.3,424.0,7.9,22.1
2026-08-03T08:30:00.000-04:00,12.9,424.0,8.0,22.2
2026-08-03T08:45:00.000-04:00,13.0,424.0,8.0,22.5
2026-08-03T09:00:00.000-04:00,12.7,424.0,8.1,22.7
2026-08-03T09:15:00.000-04:00,13.0,424.0,8.2,23.0
2026-08-03T09:30:00.000-04:00,13.0,424.0,8.3,23.3
2026-08-03T09:45:00.000-04:00,12.7,433.0,8.4,23.7
2026-08-03T10:00:00.000-04:00,13.1,424.0,8.5,24.1
2026-08-03T10:15:00.000-04:00,13.1,433.0,8.6,24.4
2026-08-03T10:30:00.000-04:00,13.1,433.0,8.6,24.9
2026-08-03T10:45:00.000-04:00,12.6,433.0,8.7,25.3
2026-08-03T11:00:00.000-04:00,12.8,433.0,8.7,25.7
2026-08-03T11:15:00.000-04:00,12.8,424.0,8.8,26.1
2026-08-03T11:30:00.000-04:00,12.9,424.0,8.8,26.6
2026-08-03T11:45:00.000-04:00,13.2,433.0,8.9,27.0
2026-08-03T12:00:00.000-04:00,13.3,433.0,8.9,27.5
2026-08-03T12:15:00.000-04:00,13.2,433.0,8.9,27.8
2026-08-03T12:30:00.000-04:00,13.0,424.0,9.0,28.3
2026-08-03T12:45:00.000-04:00,13.2,433.0,9.0,28.7
2026-08-03T13:00:00.000-04:00,13.6,433.0,9.0,29.1
2026-08-03T13:15:00.000-04:00,13.0,443.0,9.0,29.5
2026-08-03T13:30:00.000-04:00,13.0,443.0,9.0,29.8
2026-08-03T13:45:00.000-04:00,13.7,443.0,9.0,30.0
2026-08-03T14:00:00.000-04:00,13.2,443.0,9.1,30.6
2026-08-03T14:15:00.000-04:00,13.3,443.0,9.1,30.7
2026-08-03T14:30:00.000-04:00,13.1,453.0,9.1,31.1
2026-08-03T14:45:00.000-04:00,13.2,453.0,9.1,31.2
2026-08-03T15:00:00.000-04:00,13.3,463.0,9.1,31.4
2026-08-03T15:15:00.000-04:00,13.1,453.0,9.1,31.6
2026-08-03T15:30:00.000-04:00,13.6,463.0,9.1,31.5
2026-08-03T15:45:00.000-04:00,13.5,453.0,9.1,31.7
2026-08-03T16:00:00.000-04:00,14.0,463.0,9.1,31.5
2026-08-03T16:15:00.000-04:00,13.5,453.0,9.1,31.6
2026-08-03T16:30:00.000-04:00,14.5,453.0,9.1,31.6
2026-08-03T16:45:00.000-04:00,14.5,453.0,9.1,31.4
2026-08-03T17:00:00.000-04:00,13.7,453.0,9.1,31.1
2026-08-03T17:15:00.000-04:00,13.6,453.0,9.1,30.8
2026-08-03T17:30:00.000-04:00,13.5,453.0,9.1,30.4
2026-08-03T17:45:00.000-04:00,13.5,453.0,9.1,30.1
2026-08-03T18:00:00.000-04:00,13.4,453.0,9.1,29.8
2026-08-03T18:15:00.000-04:00,13.4,463.0,9.1,29.5
2026-08-03T18:30:00.000-04:00,13.0,463.0,9.1,29.2
2026-08-03T18:45:00.000-04:00,13.2,463.0,9.1,28.8
2026-08-03T19:00:00.000-04:00,13.3,473.0,9.1,28.5
2026-08-03T19:15:00.000-04:00,14.0,473.0,9.1,28.2
2026-08-03T19:30:00.000-04:00,13.3,473.0,9.0,27.9
2026-08-03T19:45:00.000-04:00,14.6,473.0,9.0,27.7
2026-08-03T20:00:00.000-04:00,14.0,483.0,9.0,27.6
2026-08-03T20:15:00.000-04:00,14.6,483.0,8.9,27.4
2026-08-03T20:30:00.000-04:00,14.5,493.0,8.9,27.2
2026-08-03T20:45:00.000-04:00,14.7,493.0,8.9,27.0
2026-08-03T21:00:00.000-04:00,16.0,493.0,8.8,26.8
2026-08-03T21:15:00.000-04:00,15.4,504.0,8.8,26.6
2026-08-03T21:30:00.000-04:00,15.1,515.0,8.7,26.4
2026-08-03T21:45:00.000-04:00,14.8,515.0,8.7,26.2
2026-08-03T22:00:00.000-04:00,15.0,525.0,8.7,26.0
2026-08-03T22:15:00.000-04:00,14.8,536.0,8.6,25.7
2026-08-03T22:30:00.000-04:00,13.9,536.0,8.6,25.5
2026-08-03T22:45:00.000-04:00,14.4,547.0,8.5,25.3
2026-08-03T23:00:00.000-04:00,15.4,558.0,8.5,25.2
2026-08-03T23:15:00.000-04:00,15.0,558.0,8.5,25.0
2026-08-03T23:30:00.000-04:00,15.1,558.0,8.4,24.8
2026-08-04T00:00:00.000-04:00,15.0,570.0,8.3,24.5
2026-08-04T00:15:00.000-04:00,15.1,581.0,8.3,24.4
2026-08-04T00:30:00.000-04:00,15.4,581.0,8.3,24.3
2026-08-04T00:45:00.000-04:00,16.0,592.0,8.3,24.2
2026-08-04T01:00:00.000-04:00,16.1,604.0,8.2,24.1
2026-08-04T01:15:00.000-04:00,16.3,604.0,8.2,24.1
2026-08-04T01:30:00.000-04:00,15.8,616.0,8.2,24.0
2026-08-04T01:45:00.000-04:00,16.2,628.0,8.2,23.9
2026-08-04T02:00:00.000-04:00,16.5,639.0,8.2,23.9
2026-08-04T02:15:00.000-04:00,16.2,639.0,8.2,23.8
2026-08-04T02:30:00.000-04:00,16.4,639.0,8.1,23.8
2026-08-04T02:45:00.000-04:00,16.4,651.0,8.1,23.7
2026-08-04T03:00:00.000-04:00,16.6,664.0,8.1,23.7
2026-08-04T03:15:00.000-04:00,17.2,676.0,8.1,23.6
2026-08-04T03:30:00.000-04:00,17.5,688.0,8.1,23.6
2026-08-04T03:45:00.000-04:00,18.0,701.0,8.1,23.6
2026-08-04T04:00:00.000-04:00,17.7,701.0,8.1,23.6
2026-08-04T04:15:00.000-04:00,18.1,713.0,8.1,23.5
2026-08-04T04:30:00.000-04:00,17.4,726.0,8.1,23.5
2026-08-04T04:45:00.000-04:00,18.1,739.0,8.1,23.5
2026-08-04T05:00:00.000-04:00,18.6,739.0,8.1,23.5
2026-08-04T05:30:00.000-04:00,20.0,765.0,8.0,23.4
2026-08-04T05:45:00.000-04:00,20.3,778.0,8.0,23.4
2026-08-04T06:00:00.000-04:00,20.1,791.0,8.0,23.4
2026-08-04T06:15:00.000-04:00,21.5,805.0,8.0,23.4
2026-08-04T06:30:00.000-04:00,22.3,818.0,8.0,23.4
2026-08-04T06:45:00.000-04:00,22.0,832.0,8.0,23.3
2026-08-04T07:00:00.000-04:00,21.6,846.0,8.0,23.3
2026-08-04T07:15:00.000-04:00,21.2,873.0,8.0,23.2
2026-08-04T07:30:00.000-04:00,21.7,887.0,8.0,23.3
2026-08-04T07:45:00.000-04:00,21.2,902.0,8.0,23.3
2026-08-04T08:00:00.000-04:00,20.9,916.0,8.1,23.3
2026-08-04T08:15:00.000-04:00,21.2,945.0,8.1,23.4
2026-08-04T08:30:00.000-04:00,21.2,960.0,8.1,23.5
2026-08-04T08:45:00.000-04:00,21.5,989.0,8.2,23.7
2026-08-04T09:00:00.000-04:00,21.8,1000.0,8.3,23.9
2026-08-04T09:15:00.000-04:00,22.2,1030.0,8.4,24.2
2026-08-04T09:30:00.000-04:00,22.1,1050.0,8.4,24.5
2026-08-04T09:45:00.000-04:00,22.6,1080.0,8.5,24.8
2026-08-04T10:15:00.000-04:00,25.5,1110.0,8.6,25.4
2026-08-04T10:30:00.000-04:00,25.0,1130.0,8.7,25.6
2026-08-04T10:45:00.000-04:00,25.6,1160.0,8.7,25.9
2026-08-04T11:00:00.000-04:00,25.5,1180.0,8.8,26.2
2026-08-04T11:15:00.000-04:00,25.7,1190.0,8.8,26.4
2026-08-04T11:30:00.000-04:00,25.4,1230.0,8.8,26.7
2026-08-04T11:45:00.000-04:00,25.9,1240.0,8.9,27.0
2026-08-04T12:00:00.000-04:00,27.3,1260.0,8.9,27.2
2026-08-04T12:15:00.000-04:00,26.6,1280.0,8.9,27.5
2026-08-04T12:30:00.000-04:00,27.0,1310.0,8.9,27.8
2026-08-04T12:45:00.000-04:00,27.1,1330.0,9.0,27.9
2026-08-04T13:00:00.000-04:00,27.9,1330.0,9.0,28.1
2026-08-04T13:15:00.000-04:00,29.0,1360.0,9.0,28.3
2026-08-04T13:30:00.000-04:00,29.6,1380.0,9.1,28.5
2026-08-04T13:45:00.000-04:00,30.0,1400.0,9.1,28.7
2026-08-04T14:00:00.000-04:00,31.1,1430.0,9.1,28.8
2026-08-04T14:15:00.000-04:00,30.8,1430.0,9.1,29.0
2026-08-04T14:30:00.000-04:00,31.4,1450.0,9.1,29.1
2026-08-04T14:45:00.000-04:00,32.2,1470.0,9.1,29.2
2026-08-04T15:00:00.000-04:00,33.0,1490.0,9.1,29.2
2026-08-04T15:15:00.000-04:00,33.9,1500.0,9.1,29.1
2026-08-04T15:30:00.000-04:00,34.0,1520.0,9.1,29.1
2026-08-04T15:45:00.000-04:00,35.3,1540.0,9.1,29.0
2026-08-04T16:00:00.000-04:00,35.7,1540.0,9.1,29.0
2026-08-04T16:15:00.000-04:00,35.5,1540.0,9.1,29.0
2026-08-04T16:30:00.000-04:00,35.3,1580.0,9.1,29.2
2026-08-04T17:00:00.000-04:00,36.5,1580.0,9.1,29.2
2026-08-04T17:15:00.000-04:00,37.1,1580.0,9.1,29.1
2026-08-04T17:30:00.000-04:00,36.3,1580.0,9.1,28.9
2026-08-04T17:45:00.000-04:00,35.9,1600.0,9.1,28.9
2026-08-04T18:00:00.000-04:00,36.9,1600.0,9.1,28.9
2026-08-04T18:15:00.000-04:00,38.7,1620.0,9.1,28.8
2026-08-04T18:30:00.000-04:00,37.2,1620.0,9.1,28.7
2026-08-04T18:45:00.000-04:00,36.5,1620.0,9.1,28.6
2026-08-04T19:00:00.000-04:00,36.6,1620.0,9.0,28.5
2026-08-04T19:15:00.000-04:00,36.6,1600.0,9.0,28.4
2026-08-04T19:30:00.000-04:00,37.2,1620.0,9.0,28.3
2026-08-04T19:45:00.000-04:00,36.5,1620.0,9.0,28.1
2026-08-04T20:00:00.000-04:00,36.5,1620.0,9.0,27.9
2026-08-04T20:15:00.000-04:00,35.2,1600.0,9.0,27.7
2026-08-04T20:30:00.000-04:00,35.0,1600.0,8.9,27.6
2026-08-04T20:45:00.000-04:00,35.3,1600.0,8.9,27.5
2026-08-04T21:00:00.000-04:00,35.3,1600.0,8.9,27.4
2026-08-04T21:15:00.000-04:00,35.6,1600.0,8.9,27.4
2026-08-04T21:30:00.000-04:00,35.5,1600.0,8.8,27.4
2026-08-04T21:45:00.000-04:00,36.2,1600.0,8.8,27.3
2026-08-04T22:00:00.000-04:00,33.5,1580.0,8.7,27.2
2026-08-04T22:15:00.000-04:00,33.4,1580.0,8.7,27.0
2026-08-04T22:30:00.000-04:00,33.0,1580.0,8.7,26.9
2026-08-04T22:45:00.000-04:00,31.5,1580.0,8.6,26.7
2026-08-04T23:00:00.000-04:00,31.5,1560.0,8.6,26.6
2026-08-04T23:15:00.000-04:00,30.9,1560.0,8.6,26.5
2026-08-04T23:30:00.000-04:00,30.0,1560.0,8.5,26.4
2026-08-04T23:45:00.000-04:00,29.9,1560.0,8.5,26.3
2026-08-05T00:00:00.000-04:00,30.4,1560.0,8.5,26.2
2026-08-05T00:15:00.000-04:00,29.7,1560.0,8.5,26.1
2026-08-05T00:30:00.000-04:00,30.0,1560.0,8.4,26.0
2026-08-05T00:45:00.000-04:00,29.1,1540.0,8.4,25.9
2026-08-05T01:00:00.000-04:00,29.4,1540.0,8.4,25.9
2026-08-05T01:15:00.000-04:00,28.2,1540.0,8.4,25.8
2026-08-05T01:30:00.000-04:00,28.0,1540.0,8.4,25.8
2026-08-05T01:45:00.000-04:00,28.4,1540.0,8.4,25.7
2026-08-05T02:00:00.000-04:00,27.4,1520.0,8.3,25.6
2026-08-05T02:15:00.000-04:00,25.2,1500.0,8.3,25.6
2026-08-05T02:30:00.000-04:00,27.2,1520.0,8.3,25.5
2026-08-05T02:45:00.000-04:00,27.1,1500.0,8.3,25.5
2026-08-05T03:00:00.000-04:00,27.4,1500.0,8.3,25.5
2026-08-05T03:15:00.000-04:00,26.9,1490.0,8.3,25.4
2026-08-05T03:30:00.000-04:00,27.3,1490.0,8.3,25.4
2026-08-05T03:45:00.000-04:00,27.1,1490.0,8.2,25.4
2026-08-05T04:00:00.000-04:00,26.4,1470.0,8.2,25.3
2026-08-05T04:15:00.000-04:00,25.9,1490.0,8.2,25.3
2026-08-05T04:30:00.000-04:00,26.0,1470.0,8.2,25.3
2026-08-05T04:45:00.000-04:00,26.2,1470.0,8.2,25.2
2026-08-05T05:00:00.000-04:00,26.1,1430.0,8.2,25.2
2026-08-05T05:15:00.000-04:00,26.0,1430.0,8.2,25.2
2026-08-05T05:30:00.000-04:00,26.0,1430.0,8.2,25.1
2026-08-05T05:45:00.000-04:00,26.0,1410.0,8.2,25.1
2026-08-05T06:00:00.000-04:00,26.9,1410.0,8.1,25.1
2026-08-05T06:15:00.000-04:00,27.3,1410.0,8.2,25.0
2026-08-05T06:30:00.000-04:00,27.9,1400.0,8.2,25.0
2026-08-05T06:45:00.000-04:00,27.2,1380.0,8.1,24.9
2026-08-05T07:00:00.000-04:00,27.7,1380.0,8.1,24.9
2026-08-05T07:15:00.000-04:00,27.2,1380.0,8.1,24.9
2026-08-05T07:30:00.000-04:00,26.6,1380.0,8.1,24.9
2026-08-05T07:45:00.000-04:00,26.1,1360.0,8.2,24.9
2026-08-05T08:00:00.000-04:00,26.0,1340.0,8.2,24.9
2026-08-05T08:15:00.000-04:00,25.0,1340.0,8.2,25.0
2026-08-05T08:30:00.000-04:00,24.8,1340.0,8.2,25.1
2026-08-05T08:45:00.000-04:00,25.0,1330.0,8.3,25.2
2026-08-05T09:00:00.000-04:00,24.9,1330.0,8.4,25.4
2026-08-05T09:15:00.000-04:00,24.4,1290.0,8.5,25.6
2026-08-05T09:30:00.000-04:00,24.0,1310.0,8.5,25.8
2026-08-05T09:45:00.000-04:00,24.3,1290.0,8.6,26.0
2026-08-05T10:00:00.000-04:00,23.9,1310.0,8.6,26.2
2026-08-05T10:15:00.000-04:00,23.5,1310.0,8.6,26.4
2026-08-05T10:30:00.000-04:00,24.0,1310.0,8.7,26.7
2026-08-05T11:00:00.000-04:00,23.1,1290.0,8.8,27.1
2026-08-05T11:15:00.000-04:00,23.3,1290.0,8.8,27.3
2026-08-05T11:30:00.000-04:00,23.2,1290.0,8.8,27.6
2026-08-05T11:45:00.000-04:00,23.2,1280.0,8.9,27.8
2026-08-05T12:00:00.000-04:00,23.7,1290.0,8.9,28.1
2026-08-05T12:15:00.000-04:00,23.5,1280.0,8.9,28.3
2026-08-05T12:30:00.000-04:00,23.4,1280.0,8.9,28.5
2026-08-05T12:45:00.000-04:00,22.9,1280.0,9.0,28.8
2026-08-05T13:00:00.000-04:00,22.9,1280.0,9.0,29.0
2026-08-05T13:15:00.000-04:00,22.9,1280.0,9.0,29.2
2026-08-05T13:30:00.000-04:00,22.6,1260.0,9.0,29.4
2026-08-05T13:45:00.000-04:00,22.4,1260.0,9.0,29.6
2026-08-05T14:00:00.000-04:00,22.4,1260.0,9.0,29.7
2026-08-05T14:15:00.000-04:00,22.3,1260.0,9.0,29.9
2026-08-05T14:30:00.000-04:00,22.5,1240.0,9.0,30.0
2026-08-05T14:45:00.000-04:00,22.4,1240.0,9.1,30.1
2026-08-05T15:00:00.000-04:00,23.0,1240.0,9.0,30.1
2026-08-05T15:15:00.000-04:00,23.1,1240.0,9.0,30.0
2026-08-05T15:30:00.000-04:00,23.6,1240.0,9.0,30.0
2026-08-05T15:45:00.000-04:00,23.3,1260.0,9.0,29.9
2026-08-05T16:00:00.000-04:00,24.3,1260.0,9.0,29.9
2026-08-05T16:15:00.000-04:00,23.7,1240.0,9.0,29.7
2026-08-05T16:30:00.000-04:00,23.9,1260.0,9.0,29.7
2026-08-05T16:45:00.000-04:00,23.8,1240.0,9.0,29.6
2026-08-05T17:00:00.000-04:00,23.8,1260.0,9.0,29.5
2026-08-05T17:15:00.000-04:00,24.1,1260.0,9.0,29.4
2026-08-05T17:30:00.000-04:00,24.3,1260.0,9.0,29.3
2026-08-05T17:45:00.000-04:00,24.5,1260.0,9.0,29.2
2026-08-05T18:00:00.000-04:00,25.0,1260.0,9.0,29.1
2026-08-05T18:15:00.000-04:00,24.9,1260.0,9.0,29.1
2026-08-05T18:30:00.000-04:00,25.0,1260.0,9.0,28.9
2026-08-05T18:45:00.000-04:00,25.0,1260.0,9.0,28.8
2026-08-05T19:00:00.000-04:00,25.7,1240.0,8.9,28.7
2026-08-05T19:15:00.000-04:00,25.6,1240.0,8.9,28.7
2026-08-05T19:30:00.000-04:00,26.0,1230.0,8.9,28.6
2026-08-05T19:45:00.000-04:00,25.7,1210.0,8.9,28.6
2026-08-05T20:00:00.000-04:00,26.0,1210.0,8.9,28.5
2026-08-05T20:15:00.000-04:00,25.5,1210.0,8.9,28.4
2026-08-05T20:30:00.000-04:00,25.5,1210.0,8.8,28.3
2026-08-05T20:45:00.000-04:00,25.8,1190.0,8.8,28.2
2026-08-05T21:00:00.000-04:00,25.2,1180.0,8.8,28.1
2026-08-05T21:15:00.000-04:00,25.1,1180.0,8.7,27.9
2026-08-05T21:30:00.000-04:00,25.4,1180.0,8.7,27.8
2026-08-05T21:45:00.000-04:00,25.7,1180.0,8.6,27.7
2026-08-05T22:00:00.000-04:00,25.4,1160.0,8.6,27.6
2026-08-05T22:15:00.000-04:00,23.0,1160.0,8.6,27.5
2026-08-05T22:30:00.000-04:00,22.8,1130.0,8.5,27.4
2026-08-05T22:45:00.000-04:00,23.9,1130.0,8.5,27.3
2026-08-05T23:00:00.000-04:00,22.8,1130.0,8.5,27.3
2026-08-05T23:15:00.000-04:00,22.2,1110.0,8.4,27.2
2026-08-05T23:30:00.000-04:00,21.9,1110.0,8.4,27.1
2026-08-05T23:45:00.000-04:00,22.3,1110.0,8.4,27.0
2026-08-06T00:00:00.000-04:00,21.2,1100.0,8.4,26.9
2026-08-06T00:15:00.000-04:00,20.8,1100.0,8.4,26.8
2026-08-06T00:30:00.000-04:00,21.0,1100.0,8.3,26.8
2026-08-06T00:45:00.000-04:00,21.0,1080.0,8.3,26.7
2026-08-06T01:15:00.000-04:00,20.3,1080.0,8.3,26.5
2026-08-06T01:30:00.000-04:00,20.1,1070.0,8.3,26.5
2026-08-06T01:45:00.000-04:00,19.2,1070.0,8.3,26.5
2026-08-06T02:00:00.000-04:00,19.3,1050.0,8.3,26.4
2026-08-06T02:15:00.000-04:00,18.8,1050.0,8.2,26.4
2026-08-06T02:30:00.000-04:00,19.7,1030.0,8.2,26.4
2026-08-06T02:45:00.000-04:00,19.8,1030.0,8.2,26.3
2026-08-06T03:00:00.000-04:00,19.2,1030.0,8.2,26.3
2026-08-06T03:15:00.000-04:00,18.9,1030.0,8.2,26.3
2026-08-06T03:30:00.000-04:00,19.0,1020.0,8.2,26.2
2026-08-06T03:45:00.000-04:00,19.1,1020.0,8.2,26.2
2026-08-06T04:00:00.000-04:00,19.3,1000.0,8.2,26.2
2026-08-06T04:15:00.000-04:00,19.7,1000.0,8.2,26.1
2026-08-06T04:30:00.000-04:00,18.6,1000.0,8.1,26.1
2026-08-06T04:45:00.000-04:00,18.9,989.0,8.1,26.1
2026-08-06T05:00:00.000-04:00,18.5,989.0,8.1,26.0
2026-08-06T05:15:00.000-04:00,24.2,989.0,8.1,26.0
2026-08-06T05:30:00.000-04:00,18.3,974.0,8.1,26.0
2026-08-06T05:45:00.000-04:00,18.3,974.0,8.1,26.0
2026-08-06T06:00:00.000-04:00,17.8,974.0,8.1,25.9
2026-08-06T06:15:00.000-04:00,18.8,974.0,8.1,25.9
2026-08-06T06:30:00.000-04:00,19.0,974.0,8.1,25.9
2026-08-06T06:45:00.000-04:00,18.6,974.0,8.1,25.9
2026-08-06T07:00:00.000-04:00,18.0,960.0,8.1,25.9
2026-08-06T07:15:00.000-04:00,18.0,960.0,8.1,25.8
2026-08-06T07:30:00.000-04:00,18.0,960.0,8.1,25.8
2026-08-06T07:45:00.000-04:00,17.3,960.0,8.1,25.8
2026-08-06T08:00:00.000-04:00,18.7,945.0,8.1,25.8
2026-08-06T08:15:00.000-04:00,16.6,945.0,8.2,25.9
2026-08-06T08:30:00.000-04:00,16.7,945.0,8.2,26.0
2026-08-06T08:45:00.000-04:00,16.8,960.0,8.3,26.1
2026-08-06T09:00:00.000-04:00,16.5,945.0,8.4,26.4
2026-08-06T09:15:00.000-04:00,16.2,945.0,8.4,26.6
2026-08-06T09:30:00.000-04:00,16.7,945.0,8.5,26.8
2026-08-06T10:00:00.000-04:00,17.2,930.0,8.6,27.3
2026-08-06T10:15:00.000-04:00,17.1,930.0,8.7,27.6
2026-08-06T10:30:00.000-04:00,16.7,916.0,8.7,27.9
2026-08-06T10:45:00.000-04:00,16.7,916.0,8.7,28.2
2026-08-06T11:48:00.000-04:00,15.1,916.0,8.8,29.4
2026-08-06T12:00:00.000-04:00,15.2,902.0,8.9,29.6
2026-08-06T12:15:00.000-04:00,15.4,902.0,8.9,29.9
2026-08-06T12:30:00.000-04:00,15.0,916.0,8.9,30.2
2026-08-06T12:45:00.000-04:00,15.1,902.0,9.0,30.4
2026-08-06T13:00:00.000-04:00,15.5,902.0,9.0,30.7
2026-08-06T13:15:00.000-04:00,15.1,902.0,9.0,30.3
2026-08-06T13:30:00.000-04:00,15.1,902.0,9.0,30.4
2026-08-06T13:45:00.000-04:00,15.4,902.0,9.0,30.1
2026-08-06T14:00:00.000-04:00,15.9,916.0,9.0,29.8
2026-08-06T14:15:00.000-04:00,16.0,902.0,9.0,29.7
2026-08-06T14:30:00.000-04:00,16.3,902.0,9.0,29.6
2026-08-06T14:45:00.000-04:00,16.4,902.0,9.0,29.5
2026-08-06T15:00:00.000-04:00,16.9,902.0,9.0,29.3
2026-08-06T15:15:00.000-04:00,18.7,887.0,9.0,29.1
2026-08-06T15:30:00.000-04:00,17.9,887.0,9.0,28.8
2026-08-06T15:45:00.000-04:00,18.0,902.0,9.0,28.7
2026-08-06T16:00:00.000-04:00,18.6,902.0,9.0,28.6
2026-08-06T16:15:00.000-04:00,18.7,902.0,9.0,28.4
2026-08-06T16:30:00.000-04:00,18.5,902.0,8.9,28.2
2026-08-06T16:45:00.000-04:00,19.2,916.0,8.9,28.0
2026-08-06T17:00:00.000-04:00,20.0,916.0,8.9,27.8
2026-08-06T17:15:00.000-04:00,19.8,902.0,8.9,27.7
2026-08-06T17:30:00.000-04:00,19.7,902.0,8.9,27.6
2026-08-06T17:45:00.000-04:00,20.1,902.0,8.9,27.5
2026-08-06T18:00:00.000-04:00,20.0,902.0,8.9,27.4
2026-08-06T18:15:00.000-04:00,19.6,902.0,8.9,27.3
2026-08-06T18:30:00.000-04:00,19.8,902.0,8.9,27.3
2026-08-06T18:45:00.000-04:00,19.9,887.0,8.8,27.2
2026-08-06T19:00:00.000-04:00,19.8,902.0,8.8,27.1
2026-08-06T19:15:00.000-04:00,19.6,887.0,8.8,27.1
2026-08-06T19:30:00.000-04:00,20.0,887.0,8.8,27.0
2026-08-06T19:45:00.000-04:00,20.0,887.0,8.8,27.0
2026-08-06T20:00:00.000-04:00,20.0,887.0,8.7,26.9
2026-08-06T20:15:00.000-04:00,20.3,887.0,8.7,26.8
2026-08-06T20:30:00.000-04:00,21.3,902.0,8.7,26.7
2026-08-06T20:45:00.000-04:00,20.8,902.0,8.7,26.7
2026-08-06T21:00:00.000-04:00,20.6,902.0,8.6,26.6
2026-08-06T21:15:00.000-04:00,20.6,902.0,8.6,26.5
2026-08-06T21:30:00.000-04:00,20.6,902.0,8.6,26.5
2026-08-06T21:45:00.000-04:00,19.9,902.0,8.6,26.4
2026-08-06T22:00:00.000-04:00,20.0,902.0,8.5,26.4
2026-08-06T22:15:00.000-04:00,20.0,916.0,8.5,26.3
2026-08-06T22:30:00.000-04:00,19.3,916.0,8.5,26.3
2026-08-06T22:45:00.000-04:00,18.4,916.0,8.4,26.3
2026-08-06T23:00:00.000-04:00,17.7,930.0,8.4,26.3
2026-08-06T23:15:00.000-04:00,17.7,930.0,8.4,26.3
2026-08-06T23:30:00.000-04:00,17.3,930.0,8.4,26.2
2026-08-06T23:45:00.000-04:00,17.3,930.0,8.4,26.2
2026-08-07T00:00:00.000-04:00,16.7,930.0,8.3,26.2
2026-08-07T00:15:00.000-04:00,16.6,930.0,8.3,26.2
2026-08-07T00:30:00.000-04:00,16.5,916.0,8.3,26.2
2026-08-07T00:45:00.000-04:00,16.6,916.0,8.3,26.1
2026-08-07T01:00:00.000-04:00,16.6,916.0,8.3,26.1
2026-08-07T01:15:00.000-04:00,16.9,902.0,8.2,26.1
2026-08-07T01:30:00.000-04:00,16.2,902.0,8.2,26.1
2026-08-07T01:45:00.000-04:00,16.5,902.0,8.2,26.1
2026-08-07T02:15:00.000-04:00,16.8,902.0,8.2,26.0
2026-08-07T02:30:00.000-04:00,17.4,887.0,8.2,26.0
2026-08-07T02:45:00.000-04:00,16.9,887.0,8.2,26.0
2026-08-07T03:00:00.000-04:00,16.4,887.0,8.2,26.0
2026-08-07T03:15:00.000-04:00,16.6,887.0,8.2,26.0
2026-08-07T03:30:00.000-04:00,16.5,873.0,8.2,25.9
2026-08-07T03:45:00.000-04:00,16.4,873.0,8.2,25.9
2026-08-07T04:00:00.000-04:00,16.4,873.0,8.2,25.9
2026-08-07T04:15:00.000-04:00,16.2,873.0,8.2,25.9
2026-08-07T04:30:00.000-04:00,16.1,873.0,8.2,25.8
2026-08-07T04:45:00.000-04:00,16.6,859.0,8.2,25.8
2026-08-07T05:00:00.000-04:00,16.4,873.0,8.1,25.8
2026-08-07T05:15:00.000-04:00,16.3,859.0,8.1,25.7
2026-08-07T05:30:00.000-04:00,16.6,859.0,8.1,25.7
2026-08-07T05:45:00.000-04:00,16.6,859.0,8.1,25.7
2026-08-07T06:00:00.000-04:00,16.9,859.0,8.1,25.7
2026-08-07T06:15:00.000-04:00,17.6,859.0,8.1,25.7
2026-08-07T06:30:00.000-04:00,17.4,846.0,8.1,25.7
2026-08-07T06:45:00.000-04:00,16.9,846.0,8.1,25.7
2026-08-07T07:00:00.000-04:00,17.0,832.0,8.1,25.6
2026-08-07T07:15:00.000-04:00,16.5,846.0,8.1,25.7
2026-08-07T07:30:00.000-04:00,15.7,832.0,8.1,25.7
2026-08-07T07:45:00.000-04:00,15.9,832.0,8.1,25.7
2026-08-07T08:00:00.000-04:00,15.5,832.0,8.2,25.7
2026-08-07T08:15:00.000-04:00,16.1,832.0,8.2,25.8
2026-08-07T08:30:00.000-04:00,15.7,832.0,8.3,25.8
2026-08-07T08:45:00.000-04:00,15.5,832.0,8.4,25.9
2026-08-07T09:00:00.000-04:00,15.3,832.0,8.4,25.9
2026-08-07T09:15:00.000-04:00,15.6,818.0,8.5,26.0
2026-08-07T09:30:00.000-04:00,15.7,818.0,8.5,26.3
2026-08-07T09:45:00.000-04:00,15.8,832.0,8.6,26.5
2026-08-07T10:00:00.000-04:00,15.5,832.0,8.7,26.7
2026-08-07T10:15:00.000-04:00,15.9,832.0,8.7,26.9
2026-08-07T10:30:00.000-04:00,15.8,832.0,8.8,27.1
2026-08-07T10:45:00.000-04:00,16.0,832.0,8.8,27.2
2026-08-07T11:00:00.000-04:00,16.2,832.0,8.8,27.4
2026-08-07T11:15:00.000-04:00,16.1,818.0,8.9,27.5
2026-08-07T11:30:00.000-04:00,16.0,818.0,8.9,27.6
2026-08-07T11:45:00.000-04:00,16.0,832.0,8.9,27.7
2026-08-07T12:00:00.000-04:00,16.5,818.0,9.0,27.8
2026-08-07T12:15:00.000-04:00,16.2,818.0,9.0,28.0
2026-08-07T12:30:00.000-04:00,16.2,818.0,9.0,28.1
2026-08-07T12:45:00.000-04:00,16.3,818.0,9.0,28.2
2026-08-07T13:00:00.000-04:00,15.9,818.0,9.0,28.3
2026-08-07T13:15:00.000-04:00,16.4,818.0,9.0,28.5
2026-08-07T13:30:00.000-04:00,16.2,805.0,9.1,28.7
2026-08-07T13:45:00.000-04:00,16.2,805.0,9.1,29.1
2026-08-07T14:00:00.000-04:00,16.7,818.0,9.1,29.6
2026-08-07T14:15:00.000-04:00,14.9,805.0,9.1,29.7
2026-08-07T14:30:00.000-04:00,17.3,805.0,9.1,30.0
2026-08-07T14:45:00.000-04:00,17.0,818.0,9.2,30.3
2026-08-07T15:00:00.000-04:00,17.2,818.0,9.2,30.4
2026-08-07T15:15:00.000-04:00,17.2,818.0,9.2,30.6
2026-08-07T15:30:00.000-04:00,17.5,818.0,9.3,30.8
2026-08-07T15:45:00.000-04:00,18.1,818.0,9.3,30.8
2026-08-07T16:00:00.000-04:00,18.0,832.0,9.3,30.8
2026-08-07T16:15:00.000-04:00,18.4,832.0,9.3,30.7
2026-08-07T16:30:00.000-04:00,18.1,832.0,9.3,30.4
2026-08-07T16:45:00.000-04:00,18.5,832.0,9.3,30.5
2026-08-07T17:00:00.000-04:00,20.0,846.0,9.3,30.4
2026-08-07T17:15:00.000-04:00,19.2,832.0,9.3,30.3
2026-08-07T17:30:00.000-04:00,18.5,846.0,9.3,30.1
2026-08-07T17:45:00.000-04:00,19.7,846.0,9.3,29.9
2026-08-07T18:00:00.000-04:00,19.2,846.0,9.3,29.9
2026-08-07T18:15:00.000-04:00,19.6,846.0,9.3,29.9
2026-08-07T18:30:00.000-04:00,19.6,846.0,9.3,29.8
2026-08-07T18:45:00.000-04:00,20.1,859.0,9.3,29.7
2026-08-07T19:00:00.000-04:00,21.2,859.0,9.3,29.6
2026-08-07T19:15:00.000-04:00,20.5,846.0,9.2,29.6
2026-08-07T19:30:00.000-04:00,19.8,846.0,9.2,29.5
2026-08-07T19:45:00.000-04:00,20.0,859.0,9.2,29.4
2026-08-07T20:00:00.000-04:00,20.0,846.0,9.2,29.3
2026-08-07T20:15:00.000-04:00,24.7,859.0,9.2,29.2
2026-08-07T20:30:00.000-04:00,20.2,859.0,9.1,29.1
2026-08-07T20:45:00.000-04:00,20.3,846.0,9.1,29.0
2026-08-07T21:00:00.000-04:00,19.9,846.0,9.0,28.8
2026-08-07T21:15:00.000-04:00,20.2,859.0,9.0,28.7
2026-08-07T21:30:00.000-04:00,19.7,846.0,9.0,28.5
2026-08-07T21:45:00.000-04:00,19.7,859.0,8.9,28.4
2026-08-07T22:00:00.000-04:00,20.1,859.0,8.9,28.3
2026-08-07T22:15:00.000-04:00,19.4,859.0,8.9,28.1
2026-08-07T22:30:00.000-04:00,19.4,859.0,8.8,28.0
2026-08-07T22:45:00.000-04:00,19.6,859.0,8.8,27.9
2026-08-07T23:00:00.000-04:00,19.9,859.0,8.8,27.8
2026-08-07T23:15:00.000-04:00,19.2,859.0,8.7,27.7
2026-08-07T23:30:00.000-04:00,19.0,859.0,8.7,27.5
2026-08-07T23:45:00.000-04:00,18.7,859.0,8.7,27.4
2026-08-08T00:00:00.000-04:00,17.9,873.0,8.6,27.4
2026-08-08T00:15:00.000-04:00,17.9,873.0,8.6,27.3
2026-08-08T00:30:00.000-04:00,18.2,873.0,8.6,27.2
2026-08-08T00:45:00.000-04:00,17.4,859.0,8.6,27.1
2026-08-08T01:00:00.000-04:00,17.7,859.0,8.6,27.0
2026-08-08T01:15:00.000-04:00,17.3,859.0,8.5,26.9
2026-08-08T01:30:00.000-04:00,17.4,859.0,8.5,26.8
2026-08-08T01:45:00.000-04:00,17.2,846.0,8.5,26.7
2026-08-08T02:00:00.000-04:00,16.8,846.0,8.5,26.7
2026-08-08T02:15:00.000-04:00,16.5,846.0,8.4,26.6
2026-08-08T02:30:00.000-04:00,16.6,832.0,8.4,26.5
2026-08-08T02:45:00.000-04:00,16.1,832.0,8.4,26.5
2026-08-08T03:00:00.000-04:00,16.1,832.0,8.4,26.4
2026-08-08T03:15:00.000-04:00,15.8,818.0,8.4,26.4
2026-08-08T03:30:00.000-04:00,16.1,818.0,8.4,26.3
2026-08-08T03:45:00.000-04:00,15.7,805.0,8.4,26.2
2026-08-08T04:00:00.000-04:00,15.7,805.0,8.3,26.2
2026-08-08T04:15:00.000-04:00,15.9,805.0,8.3,26.1
2026-08-08T04:30:00.000-04:00,16.1,791.0,8.3,26.0
2026-08-08T04:45:00.000-04:00,16.1,791.0,8.3,26.0
2026-08-08T05:00:00.000-04:00,15.7,791.0,8.3,25.9
2026-08-08T05:15:00.000-04:00,15.9,778.0,8.2,25.9
2026-08-08T05:30:00.000-04:00,16.4,778.0,8.2,25.8
2026-08-08T05:45:00.000-04:00,16.3,778.0,8.2,25.8
2026-08-08T06:00:00.000-04:00,16.0,765.0,8.2,25.7
2026-08-08T06:15:00.000-04:00,17.1,765.0,8.2,25.6
2026-08-08T06:30:00.000-04:00,16.8,765.0,8.2,25.6
2026-08-08T06:45:00.000-04:00,16.0,752.0,8.2,25.6
2026-08-08T07:00:00.000-04:00,15.7,765.0,8.2,25.5
2026-08-08T07:15:00.000-04:00,15.6,752.0,8.2,25.5
2026-08-08T07:30:00.000-04:00,15.2,752.0,8.2,25.5
2026-08-08T07:45:00.000-04:00,15.6,752.0,8.2,25.5
2026-08-08T08:00:00.000-04:00,15.1,752.0,8.2,25.5
2026-08-08T08:15:00.000-04:00,15.3,739.0,8.3,25.6
2026-08-08T08:30:00.000-04:00,15.4,739.0,8.4,25.7
2026-08-08T08:45:00.000-04:00,15.5,752.0,8.4,25.8
2026-08-08T09:00:00.000-04:00,15.2,739.0,8.5,26.0
2026-08-08T09:15:00.000-04:00,15.6,739.0,8.6,26.2
2026-08-08T09:30:00.000-04:00,15.4,739.0,8.6,26.4
2026-08-08T09:45:00.000-04:00,15.8,739.0,8.6,26.6
2026-08-08T10:00:00.000-04:00,15.3,739.0,8.7,27.0
2026-08-08T10:15:00.000-04:00,15.5,726.0,8.8,27.2
2026-08-08T10:30:00.000-04:00,15.5,726.0,8.8,27.6
2026-08-08T10:45:00.000-04:00,15.5,726.0,8.8,28.0
2026-08-08T11:00:00.000-04:00,15.2,713.0,8.8,28.4
2026-08-08T11:15:00.000-04:00,15.8,713.0,8.9,28.7
2026-08-08T11:30:00.000-04:00,15.6,713.0,8.9,29.0
2026-08-08T11:45:00.000-04:00,15.1,713.0,8.9,29.3
2026-08-08T12:00:00.000-04:00,15.7,713.0,8.9,29.5
2026-08-08T12:15:00.000-04:00,15.2,701.0,9.0,29.8
2026-08-08T12:30:00.000-04:00,15.2,701.0,9.0,30.1
2026-08-08T12:45:00.000-04:00,15.8,701.0,9.0,30.2
2026-08-08T13:00:00.000-04:00,15.9,701.0,9.0,30.0
2026-08-08T13:15:00.000-04:00,15.8,701.0,9.0,30.6
2026-08-08T13:30:00.000-04:00,16.1,688.0,9.0,30.9
2026-08-08T13:45:00.000-04:00,16.0,688.0,9.0,31.1
2026-08-08T14:00:00.000-04:00,15.8,688.0,9.0,31.5
2026-08-08T14:15:00.000-04:00,16.1,676.0,9.1,31.7
2026-08-08T14:30:00.000-04:00,16.1,688.0,9.1,32.0
2026-08-08T14:45:00.000-04:00,16.1,688.0,9.1,32.0
2026-08-08T15:00:00.000-04:00,16.3,688.0,9.1,32.0
2026-08-08T15:15:00.000-04:00,16.5,688.0,9.1,32.0
2026-08-08T15:30:00.000-04:00,16.6,688.0,9.1,32.3
2026-08-08T15:45:00.000-04:00,16.8,688.0,9.1,32.1
2026-08-08T16:00:00.000-04:00,17.1,676.0,9.1,32.2
2026-08-08T16:15:00.000-04:00,17.5,676.0,9.1,32.1
2026-08-08T16:30:00.000-04:00,18.6,688.0,9.1,32.0
2026-08-08T16:45:00.000-04:00,18.3,688.0,9.1,32.0
2026-08-08T17:00:00.000-04:00,17.9,676.0,9.1,31.8
2026-08-08T17:15:00.000-04:00,17.9,688.0,9.1,31.5
2026-08-08T17:30:00.000-04:00,18.1,688.0,9.1,31.3
2026-08-08T17:45:00.000-04:00,18.6,688.0,9.1,31.0
2026-08-08T18:00:00.000-04:00,18.1,688.0,9.1,30.8
2026-08-08T18:15:00.000-04:00,17.9,688.0,9.1,30.6
2026-08-08T18:30:00.000-04:00,18.1,688.0,9.1,30.4
2026-08-08T18:45:00.000-04:00,18.0,688.0,9.1,30.1
2026-08-08T19:00:00.000-04:00,18.0,688.0,9.1,29.9
2026-08-08T19:15:00.000-04:00,18.2,688.0,9.1,29.7
2026-08-08T19:30:00.000-04:00,18.3,688.0,9.0,29.5
2026-08-08T19:45:00.000-04:00,18.3,701.0,9.0,29.3
2026-08-08T20:00:00.000-04:00,19.0,688.0,9.0,29.2
2026-08-08T20:15:00.000-04:00,18.9,688.0,9.0,29.0
2026-08-08T20:30:00.000-04:00,19.1,688.0,9.0,28.8
2026-08-08T20:45:00.000-04:00,19.6,688.0,8.9,28.6
2026-08-08T21:00:00.000-04:00,20.9,688.0,8.9,28.5
2026-08-08T21:15:00.000-04:00,19.8,688.0,8.9,28.3
2026-08-08T21:30:00.000-04:00,19.2,676.0,8.8,28.2
2026-08-08T21:45:00.000-04:00,19.3,688.0,8.8,28.0
2026-08-08T22:00:00.000-04:00,19.0,688.0,8.8,27.8
2026-08-08T22:15:00.000-04:00,19.3,688.0,8.8,27.7
2026-08-08T22:30:00.000-04:00,18.6,688.0,8.7,27.5
2026-08-08T22:45:00.000-04:00,17.2,688.0,8.7,27.3
2026-08-08T23:00:00.000-04:00,18.6,688.0,8.6,27.2
2026-08-08T23:15:00.000-04:00,17.9,676.0,8.6,27.0
2026-08-08T23:30:00.000-04:00,17.1,688.0,8.6,26.9
2026-08-08T23:45:00.000-04:00,17.7,676.0,8.6,26.8
2026-08-09T00:00:00.000-04:00,17.5,676.0,8.5,26.6
2026-08-09T00:15:00.000-04:00,17.3,676.0,8.5,26.5
2026-08-09T00:30:00.000-04:00,17.5,664.0,8.5,26.4
2026-08-09T00:45:00.000-04:00,16.8,651.0,8.5,26.3
2026-08-09T01:00:00.000-04:00,16.8,651.0,8.4,26.2
2026-08-09T01:15:00.000-04:00,17.1,639.0,8.4,26.1
2026-08-09T01:30:00.000-04:00,16.4,628.0,8.4,26.0
2026-08-09T01:45:00.000-04:00,16.0,628.0,8.4,25.9
2026-08-09T02:00:00.000-04:00,15.9,616.0,8.4,25.8
2026-08-09T02:15:00.000-04:00,16.1,604.0,8.3,25.7
2026-08-09T02:30:00.000-04:00,16.0,592.0,8.3,25.6
2026-08-09T02:45:00.000-04:00,15.1,592.0,8.3,25.4
2026-08-09T03:00:00.000-04:00,15.1,581.0,8.3,25.3
2026-08-09T03:15:00.000-04:00,14.9,570.0,8.2,25.2
2026-08-09T03:30:00.000-04:00,14.7,558.0,8.2,25.2
2026-08-09T03:45:00.000-04:00,14.4,558.0,8.2,25.1
2026-08-09T04:00:00.000-04:00,14.9,547.0,8.2,25.0
2026-08-09T04:15:00.000-04:00,14.6,536.0,8.2,24.9
2026-08-09T04:30:00.000-04:00,14.5,536.0,8.1,24.8
2026-08-09T04:45:00.000-04:00,14.7,525.0,8.1,24.7
2026-08-09T05:00:00.000-04:00,14.1,525.0,8.1,24.6
2026-08-09T05:15:00.000-04:00,14.3,515.0,8.1,24.6
2026-08-09T05:30:00.000-04:00,13.8,515.0,8.0,24.5
2026-08-09T05:45:00.000-04:00,13.8,504.0,8.0,24.4
2026-08-09T06:00:00.000-04:00,14.0,493.0,8.0,24.2
2026-08-09T06:15:00.000-04:00,14.8,493.0,8.0,24.2
2026-08-09T06:30:00.000-04:00,13.8,493.0,8.0,24.1
2026-08-09T06:45:00.000-04:00,13.1,483.0,8.0,24.0
2026-08-09T07:00:00.000-04:00,13.0,473.0,8.0,24.0
2026-08-09T07:15:00.000-04:00,13.0,473.0,8.0,24.0
2026-08-09T07:30:00.000-04:00,12.8,473.0,8.0,23.9
2026-08-09T07:45:00.000-04:00,12.7,463.0,8.1,24.0
2026-08-09T08:00:00.000-04:00,12.5,463.0,8.1,24.0
2026-08-09T08:15:00.000-04:00,12.9,453.0,8.2,24.1
2026-08-09T08:30:00.000-04:00,12.9,453.0,8.2,24.1
2026-08-09T08:45:00.000-04:00,12.6,453.0,8.3,24.2
2026-08-09T09:00:00.000-04:00,13.2,453.0,8.4,24.5
2026-08-09T09:15:00.000-04:00,12.9,453.0,8.4,24.8
2026-08-09T09:30:00.000-04:00,13.3,443.0,8.5,25.1
2026-08-09T09:45:00.000-04:00,13.1,443.0,8.6,25.5
2026-08-09T10:00:00.000-04:00,12.8,443.0,8.6,25.9
2026-08-09T10:15:00.000-04:00,12.9,443.0,8.7,26.3
2026-08-09T10:30:00.000-04:00,12.7,453.0,8.7,26.7
2026-08-09T10:45:00.000-04:00,13.5,443.0,8.8,27.1
2026-08-09T11:00:00.000-04:00,13.6,443.0,8.8,27.6
2026-08-09T11:15:00.000-04:00,13.4,453.0,8.9,28.0
2026-08-09T11:30:00.000-04:00,13.8,453.0,8.9,28.4
2026-08-09T11:45:00.000-04:00,14.4,453.0,8.9,28.8
2026-08-09T12:00:00.000-04:00,13.4,453.0,8.9,29.3
2026-08-09T12:15:00.000-04:00,13.8,453.0,9.0,29.6
2026-08-09T12:30:00.000-04:00,13.9,453.0,9.0,30.0
2026-08-09T12:45:00.000-04:00,13.6,453.0,9.0,30.5
2026-08-09T13:00:00.000-04:00,14.1,463.0,9.0,30.7
2026-08-09T13:15:00.000-04:00,14.1,463.0,9.0,31.1
2026-08-09T13:30:00.000-04:00,14.4,463.0,9.0,31.3
2026-08-09T13:45:00.000-04:00,14.3,463.0,9.1,31.7
2026-08-09T14:00:00.000-04:00,14.2,463.0,9.1,31.7
2026-08-09T14:15:00.000-04:00,14.3,473.0,9.1,31.9
2026-08-09T14:30:00.000-04:00,14.7,473.0,9.1,32.0
2026-08-09T14:45:00.000-04:00,14.7,483.0,9.1,32.4
2026-08-09T15:00:00.000-04:00,14.6,473.0,9.1,32.5
2026-08-09T15:15:00.000-04:00,14.5,473.0,9.1,32.6
2026-08-09T15:30:00.000-04:00,15.3,473.0,9.1,32.6
2026-08-09T15:45:00.000-04:00,15.4,483.0,9.2,32.7
2026-08-09T16:00:00.000-04:00,15.2,473.0,9.2,32.6
2026-08-09T16:15:00.000-04:00,15.0,483.0,9.2,32.6
2026-08-09T16:30:00.000-04:00,15.5,483.0,9.2,32.6
2026-08-09T16:45:00.000-04:00,15.4,483.0,9.2,32.5
2026-08-09T17:00:00.000-04:00,15.2,493.0,9.2,32.2
2026-08-09T17:15:00.000-04:00,15.6,493.0,9.2,31.9
2026-08-09T17:30:00.000-04:00,15.6,493.0,9.2,31.6
2026-08-09T17:45:00.000-04:00,15.7,493.0,9.1,31.4
2026-08-09T18:00:00.000-04:00,15.2,493.0,9.1,31.3
2026-08-09T18:15:00.000-04:00,15.7,493.0,9.1,31.2
2026-08-09T18:30:00.000-04:00,15.2,493.0,9.1,31.0
2026-08-09T18:45:00.000-04:00,15.0,493.0,9.1,30.8
2026-08-09T19:00:00.000-04:00,15.3,493.0,9.0,30.7
2026-08-09T19:15:00.000-04:00,15.8,493.0,9.0,30.5
2026-08-09T19:30:00.000-04:00,15.4,493.0,8.9,30.3
2026-08-09T19:45:00.000-04:00,15.9,504.0,8.9,30.1
2026-08-09T20:00:00.000-04:00,16.0,493.0,8.9,30.0
2026-08-09T20:15:00.000-04:00,16.3,504.0,8.8,29.8
2026-08-09T20:30:00.000-04:00,16.3,504.0,8.8,29.2
2026-08-09T20:45:00.000-04:00,39.5,592.0,8.6,27.7
2026-08-09T21:00:00.000-04:00,31.2,628.0,8.4,26.8
2026-08-09T21:15:00.000-04:00,25.4,651.0,8.5,27.2
2026-08-09T21:30:00.000-04:00,25.8,688.0,8.4,26.8
2026-08-09T21:45:00.000-04:00,21.2,639.0,8.4,26.8
2026-08-09T22:00:00.000-04:00,19.7,628.0,8.4,26.9
2026-08-09T22:15:00.000-04:00,18.8,639.0,8.4,26.8
2026-08-09T22:30:00.000-04:00,18.6,639.0,8.4,26.7
2026-08-09T22:45:00.000-04:00,19.0,639.0,8.4,26.6
2026-08-09T23:00:00.000-04:00,18.7,628.0,8.3,26.5
2026-08-09T23:15:00.000-04:00,19.2,628.0,8.3,26.4
2026-08-09T23:30:00.000-04:00,18.5,616.0,8.3,26.4
2026-08-09T23:45:00.000-04:00,17.9,616.0,8.3,26.3
2026-08-10T00:00:00.000-04:00,17.6,628.0,8.3,26.2
2026-08-10T00:15:00.000-04:00,17.1,628.0,8.2,26.1
2026-08-10T00:30:00.000-04:00,17.1,639.0,8.2,26.1
2026-08-10T00:45:00.000-04:00,17.0,651.0,8.1,26.0
2026-08-10T01:00:00.000-04:00,17.1,664.0,8.2,26.0
2026-08-10T01:15:00.000-04:00,17.1,676.0,8.1,26.0
2026-08-10T01:30:00.000-04:00,17.3,701.0,8.1,26.0
2026-08-10T01:45:00.000-04:00,17.2,701.0,8.1,26.0
2026-08-10T02:00:00.000-04:00,17.3,713.0,8.1,25.9
2026-08-10T02:15:00.000-04:00,17.4,726.0,8.0,25.8
2026-08-10T02:30:00.000-04:00,17.4,739.0,8.0,25.8
2026-08-10T02:45:00.000-04:00,17.9,739.0,8.0,25.9
2026-08-10T03:00:00.000-04:00,17.8,752.0,8.0,25.8
2026-08-10T03:15:00.000-04:00,17.6,752.0,8.0,25.8
2026-08-10T03:30:00.000-04:00,17.5,765.0,8.0,25.8
2026-08-10T03:45:00.000-04:00,17.8,765.0,8.0,25.8
2026-08-10T04:00:00.000-04:00,18.0,765.0,8.0,25.7
2026-08-10T04:15:00.000-04:00,18.2,778.0,7.9,25.7
2026-08-10T04:30:00.000-04:00,17.8,778.0,7.9,25.7
2026-08-10T04:45:00.000-04:00,18.3,791.0,7.9,25.7
2026-08-10T05:00:00.000-04:00,19.0,791.0,7.9,25.7
2026-08-10T05:15:00.000-04:00,18.9,805.0,7.9,25.7
2026-08-10T05:30:00.000-04:00,19.0,818.0,7.9,25.8
2026-08-10T05:45:00.000-04:00,18.6,818.0,7.8,25.8
2026-08-10T06:00:00.000-04:00,18.9,818.0,7.8,25.8
2026-08-10T06:15:00.000-04:00,19.2,832.0,7.8,25.8
2026-08-10T06:30:00.000-04:00,19.3,846.0,7.8,25.8
2026-08-10T06:45:00.000-04:00,19.7,859.0,7.8,25.8
2026-08-10T07:00:00.000-04:00,20.4,873.0,7.8,25.7
2026-08-10T07:15:00.000-04:00,21.5,902.0,7.8,25.6
2026-08-10T07:30:00.000-04:00,20.8,902.0,7.7,25.5
2026-08-10T07:45:00.000-04:00,19.5,902.0,7.7,25.5
2026-08-10T08:00:00.000-04:00,19.7,902.0,7.7,25.4
2026-08-10T08:15:00.000-04:00,19.7,916.0,7.8,25.5
2026-08-10T08:30:00.000-04:00,20.0,945.0,7.8,25.6
2026-08-10T08:45:00.000-04:00,20.8,974.0,7.8,25.6
2026-08-10T09:00:00.000-04:00,21.0,1000.0,7.8,25.6
2026-08-10T09:15:00.000-04:00,21.8,1030.0,7.8,25.7
2026-08-10T09:30:00.000-04:00,21.2,1050.0,7.8,25.7
2026-08-10T09:45:00.000-04:00,21.4,1070.0,7.8,25.7
2026-08-10T10:00:00.000-04:00,21.9,1080.0,7.8,25.7
2026-08-10T10:15:00.000-04:00,22.1,1110.0,7.8,25.7
2026-08-10T10:30:00.000-04:00,22.4,1130.0,7.9,25.8
2026-08-10T10:45:00.000-04:00,22.8,1180.0,8.0,26.0
2026-08-10T11:00:00.000-04:00,23.6,1190.0,8.1,26.3
2026-08-10T11:15:00.000-04:00,24.5,1210.0,8.2,26.6
2026-08-10T11:30:00.000-04:00,25.3,1230.0,8.3,26.9
2026-08-10T11:45:00.000-04:00,26.2,1260.0,8.3,27.3
2026-08-10T12:00:00.000-04:00,26.9,1280.0,8.4,27.6
2026-08-10T12:15:00.000-04:00,27.6,1290.0,8.4,28.0
2026-08-10T12:30:00.000-04:00,28.1,1330.0,8.5,28.2
2026-08-10T12:45:00.000-04:00,29.1,1330.0,8.5,28.5
2026-08-10T13:00:00.000-04:00,29.8,1360.0,8.6,28.7
2026-08-10T13:15:00.000-04:00,31.7,1380.0,8.6,28.9
2026-08-10T13:30:00.000-04:00,32.1,1410.0,8.6,29.0
2026-08-10T13:45:00.000-04:00,32.8,1430.0,8.6,29.0
2026-08-10T14:00:00.000-04:00,32.4,1470.0,8.7,29.0
2026-08-10T14:15:00.000-04:00,33.1,1490.0,8.7,29.0
2026-08-10T14:30:00.000-04:00,34.1,1520.0,8.7,29.1
2026-08-10T14:45:00.000-04:00,36.4,1560.0,8.7,29.2
2026-08-10T15:00:00.000-04:00,35.9,1580.0,8.7,29.2
2026-08-10T15:15:00.000-04:00,36.4,1620.0,8.7,29.0
2026-08-10T15:30:00.000-04:00,37.5,1650.0,8.7,29.1
2026-08-10T15:45:00.000-04:00,38.1,1690.0,8.7,29.1
2026-08-10T16:00:00.000-04:00,39.7,1730.0,8.7,29.0
2026-08-10T16:15:00.000-04:00,38.6,1790.0,8.7,29.0
2026-08-10T16:30:00.000-04:00,40.3,1830.0,8.7,29.0
2026-08-10T16:45:00.000-04:00,40.4,1870.0,8.7,28.9
2026-08-10T17:00:00.000-04:00,40.5,1910.0,8.7,28.8
2026-08-10T17:15:00.000-04:00,41.1,1960.0,8.7,28.8
2026-08-10T17:30:00.000-04:00,42.3,2000.0,8.7,28.7
2026-08-10T17:45:00.000-04:00,41.7,2040.0,8.7,28.6
2026-08-10T18:00:00.000-04:00,41.1,2080.0,8.7,28.6
2026-08-10T18:15:00.000-04:00,41.5,2110.0,8.7,28.5
2026-08-10T18:30:00.000-04:00,41.3,2130.0,8.7,28.4
2026-08-10T18:45:00.000-04:00,40.2,2170.0,8.7,28.4
2026-08-10T19:00:00.000-04:00,40.9,2190.0,8.7,28.3
2026-08-10T19:15:00.000-04:00,41.0,2220.0,8.7,28.2
2026-08-10T19:30:00.000-04:00,40.2,2240.0,8.7,28.1
2026-08-10T19:45:00.000-04:00,40.6,2240.0,8.6,28.1
2026-08-10T20:00:00.000-04:00,40.3,2280.0,8.6,28.0
2026-08-10T20:15:00.000-04:00,39.9,2280.0,8.6,27.9
2026-08-10T20:30:00.000-04:00,39.0,2330.0,8.6,27.8
2026-08-10T20:45:00.000-04:00,38.9,2350.0,8.6,27.8
2026-08-10T21:00:00.000-04:00,38.0,2350.0,8.6,27.7
2026-08-10T21:15:00.000-04:00,37.9,2400.0,8.5,27.7
2026-08-10T21:30:00.000-04:00,37.9,2420.0,8.5,27.6
2026-08-10T21:45:00.000-04:00,40.5,2420.0,8.5,27.6
2026-08-10T22:00:00.000-04:00,38.9,2440.0,8.4,27.5
2026-08-10T22:15:00.000-04:00,38.1,2440.0,8.4,27.5
2026-08-10T22:30:00.000-04:00,36.9,2470.0,8.4,27.4
2026-08-10T22:45:00.000-04:00,36.1,2490.0,8.4,27.4
2026-08-10T23:00:00.000-04:00,37.0,2490.0,8.3,27.4
2026-08-10T23:15:00.000-04:00,35.9,2510.0,8.3,27.4
2026-08-10T23:30:00.000-04:00,34.6,2560.0,8.3,27.4
2026-08-10T23:45:00.000-04:00,34.7,2610.0,8.3,27.4
2026-08-11T00:00:00.000-04:00,34.8,2640.0,8.3,27.3
2026-08-11T00:15:00.000-04:00,35.1,2610.0,8.3,27.3
2026-08-11T00:30:00.000-04:00,34.4,2640.0,8.3,27.2
2026-08-11T00:45:00.000-04:00,35.4,2660.0,8.3,27.2
2026-08-11T01:00:00.000-04:00,35.0,2680.0,8.3,27.2
2026-08-11T01:15:00.000-04:00,34.6,2680.0,8.3,27.2
2026-08-11T01:30:00.000-04:00,33.8,2730.0,8.3,27.2
2026-08-11T01:45:00.000-04:00,34.3,2760.0,8.3,27.3
2026-08-11T02:00:00.000-04:00,33.9,2780.0,8.3,27.3
2026-08-11T02:15:00.000-04:00,33.2,2830.0,8.3,27.3
2026-08-11T02:30:00.000-04:00,33.8,2880.0,8.3,27.3
2026-08-11T02:45:00.000-04:00,33.1,2910.0,8.3,27.3
2026-08-11T03:00:00.000-04:00,33.4,2940.0,8.3,27.3
2026-08-11T03:15:00.000-04:00,32.4,2960.0,8.3,27.3
2026-08-11T03:30:00.000-04:00,32.5,2960.0,8.2,27.3
2026-08-11T03:45:00.000-04:00,31.7,2960.0,8.2,27.3
2026-08-11T04:00:00.000-04:00,31.8,2960.0,8.2,27.3
2026-08-11T04:15:00.000-04:00,31.3,2940.0,8.2,27.2
2026-08-11T04:30:00.000-04:00,31.3,2940.0,8.2,27.2
2026-08-11T04:45:00.000-04:00,31.0,2940.0,8.1,27.2
2026-08-11T05:00:00.000-04:00,29.4,2880.0,8.1,27.2
2026-08-11T05:15:00.000-04:00,28.9,2860.0,8.1,27.2
2026-08-11T05:30:00.000-04:00,28.2,2880.0,8.0,27.1
2026-08-11T05:45:00.000-04:00,29.2,2910.0,8.0,26.9
2026-08-11T06:00:00.000-04:00,28.8,2990.0,8.0,26.9
2026-08-11T06:15:00.000-04:00,28.2,2960.0,8.0,26.8
2026-08-11T06:30:00.000-04:00,28.8,2990.0,8.0,26.8
2026-08-11T06:45:00.000-04:00,30.2,2880.0,8.0,26.7
2026-08-11T07:00:00.000-04:00,29.2,2880.0,7.9,26.7
2026-08-11T07:15:00.000-04:00,28.9,2880.0,7.9,26.7
2026-08-11T07:30:00.000-04:00,28.0,2860.0,7.9,26.6
2026-08-11T07:45:00.000-04:00,28.6,2810.0,7.9,26.6
2026-08-11T08:00:00.000-04:00,27.7,2780.0,7.9,26.6
2026-08-11T08:15:00.000-04:00,27.3,2730.0,7.9,26.5
2026-08-11T08:30:00.000-04:00,27.3,2680.0,7.9,26.5
2026-08-11T08:45:00.000-04:00,27.0,2660.0,7.8,26.5
2026-08-11T09:00:00.000-04:00,27.2,2640.0,7.8,26.5
2026-08-11T09:15:00.000-04:00,27.1,2610.0,7.8,26.4
2026-08-11T09:30:00.000-04:00,27.1,2590.0,7.8,26.4
2026-08-11T09:45:00.000-04:00,26.9,2590.0,7.8,26.4
2026-08-11T10:00:00.000-04:00,26.6,2510.0,7.8,26.4
2026-08-11T10:15:00.000-04:00,26.8,2490.0,7.9,26.5
2026-08-11T10:30:00.000-04:00,26.4,2440.0,7.9,26.5
2026-08-11T10:45:00.000-04:00,26.5,2420.0,7.9,26.6
2026-08-11T11:00:00.000-04:00,26.6,2400.0,8.0,26.7
2026-08-11T11:15:00.000-04:00,27.0,2370.0,8.0,26.8
2026-08-11T11:30:00.000-04:00,26.4,2370.0,8.1,26.9
2026-08-11T11:45:00.000-04:00,26.6,2350.0,8.1,27.1
2026-08-11T12:00:00.000-04:00,26.4,2330.0,8.2,27.3
2026-08-11T12:15:00.000-04:00,26.6,2310.0,8.2,27.4
2026-08-11T12:30:00.000-04:00,25.0,2280.0,8.2,27.5
2026-08-11T12:45:00.000-04:00,26.6,2260.0,8.2,27.5
2026-08-11T13:00:00.000-04:00,26.0,2240.0,8.2,27.5
2026-08-11T13:15:00.000-04:00,25.6,2240.0,8.2,27.4
2026-08-11T13:30:00.000-04:00,26.0,2190.0,8.2,27.3
2026-08-11T13:45:00.000-04:00,26.4,2170.0,8.1,27.2
2026-08-11T14:00:00.000-04:00,26.1,2150.0,8.1,27.1
2026-08-11T14:15:00.000-04:00,26.5,2170.0,8.0,27.0
2026-08-11T14:30:00.000-04:00,25.1,2130.0,8.0,27.0
2026-08-11T14:45:00.000-04:00,26.1,2130.0,8.0,26.9
2026-08-11T15:00:00.000-04:00,25.9,2130.0,7.9,26.8
2026-08-11T15:15:00.000-04:00,26.4,2130.0,7.9,26.7
2026-08-11T15:30:00.000-04:00,26.8,2130.0,7.9,26.6
2026-08-11T15:45:00.000-04:00,26.7,2150.0,7.8,26.5
2026-08-11T16:00:00.000-04:00,26.9,2150.0,7.8,26.4
2026-08-11T16:15:00.000-04:00,26.5,2130.0,7.8,26.3
2026-08-11T16:30:00.000-04:00,25.4,2110.0,7.8,26.2
2026-08-11T16:45:00.000-04:00,25.3,2110.0,7.8,26.2
2026-08-11T17:00:00.000-04:00,25.5,2110.0,7.8,26.2
2026-08-11T17:15:00.000-04:00,25.6,2130.0,7.8,26.1
2026-08-11T17:30:00.000-04:00,25.2,2110.0,7.8,26.1
2026-08-11T17:45:00.000-04:00,25.5,2110.0,7.8,26.1
2026-08-11T18:00:00.000-04:00,25.3,2130.0,7.8,26.1
2026-08-11T18:15:00.000-04:00,25.5,2110.0,7.8,26.1
2026-08-11T18:30:00.000-04:00,25.3,2130.0,7.8,26.1
2026-08-11T18:45:00.000-04:00,25.4,2150.0,7.8,26.1
2026-08-11T19:00:00.000-04:00,25.9,2190.0,7.8,26.1
2026-08-11T19:15:00.000-04:00,26.5,2220.0,7.8,26.1
2026-08-11T19:30:00.000-04:00,26.0,2220.0,7.8,26.1
2026-08-11T19:45:00.000-04:00,26.0,2220.0,7.8,26.0
2026-08-11T20:00:00.000-04:00,26.4,2220.0,7.8,26.0
2026-08-11T20:15:00.000-04:00,25.9,2190.0,7.8,25.9
2026-08-11T20:30:00.000-04:00,26.0,2170.0,7.7,25.9
2026-08-11T20:45:00.000-04:00,26.4,2150.0,7.7,25.8
2026-08-11T21:00:00.000-04:00,26.1,2130.0,7.7,25.8
2026-08-11T21:15:00.000-04:00,26.0,2110.0,7.7,25.7
2026-08-11T21:30:00.000-04:00,25.6,2080.0,7.6,25.7
2026-08-11T21:45:00.000-04:00,25.6,2060.0,7.6,25.6
2026-08-11T22:00:00.000-04:00,25.2,2060.0,7.6,25.6
2026-08-11T22:15:00.000-04:00,24.6,2040.0,7.6,25.6
2026-08-11T22:30:00.000-04:00,23.6,2040.0,7.6,25.5
2026-08-11T22:45:00.000-04:00,24.0,2040.0,7.6,25.5
2026-08-11T23:00:00.000-04:00,24.3,2020.0,7.6,25.5
2026-08-11T23:15:00.000-04:00,24.0,2020.0,7.6,25.5
2026-08-11T23:30:00.000-04:00,23.7,2040.0,7.6,25.4
2026-08-11T23:45:00.000-04:00,23.8,2020.0,7.6,25.4
2026-08-12T00:00:00.000-04:00,23.5,2040.0,7.6,25.4
2026-08-12T00:15:00.000-04:00,23.4,2040.0,7.6,25.4
2026-08-12T00:30:00.000-04:00,23.0,2020.0,7.6,25.4
2026-08-12T00:45:00.000-04:00,22.9,2040.0,7.6,25.3
2026-08-12T01:00:00.000-04:00,23.0,2040.0,7.6,25.3
2026-08-12T01:15:00.000-04:00,22.9,2040.0,7.6,25.3
2026-08-12T01:30:00.000-04:00,22.7,2040.0,7.6,25.3
2026-08-12T01:45:00.000-04:00,22.8,2060.0,7.6,25.2
2026-08-12T02:00:00.000-04:00,23.0,2060.0,7.6,25.2
2026-08-12T02:15:00.000-04:00,22.5,2060.0,7.6,25.2
2026-08-12T02:30:00.000-04:00,22.4,2080.0,7.6,25.1
2026-08-12T02:45:00.000-04:00,22.1,2080.0,7.6,25.1
2026-08-12T03:00:00.000-04:00,22.8,2110.0,7.6,25.1
2026-08-12T03:15:00.000-04:00,23.0,2130.0,7.6,25.1
2026-08-12T03:30:00.000-04:00,22.9,2150.0,7.6,25.1
2026-08-12T03:45:00.000-04:00,23.0,2190.0,7.6,25.0
2026-08-12T04:00:00.000-04:00,24.0,2220.0,7.6,25.0
2026-08-12T04:15:00.000-04:00,23.3,2240.0,7.6,25.0
2026-08-12T04:30:00.000-04:00,23.3,2280.0,7.6,25.0
2026-08-12T04:45:00.000-04:00,23.5,2310.0,7.6,25.0
2026-08-12T05:00:00.000-04:00,24.1,2330.0,7.6,25.0
2026-08-12T05:15:00.000-04:00,23.6,2350.0,7.6,24.9
2026-08-12T05:30:00.000-04:00,23.5,2400.0,7.6,24.9
2026-08-12T05:45:00.000-04:00,23.9,2420.0,7.6,24.9
2026-08-12T06:00:00.000-04:00,24.2,2440.0,7.6,24.9
2026-08-12T06:15:00.000-04:00,24.4,2490.0,7.6,24.8
2026-08-12T06:30:00.000-04:00,24.2,2510.0,7.6,24.8
2026-08-12T06:45:00.000-04:00,24.2,2560.0,7.6,24.8
2026-08-12T07:00:00.000-04:00,24.5,2610.0,7.6,24.8
2026-08-12T07:15:00.000-04:00,24.5,2640.0,7.6,24.7
2026-08-12T07:30:00.000-04:00,24.7,2680.0,7.6,24.7
2026-08-12T07:45:00.000-04:00,25.1,2710.0,7.6,24.7
2026-08-12T08:00:00.000-04:00,24.9,2730.0,7.6,24.7
2026-08-12T08:15:00.000-04:00,25.2,2760.0,7.6,24.7
2026-08-12T08:30:00.000-04:00,25.1,2810.0,7.6,24.7
2026-08-12T08:45:00.000-04:00,25.1,2830.0,7.6,24.8
2026-08-12T09:00:00.000-04:00,25.6,2880.0,7.6,24.8
2026-08-12T09:15:00.000-04:00,26.3,2910.0,7.6,24.8
2026-08-12T09:30:00.000-04:00,26.1,2940.0,7.6,24.8
2026-08-12T09:45:00.000-04:00,26.2,2960.0,7.6,24.8
2026-08-12T10:00:00.000-04:00,26.6,2990.0,7.6,24.8
2026-08-12T10:15:00.000-04:00,26.9,3010.0,7.7,24.9
2026-08-12T10:30:00.000-04:00,27.0,3010.0,7.7,24.9
2026-08-12T10:45:00.000-04:00,27.5,3040.0,7.7,25.0
2026-08-12T11:00:00.000-04:00,27.9,3070.0,7.7,25.0
2026-08-12T11:15:00.000-04:00,28.2,3090.0,7.7,25.0
2026-08-12T11:30:00.000-04:00,28.0,3120.0,7.7,25.0
2026-08-12T11:45:00.000-04:00,28.6,3140.0,7.7,25.0
2026-08-12T12:00:00.000-04:00,28.3,3170.0,7.7,25.0
2026-08-12T12:15:00.000-04:00,28.7,3170.0,7.7,25.1
2026-08-12T12:30:00.000-04:00,28.2,3200.0,7.7,25.0
2026-08-12T12:45:00.000-04:00,28.7,3230.0,7.7,25.0
2026-08-12T13:00:00.000-04:00,29.2,3250.0,7.7,24.9
2026-08-12T13:15:00.000-04:00,29.1,3280.0,7.6,24.9
2026-08-12T13:30:00.000-04:00,28.6,3310.0,7.6,24.9
2026-08-12T13:45:00.000-04:00,29.3,3330.0,7.6,24.8
2026-08-12T14:00:00.000-04:00,29.4,3360.0,7.6,24.8
2026-08-12T14:15:00.000-04:00,29.9,3330.0,7.6,24.8
2026-08-12T14:30:00.000-04:00,29.6,3360.0,7.6,24.7
2026-08-12T14:45:00.000-04:00,29.5,3420.0,7.6,24.7
2026-08-12T15:00:00.000-04:00,29.1,3420.0,7.6,24.7
2026-08-12T15:15:00.000-04:00,29.9,3440.0,7.6,24.7
2026-08-12T15:30:00.000-04:00,29.3,3500.0,7.6,24.6
2026-08-12T15:45:00.000-04:00,29.9,3500.0,7.6,24.6
2026-08-12T16:00:00.000-04:00,29.9,3500.0,7.6,24.6
2026-08-12T16:15:00.000-04:00,29.4,3530.0,7.7,24.6
2026-08-12T16:30:00.000-04:00,28.7,3530.0,7.7,24.7
2026-08-12T16:45:00.000-04:00,29.1,3590.0,7.7,24.7
2026-08-12T17:00:00.000-04:00,28.9,3560.0,7.7,24.8
2026-08-12T17:15:00.000-04:00,28.8,3560.0,7.8,24.8
2026-08-12T17:30:00.000-04:00,28.6,3560.0,7.8,24.8
2026-08-12T17:45:00.000-04:00,28.6,3560.0,7.8,24.9
2026-08-12T18:00:00.000-04:00,29.1,3530.0,7.8,24.9
2026-08-12T18:15:00.000-04:00,29.1,3560.0,7.8,24.9
2026-08-12T18:30:00.000-04:00,28.3,3560.0,7.8,25.0
2026-08-12T18:45:00.000-04:00,28.7,3560.0,7.8,25.0
2026-08-12T19:00:00.000-04:00,29.3,3590.0,7.8,25.0
2026-08-12T19:15:00.000-04:00,29.0,3560.0,7.8,25.0
2026-08-12T19:30:00.000-04:00,28.2,3590.0,7.8,24.9
2026-08-12T19:45:00.000-04:00,28.7,3610.0,7.8,24.9
2026-08-12T20:00:00.000-04:00,28.5,3610.0,7.8,24.9
2026-08-12T20:15:00.000-04:00,28.1,3610.0,7.8,24.9
2026-08-12T20:30:00.000-04:00,28.1,3640.0,7.7,24.8
2026-08-12T20:45:00.000-04:00,28.3,3610.0,7.7,24.8
2026-08-12T21:00:00.000-04:00,28.2,3610.0,7.7,24.8
2026-08-12T21:15:00.000-04:00,28.3,3640.0,7.7,24.7
2026-08-12T21:30:00.000-04:00,27.8,3670.0,7.7,24.7
2026-08-12T21:45:00.000-04:00,28.1,3700.0,7.7,24.7
2026-08-12T22:00:00.000-04:00,28.4,3730.0,7.7,24.7
2026-08-12T22:15:00.000-04:00,27.7,3790.0,7.7,24.7
2026-08-12T22:30:00.000-04:00,27.5,3820.0,7.6,24.7
2026-08-12T22:45:00.000-04:00,27.2,3880.0,7.6,24.7
2026-08-12T23:00:00.000-04:00,26.9,3940.0,7.6,24.7
2026-08-12T23:15:00.000-04:00,27.0,4000.0,7.6,24.8
2026-08-12T23:30:00.000-04:00,27.0,4090.0,7.6,24.8
2026-08-12T23:45:00.000-04:00,27.0,4180.0,7.6,24.8
2026-08-13T00:00:00.000-04:00,27.4,4270.0,7.6,24.8
2026-08-13T00:15:00.000-04:00,27.0,4360.0,7.6,24.8
2026-08-13T00:30:00.000-04:00,27.3,4460.0,7.6,24.8
2026-08-13T00:45:00.000-04:00,27.2,4560.0,7.6,24.8
2026-08-13T01:00:00.000-04:00,27.7,4650.0,7.6,24.8
2026-08-13T01:15:00.000-04:00,28.0,4780.0,7.6,24.8
2026-08-13T01:30:00.000-04:00,27.6,4880.0,7.6,24.8
2026-08-13T01:45:00.000-04:00,27.8,4980.0,7.6,24.8
2026-08-13T02:00:00.000-04:00,27.9,5110.0,7.6,24.8
2026-08-13T02:15:00.000-04:00,27.8,5210.0,7.6,24.8
2026-08-13T02:30:00.000-04:00,27.6,5340.0,7.6,24.7
2026-08-13T02:45:00.000-04:00,27.6,5440.0,7.6,24.7
2026-08-13T03:00:00.000-04:00,27.4,5540.0,7.6,24.7
2026-08-13T03:15:00.000-04:00,27.4,5640.0,7.6,24.7
2026-08-13T03:30:00.000-04:00,26.7,5750.0,7.6,24.7
2026-08-13T03:45:00.000-04:00,27.0,5850.0,7.6,24.7
2026-08-13T04:00:00.000-04:00,27.0,5880.0,7.6,24.7
2026-08-13T04:15:00.000-04:00,27.2,6020.0,7.6,24.6
2026-08-13T04:30:00.000-04:00,26.6,6130.0,7.6,24.6
2026-08-13T04:45:00.000-04:00,27.3,6200.0,7.6,24.6
2026-08-13T05:00:00.000-04:00,27.0,6270.0,7.6,24.6
2026-08-13T05:15:00.000-04:00,27.3,6380.0,7.6,24.6
2026-08-13T05:30:00.000-04:00,27.0,6490.0,7.5,24.6
2026-08-13T05:45:00.000-04:00,27.3,6560.0,7.5,24.6
2026-08-13T06:00:00.000-04:00,27.6,6590.0,7.5,24.6
2026-08-13T06:15:00.000-04:00,27.6,6700.0,7.5,24.6
2026-08-13T06:30:00.000-04:00,28.0,6820.0,7.5,24.5
2026-08-13T06:45:00.000-04:00,28.7,6820.0,7.5,24.5
2026-08-13T07:00:00.000-04:00,29.5,6930.0,7.5,24.5
2026-08-13T07:15:00.000-04:00,29.8,7040.0,7.5,24.5
2026-08-13T07:30:00.000-04:00,30.1,7080.0,7.5,24.5
2026-08-13T07:45:00.000-04:00,31.3,7190.0,7.5,24.5
2026-08-13T08:00:00.000-04:00,31.7,7190.0,7.5,24.5
2026-08-13T08:15:00.000-04:00,32.3,7310.0,7.5,24.5
2026-08-13T08:30:00.000-04:00,33.2,7420.0,7.5,24.5
2026-08-13T08:45:00.000-04:00,34.8,7420.0,7.5,24.5
2026-08-13T09:00:00.000-04:00,34.8,7500.0,7.5,24.6
2026-08-13T09:15:00.000-04:00,36.3,7540.0,7.5,24.6
2026-08-13T09:30:00.000-04:00,36.0,7650.0,7.5,24.6
2026-08-13T09:45:00.000-04:00,36.8,7650.0,7.5,24.7
2026-08-13T10:00:00.000-04:00,37.6,7730.0,7.5,24.7
2026-08-13T10:15:00.000-04:00,38.1,7810.0,7.5,24.8
2026-08-13T10:30:00.000-04:00,38.7,7890.0,7.5,24.8
2026-08-13T10:45:00.000-04:00,38.9,7890.0,7.6,24.8
2026-08-13T11:00:00.000-04:00,40.1,7970.0,7.6,24.8
2026-08-13T11:15:00.000-04:00,40.8,8010.0,7.6,24.9
2026-08-13T11:30:00.000-04:00,40.1,8090.0,7.6,24.9
2026-08-13T11:45:00.000-04:00,42.0,8090.0,7.6,24.9
2026-08-13T12:00:00.000-04:00,42.6,8170.0,7.6,25.0
2026-08-13T12:15:00.000-04:00,43.8,8210.0,7.6,25.0
2026-08-13T12:30:00.000-04:00,44.1,8250.0,7.6,25.1
2026-08-13T12:45:00.000-04:00,43.7,8290.0,7.6,25.2
2026-08-13T13:00:00.000-04:00,44.7,8250.0,7.6,25.3
2026-08-13T13:15:00.000-04:00,45.5,8380.0,7.6,25.3
2026-08-13T13:30:00.000-04:00,44.3,8380.0,7.6,25.4
2026-08-13T13:45:00.000-04:00,46.3,8460.0,7.7,25.4
2026-08-13T14:00:00.000-04:00,45.6,8460.0,7.7,25.5
2026-08-13T14:15:00.000-04:00,46.0,8500.0,7.7,25.5
2026-08-13T14:30:00.000-04:00,47.0,8500.0,7.7,25.6
2026-08-13T14:45:00.000-04:00,47.0,8540.0,7.7,25.6
2026-08-13T15:00:00.000-04:00,47.7,8540.0,7.7,25.6
2026-08-13T15:15:00.000-04:00,49.1,8580.0,7.7,25.6
2026-08-13T15:30:00.000-04:00,48.6,8580.0,7.7,25.7
2026-08-13T15:45:00.000-04:00,49.1,8580.0,7.7,25.7
2026-08-13T16:00:00.000-04:00,49.7,8580.0,7.7,25.8
2026-08-13T16:15:00.000-04:00,49.9,8660.0,7.7,25.8
2026-08-13T16:30:00.000-04:00,49.3,8710.0,7.7,25.8
2026-08-13T16:45:00.000-04:00,49.9,8660.0,7.7,25.8
2026-08-13T17:00:00.000-04:00,49.9,8750.0,7.7,25.9
2026-08-13T17:15:00.000-04:00,50.6,8710.0,7.7,25.9
2026-08-13T17:30:00.000-04:00,50.3,8750.0,7.7,25.9
2026-08-13T17:45:00.000-04:00,50.4,8750.0,7.7,26.0
2026-08-13T18:00:00.000-04:00,50.6,8790.0,7.7,26.0
2026-08-13T18:15:00.000-04:00,50.6,8750.0,7.7,26.0
2026-08-13T18:30:00.000-04:00,49.4,8750.0,7.7,26.0
2026-08-13T18:45:00.000-04:00,49.6,8790.0,7.7,26.0
2026-08-13T19:00:00.000-04:00,49.0,8790.0,7.7,26.0
2026-08-13T19:15:00.000-04:00,48.4,8830.0,7.7,26.0
2026-08-13T19:30:00.000-04:00,47.8,8870.0,7.7,26.0
2026-08-13T19:45:00.000-04:00,48.5,8830.0,7.7,26.0
2026-08-13T20:00:00.000-04:00,48.4,8920.0,7.7,26.0
2026-08-13T20:15:00.000-04:00,48.6,8960.0,7.6,26.0
2026-08-13T20:30:00.000-04:00,47.9,8960.0,7.6,26.0
2026-08-13T20:45:00.000-04:00,49.0,9000.0,7.6,26.0
2026-08-13T21:00:00.000-04:00,49.7,8960.0,7.6,26.0
2026-08-13T21:15:00.000-04:00,50.3,9080.0,7.6,26.0
2026-08-13T21:30:00.000-04:00,49.6,9170.0,7.6,25.9
2026-08-13T21:45:00.000-04:00,50.0,9170.0,7.6,25.9
2026-08-13T22:00:00.000-04:00,50.4,9170.0,7.6,25.9
2026-08-13T22:15:00.000-04:00,50.1,9300.0,7.6,25.9
2026-08-13T22:30:00.000-04:00,49.2,9340.0,7.6,25.8
2026-08-13T22:45:00.000-04:00,49.7,9390.0,7.6,25.8
2026-08-13T23:00:00.000-04:00,49.7,9430.0,7.6,25.8
2026-08-13T23:15:00.000-04:00,49.5,9520.0,7.6,25.7
2026-08-13T23:30:00.000-04:00,49.7,9650.0,7.6,25.7
2026-08-13T23:45:00.000-04:00,50.1,9650.0,7.6,25.7
2026-08-14T00:00:00.000-04:00,50.1,9690.0,7.6,25.7
2026-08-14T00:15:00.000-04:00,49.6,9780.0,7.6,25.6
2026-08-14T00:30:00.000-04:00,50.6,9730.0,7.6,25.6
2026-08-14T00:45:00.000-04:00,49.6,9820.0,7.6,25.5
2026-08-14T01:00:00.000-04:00,50.1,9910.0,7.6,25.5
2026-08-14T01:15:00.000-04:00,50.3,10000.0,7.6,25.5
2026-08-14T01:30:00.000-04:00,49.3,10000.0,7.6,25.5
2026-08-14T01:45:00.000-04:00,49.7,10000.0,7.6,25.4
2026-08-14T02:00:00.000-04:00,49.6,10100.0,7.6,25.4
2026-08-14T02:15:00.000-04:00,49.9,10100.0,7.6,25.4
2026-08-14T02:30:00.000-04:00,49.6,10200.0,7.5,25.3
2026-08-14T02:45:00.000-04:00,49.9,10200.0,7.5,25.3
2026-08-14T03:00:00.000-04:00,49.7,10200.0,7.5,25.3
2026-08-14T03:15:00.000-04:00,49.3,10300.0,7.5,25.3
2026-08-14T03:30:00.000-04:00,49.2,10300.0,7.5,25.2
2026-08-14T03:45:00.000-04:00,48.9,10400.0,7.5,25.2
2026-08-14T04:00:00.000-04:00,49.1,10400.0,7.5,25.2
2026-08-14T04:15:00.000-04:00,49.2,10500.0,7.5,25.2
2026-08-14T04:30:00.000-04:00,48.9,10500.0,7.5,25.2
2026-08-14T04:45:00.000-04:00,49.2,10600.0,7.5,25.2
2026-08-14T05:00:00.000-04:00,49.9,10500.0,7.5,25.1
2026-08-14T05:15:00.000-04:00,49.6,10600.0,7.5,25.1
2026-08-14T05:30:00.000-04:00,49.5,10700.0,7.5,25.1
2026-08-14T05:45:00.000-04:00,50.2,10600.0,7.5,25.1
2026-08-14T06:00:00.000-04:00,50.3,10700.0,7.5,25.1
2026-08-14T06:15:00.000-04:00,50.2,10700.0,7.5,25.1
2026-08-14T06:30:00.000-04:00,49.9,10800.0,7.5,25.1
2026-08-14T06:45:00.000-04:00,50.4,10700.0,7.5,25.1
2026-08-14T07:00:00.000-04:00,51.3,10800.0,7.5,25.1
2026-08-14T07:15:00.000-04:00,50.7,10800.0,7.5,25.1
2026-08-14T07:30:00.000-04:00,51.0,10700.0,7.5,25.1
2026-08-14T07:45:00.000-04:00,51.7,11000.0,7.5,25.0
2026-08-14T08:00:00.000-04:00,51.9,11000.0,7.5,25.0
2026-08-14T08:15:00.000-04:00,53.1,11000.0,7.5,25.0
2026-08-14T08:30:00.000-04:00,54.2,11000.0,7.5,25.0
2026-08-14T08:45:00.000-04:00,54.7,11000.0,7.6,25.0
2026-08-14T09:00:00.000-04:00,55.6,11100.0,7.6,25.0
2026-08-14T09:15:00.000-04:00,56.5,11100.0,7.6,25.0
2026-08-14T09:30:00.000-04:00,56.3,11100.0,7.5,25.0
2026-08-14T09:45:00.000-04:00,56.8,11200.0,7.6,25.0
2026-08-14T10:00:00.000-04:00,57.7,11200.0,7.5,25.0
2026-08-14T10:15:00.000-04:00,57.6,11200.0,7.5,25.0
2026-08-14T10:30:00.000-04:00,57.8,11200.0,7.5,25.0
2026-08-14T10:45:00.000-04:00,61.0,11300.0,7.5,25.0
2026-08-14T11:00:00.000-04:00,58.7,11300.0,7.5,25.0
2026-08-14T11:15:00.000-04:00,59.2,11400.0,7.5,25.0
2026-08-14T11:30:00.000-04:00,59.4,11500.0,7.5,25.0
2026-08-14T11:45:00.000-04:00,60.8,11500.0,7.5,25.0
2026-08-14T12:00:00.000-04:00,60.2,11500.0,7.5,25.0
2026-08-14T12:15:00.000-04:00,60.8,11500.0,7.5,25.0
2026-08-14T12:30:00.000-04:00,61.0,11600.0,7.5,25.1
2026-08-14T12:45:00.000-04:00,61.7,11600.0,7.5,25.1
2026-08-14T13:00:00.000-04:00,62.6,11600.0,7.5,25.2
2026-08-14T13:15:00.000-04:00,63.0,11600.0,7.5,25.2
2026-08-14T13:30:00.000-04:00,63.6,11600.0,7.5,25.3
2026-08-14T13:45:00.000-04:00,63.2,11600.0,7.5,25.3
2026-08-14T14:00:00.000-04:00,63.6,11700.0,7.5,25.3
2026-08-14T14:15:00.000-04:00,64.3,11700.0,7.5,25.4
2026-08-14T14:30:00.000-04:00,64.6,11600.0,7.5,25.5
2026-08-14T14:45:00.000-04:00,64.8,11700.0,7.5,25.5
2026-08-14T15:00:00.000-04:00,65.6,11700.0,7.5,25.6
2026-08-14T15:15:00.000-04:00,65.8,11600.0,7.5,25.7
2026-08-14T15:30:00.000-04:00,65.5,11700.0,7.5,25.7
2026-08-14T15:45:00.000-04:00,65.9,11500.0,7.5,25.7
2026-08-14T16:00:00.000-04:00,67.1,11700.0,7.5,25.7
2026-08-14T16:15:00.000-04:00,67.4,11600.0,7.5,25.7
2026-08-14T16:30:00.000-04:00,68.5,11700.0,7.5,25.6
2026-08-14T16:45:00.000-04:00,69.0,11600.0,7.5,25.6
2026-08-14T17:00:00.000-04:00,69.0,11500.0,7.5,25.7
2026-08-14T17:15:00.000-04:00,70.4,11600.0,7.5,25.7
2026-08-14T17:30:00.000-04:00,68.8,11600.0,7.5,25.7
2026-08-14T17:45:00.000-04:00,70.4,11600.0,7.5,25.6
2026-08-14T18:00:00.000-04:00,70.5,11500.0,7.5,25.7
2026-08-14T18:15:00.000-04:00,71.1,11500.0,7.5,25.6
2026-08-14T18:30:00.000-04:00,70.8,11500.0,7.5,25.6
2026-08-14T18:45:00.000-04:00,70.8,11400.0,7.5,25.6
2026-08-14T19:00:00.000-04:00,70.5,11300.0,7.5,25.6
2026-08-14T19:15:00.000-04:00,71.2,11200.0,7.5,25.5
2026-08-14T19:30:00.000-04:00,70.9,11300.0,7.5,25.5
2026-08-14T19:45:00.000-04:00,70.4,11200.0,7.5,25.5
2026-08-14T20:00:00.000-04:00,70.0,11100.0,7.5,25.4
2026-08-14T20:15:00.000-04:00,69.5,11200.0,7.5,25.4
2026-08-14T20:30:00.000-04:00,69.2,11200.0,7.5,25.4
2026-08-14T20:45:00.000-04:00,70.2,11100.0,7.5,25.4
2026-08-14T21:00:00.000-04:00,69.5,11000.0,7.5,25.3
2026-08-14T21:15:00.000-04:00,68.1,11000.0,7.5,25.3
2026-08-14T21:30:00.000-04:00,67.7,11000.0,7.4,25.3
2026-08-14T21:45:00.000-04:00,67.3,10900.0,7.5,25.2
2026-08-14T22:00:00.000-04:00,66.8,11000.0,7.5,25.2
2026-08-14T22:15:00.000-04:00,65.4,11000.0,7.4,25.2
2026-08-14T22:30:00.000-04:00,65.6,10900.0,7.4,25.1
2026-08-14T22:45:00.000-04:00,65.6,10800.0,7.4,25.1
2026-08-14T23:00:00.000-04:00,65.9,10900.0,7.4,25.1
2026-08-14T23:15:00.000-04:00,64.8,10900.0,7.4,25.0
2026-08-14T23:30:00.000-04:00,63.8,10800.0,7.4,25.0
2026-08-14T23:45:00.000-04:00,64.0,10900.0,7.4,25.0
2026-08-15T00:00:00.000-04:00,63.8,10900.0,7.4,24.9
2026-08-15T00:15:00.000-04:00,63.1,10800.0,7.4,24.9
2026-08-15T00:30:00.000-04:00,63.7,10900.0,7.4,24.8
2026-08-15T00:45:00.000-04:00,63.7,10800.0,7.4,24.8
2026-08-15T01:00:00.000-04:00,64.5,10800.0,7.4,24.8
2026-08-15T01:15:00.000-04:00,64.4,10900.0,7.4,24.7
2026-08-15T01:30:00.000-04:00,63.8,10800.0,7.4,24.7
2026-08-15T01:45:00.000-04:00,64.1,10900.0,7.4,24.7
2026-08-15T02:00:00.000-04:00,64.0,10900.0,7.4,24.6
2026-08-15T02:15:00.000-04:00,64.7,10900.0,7.4,24.6
2026-08-15T02:30:00.000-04:00,63.3,10900.0,7.4,24.5
2026-08-15T02:45:00.000-04:00,64.4,10900.0,7.4,24.5
2026-08-15T03:00:00.000-04:00,64.3,10800.0,7.4,24.5
2026-08-15T03:15:00.000-04:00,64.6,10800.0,7.4,24.4
2026-08-15T03:30:00.000-04:00,64.1,10700.0,7.4,24.4
2026-08-15T03:45:00.000-04:00,64.1,10800.0,7.4,24.4
2026-08-15T04:00:00.000-04:00,65.1,10700.0,7.4,24.3
2026-08-15T04:15:00.000-04:00,64.7,10700.0,7.4,24.3
2026-08-15T04:30:00.000-04:00,64.3,10700.0,7.4,24.3
2026-08-15T04:45:00.000-04:00,64.3,10700.0,7.4,24.2
2026-08-15T05:00:00.000-04:00,64.4,10600.0,7.4,24.2
2026-08-15T05:15:00.000-04:00,64.7,10600.0,7.4,24.2
2026-08-15T05:30:00.000-04:00,64.3,10500.0,7.4,24.1
2026-08-15T05:45:00.000-04:00,64.1,10500.0,7.4,24.1
2026-08-15T06:00:00.000-04:00,65.1,10500.0,7.4,24.1
2026-08-15T06:15:00.000-04:00,64.2,10400.0,7.4,24.0
2026-08-15T06:30:00.000-04:00,63.7,10400.0,7.4,24.0
2026-08-15T06:45:00.000-04:00,63.7,10400.0,7.4,24.0
2026-08-15T07:00:00.000-04:00,63.8,10400.0,7.4,24.0
2026-08-15T07:15:00.000-04:00,64.6,10300.0,7.4,24.0
2026-08-15T07:30:00.000-04:00,64.8,10400.0,7.4,23.9
2026-08-15T07:45:00.000-04:00,64.7,10400.0,7.4,23.9
2026-08-15T08:00:00.000-04:00,65.0,10400.0,7.4,23.9
2026-08-15T08:15:00.000-04:00,65.3,10500.0,7.4,23.9
2026-08-15T08:30:00.000-04:00,66.1,10500.0,7.4,23.9
2026-08-15T08:45:00.000-04:00,66.3,10600.0,7.4,23.9
2026-08-15T09:00:00.000-04:00,68.0,10700.0,7.4,23.8
2026-08-15T09:15:00.000-04:00,67.4,10700.0,7.4,23.8
2026-08-15T09:30:00.000-04:00,67.6,10800.0,7.4,23.8
2026-08-15T09:45:00.000-04:00,67.7,11000.0,7.4,23.8
2026-08-15T10:00:00.000-04:00,69.4,11100.0,7.4,23.8
2026-08-15T10:15:00.000-04:00,70.2,11200.0,7.4,23.8
2026-08-15T10:30:00.000-04:00,69.9,11300.0,7.4,23.8
2026-08-15T10:45:00.000-04:00,70.5,11400.0,7.4,23.8
2026-08-15T11:00:00.000-04:00,70.5,11600.0,7.4,23.8
2026-08-15T11:15:00.000-04:00,71.3,11700.0,7.4,23.8
2026-08-15T11:30:00.000-04:00,71.3,11900.0,7.4,23.8
2026-08-15T11:45:00.000-04:00,72.4,12100.0,7.4,23.8
2026-08-15T12:00:00.000-04:00,73.3,12100.0,7.4,23.8
2026-08-15T12:15:00.000-04:00,73.1,12300.0,7.4,23.8
2026-08-15T12:30:00.000-04:00,73.9,12400.0,7.4,23.8
2026-08-15T12:45:00.000-04:00,73.8,12500.0,7.4,23.8
2026-08-15T13:00:00.000-04:00,74.7,12700.0,7.4,23.8
2026-08-15T13:15:00.000-04:00,74.6,12800.0,7.4,23.8
2026-08-15T13:30:00.000-04:00,74.6,12900.0,7.4,23.9
2026-08-15T13:45:00.000-04:00,75.1,13000.0,7.4,23.9
2026-08-15T14:00:00.000-04:00,76.1,13100.0,7.4,24.0
2026-08-15T14:15:00.000-04:00,76.3,13200.0,7.4,24.0
2026-08-15T14:30:00.000-04:00,76.5,13200.0,7.4,24.0
2026-08-15T14:45:00.000-04:00,77.4,13400.0,7.4,24.0
2026-08-15T15:00:00.000-04:00,78.3,13400.0,7.4,24.0
2026-08-15T15:15:00.000-04:00,78.6,13500.0,7.4,24.0
2026-08-15T15:30:00.000-04:00,79.1,13700.0,7.4,24.0
2026-08-15T15:45:00.000-04:00,80.5,13700.0,7.4,24.0
2026-08-15T16:00:00.000-04:00,80.4,13900.0,7.4,24.1
2026-08-15T16:15:00.000-04:00,81.7,14000.0,7.4,24.1
2026-08-15T16:30:00.000-04:00,81.6,14100.0,7.4,24.2
2026-08-15T16:45:00.000-04:00,82.9,14100.0,7.4,24.2
2026-08-15T17:00:00.000-04:00,83.7,14100.0,7.4,24.2
2026-08-15T17:15:00.000-04:00,83.7,14200.0,7.4,24.2
2026-08-15T17:30:00.000-04:00,83.7,14300.0,7.4,24.2
2026-08-15T17:45:00.000-04:00,85.2,14400.0,7.4,24.2
2026-08-15T18:00:00.000-04:00,85.9,14400.0,7.4,24.2
2026-08-15T18:15:00.000-04:00,86.3,14500.0,7.4,24.2
2026-08-15T18:30:00.000-04:00,85.9,14500.0,7.4,24.2
2026-08-15T18:45:00.000-04:00,86.9,14600.0,7.4,24.2
2026-08-15T19:00:00.000-04:00,88.0,14700.0,7.4,24.2
2026-08-15T19:15:00.000-04:00,88.3,14700.0,7.4,24.2
2026-08-15T19:30:00.000-04:00,87.4,14700.0,7.4,24.2
2026-08-15T19:45:00.000-04:00,88.1,14800.0,7.4,24.2
2026-08-15T20:00:00.000-04:00,88.7,14900.0,7.4,24.2
2026-08-15T20:15:00.000-04:00,89.2,14800.0,7.4,24.2
2026-08-15T20:30:00.000-04:00,90.3,14900.0,7.4,24.2
2026-08-15T20:45:00.000-04:00,90.2,14900.0,7.4,24.1
2026-08-15T21:00:00.000-04:00,90.3,15000.0,7.4,24.1
2026-08-15T21:15:00.000-04:00,91.1,15100.0,7.4,24.1
2026-08-15T21:30:00.000-04:00,89.4,15300.0,7.4,24.1
2026-08-15T21:45:00.000-04:00,90.2,15400.0,7.4,24.0
2026-08-15T22:00:00.000-04:00,89.9,15400.0,7.4,24.0
2026-08-15T22:15:00.000-04:00,90.6,15300.0,7.4,24.0
2026-08-15T22:30:00.000-04:00,89.8,15400.0,7.4,24.0
2026-08-15T22:45:00.000-04:00,89.4,15500.0,7.4,23.9
2026-08-15T23:00:00.000-04:00,89.3,15400.0,7.4,23.9
2026-08-15T23:15:00.000-04:00,89.0,15500.0,7.4,23.9
2026-08-15T23:30:00.000-04:00,88.8,15500.0,7.4,23.8
2026-08-15T23:45:00.000-04:00,88.8,15500.0,7.4,23.8
2026-08-16T00:00:00.000-04:00,88.9,15500.0,7.4,23.8
2026-08-16T00:15:00.000-04:00,88.6,15500.0,7.4,23.7
2026-08-16T00:30:00.000-04:00,87.3,15500.0,7.4,23.7
2026-08-16T00:45:00.000-04:00,87.8,15600.0,7.4,23.7
2026-08-16T01:00:00.000-04:00,87.6,15500.0,7.4,23.7
2026-08-16T01:15:00.000-04:00,87.6,15500.0,7.4,23.6
2026-08-16T01:30:00.000-04:00,88.3,15600.0,7.4,23.6
2026-08-16T01:45:00.000-04:00,86.9,15800.0,7.4,23.6
2026-08-16T02:00:00.000-04:00,87.2,15800.0,7.4,23.5
2026-08-16T02:15:00.000-04:00,87.2,15800.0,7.4,23.5
2026-08-16T02:30:00.000-04:00,87.3,15700.0,7.4,23.5
2026-08-16T02:45:00.000-04:00,86.6,15700.0,7.4,23.5
2026-08-16T03:00:00.000-04:00,86.9,15700.0,7.4,23.4
2026-08-16T03:15:00.000-04:00,86.8,15800.0,7.4,23.4
2026-08-16T03:30:00.000-04:00,85.5,15800.0,7.4,23.4
2026-08-16T03:45:00.000-04:00,85.3,15800.0,7.4,23.4
2026-08-16T04:00:00.000-04:00,84.8,15900.0,7.4,23.3
2026-08-16T04:15:00.000-04:00,85.5,15900.0,7.4,23.3
2026-08-16T04:30:00.000-04:00,84.2,15900.0,7.4,23.3
2026-08-16T04:45:00.000-04:00,83.8,16000.0,7.4,23.3
2026-08-16T05:00:00.000-04:00,84.5,15900.0,7.4,23.3
2026-08-16T05:15:00.000-04:00,83.7,16000.0,7.4,23.3
2026-08-16T05:30:00.000-04:00,82.9,15900.0,7.4,23.3
2026-08-16T05:45:00.000-04:00,83.0,15900.0,7.4,23.3
2026-08-16T06:00:00.000-04:00,82.7,15900.0,7.4,23.3
2026-08-16T06:15:00.000-04:00,83.3,15900.0,7.4,23.3
2026-08-16T06:30:00.000-04:00,82.3,15900.0,7.4,23.3
2026-08-16T06:45:00.000-04:00,82.5,16000.0,7.4,23.2
2026-08-16T07:00:00.000-04:00,82.4,16100.0,7.4,23.2
2026-08-16T07:15:00.000-04:00,83.6,16100.0,7.4,23.2
2026-08-16T07:30:00.000-04:00,82.9,16000.0,7.4,23.2
2026-08-16T07:45:00.000-04:00,83.6,16100.0,7.4,23.2
2026-08-16T08:00:00.000-04:00,83.2,16100.0,7.4,23.2
2026-08-16T08:15:00.000-04:00,83.9,16200.0,7.4,23.2
2026-08-16T08:30:00.000-04:00,83.7,16100.0,7.4,23.3
2026-08-16T08:45:00.000-04:00,83.8,16200.0,7.4,23.3
2026-08-16T09:00:00.000-04:00,84.8,16200.0,7.4,23.3
2026-08-16T09:15:00.000-04:00,85.8,16300.0,7.4,23.3
2026-08-16T09:30:00.000-04:00,84.9,16200.0,7.4,23.3
2026-08-16T09:45:00.000-04:00,87.3,16300.0,7.4,23.3
2026-08-16T10:00:00.000-04:00,86.8,16400.0,7.4,23.3
2026-08-16T10:15:00.000-04:00,87.1,16300.0,7.4,23.3
2026-08-16T10:30:00.000-04:00,87.3,16600.0,7.4,23.3
2026-08-16T10:45:00.000-04:00,87.1,16400.0,7.4,23.3
2026-08-16T11:00:00.000-04:00,88.6,16600.0,7.4,23.3
2026-08-16T11:15:00.000-04:00,88.9,16700.0,7.4,23.4
2026-08-16T11:30:00.000-04:00,89.1,16700.0,7.4,23.4
2026-08-16T11:45:00.000-04:00,89.0,16800.0,7.4,23.4
2026-08-16T12:00:00.000-04:00,89.6,16700.0,7.4,23.4
2026-08-16T12:15:00.000-04:00,89.9,16800.0,7.4,23.5
2026-08-16T12:30:00.000-04:00,89.6,16900.0,7.4,23.5
2026-08-16T12:45:00.000-04:00,90.5,16900.0,7.4,23.5
2026-08-16T13:00:00.000-04:00,91.6,17000.0,7.4,23.6
2026-08-16T13:15:00.000-04:00,92.4,17000.0,7.4,23.6
2026-08-16T13:30:00.000-04:00,92.1,17100.0,7.4,23.7
2026-08-16T13:45:00.000-04:00,92.1,17200.0,7.4,23.7
2026-08-16T14:00:00.000-04:00,92.4,17200.0,7.4,23.7
2026-08-16T14:15:00.000-04:00,94.2,17300.0,7.4,23.8
2026-08-16T14:30:00.000-04:00,94.1,17500.0,7.4,23.8
2026-08-16T14:45:00.000-04:00,94.2,17600.0,7.4,23.8
2026-08-16T15:00:00.000-04:00,94.6,17500.0,7.4,23.9
2026-08-16T15:15:00.000-04:00,95.9,17700.0,7.4,23.9
2026-08-16T15:30:00.000-04:00,95.6,17800.0,7.4,23.9
2026-08-16T15:45:00.000-04:00,96.4,17800.0,7.4,24.0
2026-08-16T16:00:00.000-04:00,97.4,18000.0,7.4,24.0
2026-08-16T16:15:00.000-04:00,98.0,18100.0,7.4,24.1
2026-08-16T16:30:00.000-04:00,98.0,18000.0,7.4,24.1
2026-08-16T16:45:00.000-04:00,98.5,18300.0,7.4,24.1
2026-08-16T17:00:00.000-04:00,100.0,18300.0,7.4,24.2
2026-08-16T17:15:00.000-04:00,101.0,18400.0,7.4,24.2
2026-08-16T17:30:00.000-04:00,101.0,18600.0,7.4,24.2
2026-08-16T17:45:00.000-04:00,102.0,18600.0,7.4,24.2
2026-08-16T18:00:00.000-04:00,103.0,18700.0,7.4,24.2
2026-08-16T18:15:00.000-04:00,105.0,18700.0,7.4,24.2
2026-08-16T18:30:00.000-04:00,105.0,18800.0,7.4,24.2
2026-08-16T18:45:00.000-04:00,110.0,18900.0,7.4,24.2
2026-08-16T19:00:00.000-04:00,108.0,19000.0,7.4,24.1
2026-08-16T19:15:00.000-04:00,108.0,19000.0,7.4,24.1
2026-08-16T19:30:00.000-04:00,107.0,19100.0,7.4,24.1
2026-08-16T19:45:00.000-04:00,108.0,19200.0,7.4,24.0
2026-08-16T20:00:00.000-04:00,109.0,19400.0,7.4,24.0
2026-08-16T20:15:00.000-04:00,108.0,19400.0,7.4,24.0
2026-08-16T20:30:00.000-04:00,109.0,19400.0,7.4,24.0
2026-08-16T20:45:00.000-04:00,111.0,19300.0,7.4,23.9
2026-08-16T21:00:00.000-04:00,111.0,19400.0,7.4,23.9
2026-08-16T21:15:00.000-04:00,112.0,19500.0,7.4,23.9
2026-08-16T21:30:00.000-04:00,111.0,19500.0,7.4,23.9
2026-08-16T21:45:00.000-04:00,111.0,19500.0,7.4,23.8
2026-08-16T22:00:00.000-04:00,111.0,19700.0,7.4,23.8
2026-08-16T22:15:00.000-04:00,113.0,19500.0,7.4,23.8
2026-08-16T22:30:00.000-04:00,113.0,19700.0,7.4,23.8
2026-08-16T22:45:00.000-04:00,113.0,19700.0,7.4,23.7
2026-08-16T23:00:00.000-04:00,113.0,19800.0,7.4,23.7
2026-08-16T23:15:00.000-04:00,114.0,19800.0,7.4,23.7
2026-08-16T23:30:00.000-04:00,115.0,19700.0,7.4,23.7
2026-08-16T23:45:00.000-04:00,115.0,20000.0,7.4,23.6
2026-08-17T00:00:00.000-04:00,115.0,19900.0,7.4,23.6
2026-08-17T00:15:00.000-04:00,116.0,19900.0,7.4,23.6
2026-08-17T00:30:00.000-04:00,116.0,20100.0,7.4,23.6
2026-08-17T00:45:00.000-04:00,117.0,20100.0,7.4,23.5
2026-08-17T01:00:00.000-04:00,117.0,20200.0,7.4,23.5
2026-08-17T01:15:00.000-04:00,118.0,20200.0,7.4,23.5
2026-08-17T01:30:00.000-04:00,119.0,20200.0,7.4,23.5
2026-08-17T01:45:00.000-04:00,119.0,20000.0,7.4,23.5
2026-08-17T02:00:00.000-04:00,119.0,20300.0,7.4,23.5
2026-08-17T02:15:00.000-04:00,121.0,20400.0,7.4,23.4
2026-08-17T02:30:00.000-04:00,119.0,20600.0,7.4,23.4
2026-08-17T02:45:00.000-04:00,121.0,20500.0,7.4,23.4
2026-08-17T03:00:00.000-04:00,121.0,20700.0,7.4,23.4
2026-08-17T03:15:00.000-04:00,122.0,20500.0,7.3,23.4
2026-08-17T03:30:00.000-04:00,122.0,20600.0,7.3,23.4
2026-08-17T03:45:00.000-04:00,123.0,20700.0,7.4,23.4
2026-08-17T04:00:00.000-04:00,124.0,20700.0,7.3,23.4
2026-08-17T04:15:00.000-04:00,124.0,20700.0,7.3,23.3
2026-08-17T04:30:00.000-04:00,123.0,20700.0,7.3,23.3
2026-08-17T04:45:00.000-04:00,125.0,20700.0,7.3,23.3
2026-08-17T05:00:00.000-04:00,124.0,20900.0,7.3,23.3
2026-08-17T05:15:00.000-04:00,124.0,20900.0,7.3,23.3
2026-08-17T05:30:00.000-04:00,125.0,20800.0,7.3,23.3
2026-08-17T05:45:00.000-04:00,126.0,20900.0,7.3,23.3
2026-08-17T06:00:00.000-04:00,125.0,20900.0,7.3,23.3
2026-08-17T06:15:00.000-04:00,127.0,20700.0,7.3,23.3
2026-08-17T06:30:00.000-04:00,124.0,20900.0,7.3,23.3
2026-08-17T06:45:00.000-04:00,126.0,20900.0,7.3,23.3
2026-08-17T07:00:00.000-04:00,126.0,20800.0,7.3,23.3
2026-08-17T07:15:00.000-04:00,126.0,20900.0,7.3,23.3
2026-08-17T07:30:00.000-04:00,126.0,20900.0,7.3,23.3
2026-08-17T07:45:00.000-04:00,127.0,20900.0,7.3,23.3
2026-08-17T08:00:00.000-04:00,126.0,20900.0,7.3,23.3
2026-08-17T08:15:00.000-04:00,128.0,20700.0,7.3,23.3
2026-08-17T08:30:00.000-04:00,127.0,20800.0,7.3,23.3
2026-08-17T08:45:00.000-04:00,127.0,20900.0,7.3,23.3
2026-08-17T09:00:00.000-04:00,128.0,20800.0,7.3,23.3
2026-08-17T09:15:00.000-04:00,130.0,20800.0,7.3,23.3
2026-08-17T09:30:00.000-04:00,128.0,20900.0,7.3,23.3
2026-08-17T09:45:00.000-04:00,129.0,20800.0,7.3,23.3
2026-08-17T10:00:00.000-04:00,129.0,20700.0,7.3,23.4
2026-08-17T10:15:00.000-04:00,129.0,20900.0,7.3,23.4
2026-08-17T10:30:00.000-04:00,131.0,20900.0,7.3,23.4
2026-08-17T10:45:00.000-04:00,131.0,20700.0,7.3,23.4
2026-08-17T11:00:00.000-04:00,130.0,20700.0,7.3,23.4
2026-08-17T11:15:00.000-04:00,129.0,20700.0,7.3,23.4
2026-08-17T11:30:00.000-04:00,130.0,20700.0,7.3,23.4
2026-08-17T11:45:00.000-04:00,129.0,20700.0,7.3,23.5
2026-08-17T12:00:00.000-04:00,130.0,20600.0,7.3,23.5
2026-08-17T12:15:00.000-04:00,130.0,20500.0,7.3,23.5
2026-08-17T12:30:00.000-04:00,128.0,20600.0,7.3,23.6
2026-08-17T12:45:00.000-04:00,128.0,20500.0,7.3,23.6
2026-08-17T13:00:00.000-04:00,128.0,20500.0,7.3,23.7
2026-08-17T13:15:00.000-04:00,128.0,20700.0,7.3,23.8
2026-08-17T14:00:00.000-04:00,128.0,20400.0,7.3,23.9
2026-08-17T14:15:00.000-04:00,127.0,20400.0,7.4,24.0
2026-08-17T14:30:00.000-04:00,129.0,20500.0,7.4,24.0
2026-08-17T14:45:00.000-04:00,128.0,20400.0,7.4,24.1
2026-08-17T15:00:00.000-04:00,131.0,20400.0,7.4,24.1
2026-08-17T15:15:00.000-04:00,131.0,20400.0,7.4,24.2
2026-08-17T15:30:00.000-04:00,131.0,20400.0,7.4,24.2
2026-08-17T15:45:00.000-04:00,132.0,20200.0,7.4,24.3
2026-08-17T16:00:00.000-04:00,132.0,20200.0,7.4,24.4
2026-08-17T16:15:00.000-04:00,133.0,20200.0,7.4,24.4
2026-08-17T16:30:00.000-04:00,133.0,20000.0,7.4,24.4
2026-08-17T16:45:00.000-04:00,132.0,20000.0,7.4,24.4
2026-08-17T17:00:00.000-04:00,133.0,20000.0,7.4,24.5
2026-08-17T17:15:00.000-04:00,132.0,19900.0,7.4,24.5
2026-08-17T17:30:00.000-04:00,133.0,20000.0,7.4,24.5
2026-08-17T17:45:00.000-04:00,134.0,19900.0,7.4,24.6
2026-08-17T18:00:00.000-04:00,133.0,19700.0,7.4,24.6
2026-08-17T18:15:00.000-04:00,133.0,19700.0,7.4,24.6
2026-08-17T18:30:00.000-04:00,132.0,19700.0,7.4,24.6
2026-08-17T18:45:00.000-04:00,132.0,19700.0,7.4,24.5
2026-08-17T19:00:00.000-04:00,131.0,19700.0,7.4,24.5
2026-08-17T19:15:00.000-04:00,132.0,19400.0,7.4,24.5
2026-08-17T19:30:00.000-04:00,130.0,19600.0,7.4,24.5
2026-08-17T19:45:00.000-04:00,131.0,19500.0,7.4,24.4
2026-08-17T20:00:00.000-04:00,131.0,19400.0,7.4,24.4
2026-08-17T20:15:00.000-04:00,131.0,19500.0,7.4,24.4
2026-08-17T20:30:00.000-04:00,129.0,19400.0,7.4,24.4
2026-08-17T20:45:00.000-04:00,128.0,19500.0,7.4,24.3
2026-08-17T21:00:00.000-04:00,129.0,19400.0,7.4,24.3
2026-08-17T21:15:00.000-04:00,129.0,19300.0,7.4,24.3
2026-08-17T21:30:00.000-04:00,128.0,19400.0,7.4,24.3
2026-08-17T21:45:00.000-04:00,128.0,19400.0,7.4,24.3
2026-08-17T22:00:00.000-04:00,129.0,19400.0,7.4,24.3
2026-08-17T22:15:00.000-04:00,127.0,19300.0,7.4,24.2
2026-08-17T22:30:00.000-04:00,126.0,19200.0,7.4,24.2
2026-08-17T22:45:00.000-04:00,126.0,19200.0,7.4,24.2
2026-08-17T23:00:00.000-04:00,124.0,19100.0,7.4,24.2
2026-08-17T23:15:00.000-04:00,125.0,19100.0,7.4,24.1
2026-08-17T23:30:00.000-04:00,124.0,19100.0,7.4,24.1
2026-08-17T23:45:00.000-04:00,122.0,19000.0,7.4,24.1
2026-08-18T00:00:00.000-04:00,122.0,19000.0,7.4,24.1
2026-08-18T00:15:00.000-04:00,122.0,19000.0,7.4,24.0
2026-08-18T00:30:00.000-04:00,123.0,18900.0,7.4,24.0
2026-08-18T00:45:00.000-04:00,122.0,18900.0,7.4,24.0
2026-08-18T01:00:00.000-04:00,122.0,18900.0,7.4,23.9
2026-08-18T01:15:00.000-04:00,121.0,18700.0,7.4,23.9
2026-08-18T01:30:00.000-04:00,119.0,18600.0,7.4,23.9
2026-08-18T01:45:00.000-04:00,120.0,18700.0,7.4,23.9
2026-08-18T02:00:00.000-04:00,118.0,18700.0,7.4,23.8
2026-08-18T02:15:00.000-04:00,118.0,18600.0,7.4,23.8
2026-08-18T02:30:00.000-04:00,116.0,18400.0,7.4,23.8
2026-08-18T02:45:00.000-04:00,119.0,18600.0,7.4,23.8
2026-08-18T03:00:00.000-04:00,118.0,18500.0,7.4,23.7
2026-08-18T03:15:00.000-04:00,117.0,18400.0,7.4,23.7
2026-08-18T03:30:00.000-04:00,118.0,18300.0,7.4,23.7
2026-08-18T03:45:00.000-04:00,118.0,18400.0,7.4,23.7
2026-08-18T04:00:00.000-04:00,116.0,18300.0,7.4,23.7
2026-08-18T04:15:00.000-04:00,118.0,18200.0,7.4,23.6
2026-08-18T04:30:00.000-04:00,115.0,18100.0,7.4,23.6
2026-08-18T04:45:00.000-04:00,117.0,18100.0,7.4,23.6
2026-08-18T05:00:00.000-04:00,115.0,18100.0,7.4,23.6
2026-08-18T05:15:00.000-04:00,116.0,18100.0,7.4,23.6
2026-08-18T05:30:00.000-04:00,115.0,18000.0,7.4,23.5
2026-08-18T06:00:00.000-04:00,116.0,17900.0,7.4,23.5
2026-08-18T06:15:00.000-04:00,116.0,17800.0,7.4,23.5
2026-08-18T06:30:00.000-04:00,115.0,17800.0,7.4,23.4
2026-08-18T06:45:00.000-04:00,117.0,17800.0,7.4,23.4
2026-08-18T07:00:00.000-04:00,115.0,17700.0,7.4,23.4
2026-08-18T07:15:00.000-04:00,117.0,17600.0,7.4,23.4
2026-08-18T07:30:00.000-04:00,114.0,17700.0,7.3,23.4
2026-08-18T07:45:00.000-04:00,116.0,17500.0,7.4,23.4
2026-08-18T08:00:00.000-04:00,118.0,17500.0,7.3,23.4
2026-08-18T08:15:00.000-04:00,116.0,17400.0,7.4,23.4
2026-08-18T08:30:00.000-04:00,118.0,17400.0,7.4,23.4
2026-08-18T08:45:00.000-04:00,119.0,17400.0,7.4,23.4
2026-08-18T09:00:00.000-04:00,120.0,17200.0,7.4,23.4
2026-08-18T09:15:00.000-04:00,120.0,17100.0,7.4,23.4
2026-08-18T09:45:00.000-04:00,119.0,17100.0,7.4,23.5
2026-08-18T10:00:00.000-04:00,121.0,17000.0,7.4,23.6
2026-08-18T10:15:00.000-04:00,121.0,17000.0,7.4,23.6
2026-08-18T10:30:00.000-04:00,119.0,17100.0,7.4,23.7
2026-08-18T10:45:00.000-04:00,121.0,16900.0,7.4,23.7
2026-08-18T11:00:00.000-04:00,119.0,16800.0,7.4,23.8
2026-08-18T11:15:00.000-04:00,120.0,16800.0,7.4,23.8
2026-08-18T11:30:00.000-04:00,118.0,16800.0,7.4,23.9
2026-08-18T11:45:00.000-04:00,119.0,16800.0,7.4,24.0
2026-08-18T12:00:00.000-04:00,119.0,16700.0,7.4,24.0
2026-08-18T12:15:00.000-04:00,118.0,16600.0,7.4,24.1
2026-08-18T12:30:00.000-04:00,119.0,16500.0,7.3,24.2
2026-08-18T12:45:00.000-04:00,119.0,16600.0,7.4,24.2
2026-08-18T13:00:00.000-04:00,119.0,16400.0,7.4,24.3
2026-08-18T13:15:00.000-04:00,117.0,16400.0,7.4,24.4
2026-08-18T13:30:00.000-04:00,116.0,16300.0,7.3,24.4
2026-08-18T13:45:00.000-04:00,116.0,16200.0,7.4,24.4
2026-08-18T14:00:00.000-04:00,116.0,16200.0,7.4,24.5
2026-08-18T14:15:00.000-04:00,116.0,16100.0,7.4,24.5
2026-08-18T14:30:00.000-04:00,116.0,15900.0,7.3,24.5
2026-08-18T14:45:00.000-04:00,117.0,15800.0,7.3,24.6
2026-08-18T15:00:00.000-04:00,115.0,15600.0,7.3,24.7
2026-08-18T15:15:00.000-04:00,115.0,15500.0,7.3,24.8
2026-08-18T15:30:00.000-04:00,116.0,15400.0,7.3,24.8
2026-08-18T15:45:00.000-04:00,113.0,15200.0,7.3,24.9
2026-08-18T16:00:00.000-04:00,114.0,15200.0,7.3,24.9
2026-08-18T16:15:00.000-04:00,113.0,15000.0,7.3,25.0
2026-08-18T16:30:00.000-04:00,104.0,14900.0,7.3,25.0
2026-08-18T16:45:00.000-04:00,111.0,14700.0,7.3,25.0
2026-08-18T17:00:00.000-04:00,112.0,14500.0,7.3,25.0
2026-08-18T17:15:00.000-04:00,110.0,14400.0,7.3,25.0
2026-08-18T17:30:00.000-04:00,111.0,14200.0,7.3,25.0
2026-08-18T17:45:00.000-04:00,111.0,14100.0,7.3,25.0
2026-08-18T18:00:00.000-04:00,108.0,14000.0,7.4,25.0
2026-08-18T18:15:00.000-04:00,109.0,13600.0,7.3,25.1
2026-08-18T18:30:00.000-04:00,106.0,13500.0,7.3,25.1
2026-08-18T18:45:00.000-04:00,106.0,13400.0,7.3,25.0
2026-08-18T19:00:00.000-04:00,106.0,13200.0,7.3,25.0
2026-08-18T19:15:00.000-04:00,105.0,13000.0,7.4,25.0
2026-08-18T19:30:00.000-04:00,102.0,12900.0,7.4,25.0
2026-08-18T19:45:00.000-04:00,103.0,12800.0,7.4,24.9
2026-08-18T20:00:00.000-04:00,101.0,12700.0,7.4,24.9
2026-08-18T20:15:00.000-04:00,102.0,12500.0,7.4,24.9
2026-08-18T20:30:00.000-04:00,99.7,12300.0,7.3,24.9
2026-08-18T20:45:00.000-04:00,98.9,12200.0,7.4,24.8
2026-08-18T21:00:00.000-04:00,97.9,12100.0,7.4,24.8
2026-08-18T21:15:00.000-04:00,97.3,12000.0,7.4,24.8
2026-08-18T21:30:00.000-04:00,94.7,11900.0,7.4,24.8
2026-08-18T21:45:00.000-04:00,96.2,11700.0,7.4,24.8
2026-08-18T22:00:00.000-04:00,93.7,11600.0,7.4,24.7
2026-08-18T22:15:00.000-04:00,93.9,11500.0,7.4,24.7
2026-08-18T22:30:00.000-04:00,92.4,11400.0,7.4,24.7
2026-08-18T22:45:00.000-04:00,91.6,11300.0,7.4,24.7
2026-08-18T23:00:00.000-04:00,91.0,11200.0,7.4,24.6
2026-08-18T23:15:00.000-04:00,90.2,11200.0,7.4,24.6
2026-08-18T23:30:00.000-04:00,88.6,11200.0,7.4,24.6
2026-08-18T23:45:00.000-04:00,88.1,11100.0,7.4,24.6
2026-08-19T00:00:00.000-04:00,86.7,11000.0,7.4,24.5
2026-08-19T00:15:00.000-04:00,85.8,10900.0,7.4,24.5
2026-08-19T00:30:00.000-04:00,85.9,10800.0,7.4,24.5
2026-08-19T00:45:00.000-04:00,85.1,10700.0,7.4,24.5
2026-08-19T01:00:00.000-04:00,84.9,10800.0,7.4,24.5
2026-08-19T01:15:00.000-04:00,83.0,10600.0,7.4,24.4
2026-08-19T01:30:00.000-04:00,82.6,10700.0,7.4,24.4
2026-08-19T01:45:00.000-04:00,83.0,10600.0,7.4,24.4
2026-08-19T02:00:00.000-04:00,81.8,10500.0,7.4,24.4
2026-08-19T02:15:00.000-04:00,81.4,10600.0,7.4,24.4
2026-08-19T02:30:00.000-04:00,80.0,10500.0,7.4,24.3
2026-08-19T02:45:00.000-04:00,80.9,10500.0,7.4,24.3
2026-08-19T03:00:00.000-04:00,79.0,10400.0,7.4,24.3
2026-08-19T03:15:00.000-04:00,79.3,10400.0,7.4,24.3
2026-08-19T03:30:00.000-04:00,79.4,10300.0,7.4,24.3
2026-08-19T03:45:00.000-04:00,79.4,10300.0,7.4,24.3
2026-08-19T04:00:00.000-04:00,78.1,10300.0,7.4,24.2
2026-08-19T04:15:00.000-04:00,77.7,10200.0,7.4,24.2
2026-08-19T04:30:00.000-04:00,77.5,10200.0,7.4,24.2
2026-08-19T04:45:00.000-04:00,78.2,10200.0,7.4,24.2
2026-08-19T05:00:00.000-04:00,77.5,10100.0,7.4,24.2
2026-08-19T05:15:00.000-04:00,76.0,10100.0,7.4,24.2
2026-08-19T05:30:00.000-04:00,76.0,10100.0,7.4,24.1
2026-08-19T05:45:00.000-04:00,76.0,10000.0,7.4,24.1
2026-08-19T06:00:00.000-04:00,76.3,10000.0,7.4,24.1
2026-08-19T06:15:00.000-04:00,74.4,10000.0,7.4,24.1
2026-08-19T06:30:00.000-04:00,75.7,10000.0,7.4,24.1
2026-08-19T06:45:00.000-04:00,74.3,9960.0,7.4,24.1
2026-08-19T07:00:00.000-04:00,75.7,9910.0,7.4,24.0
2026-08-19T07:15:00.000-04:00,75.3,9870.0,7.4,24.0
2026-08-19T07:30:00.000-04:00,74.6,9910.0,7.4,24.0
2026-08-19T07:45:00.000-04:00,76.2,9910.0,7.4,24.0
2026-08-19T08:00:00.000-04:00,76.2,9870.0,7.4,24.0
2026-08-19T08:15:00.000-04:00,75.6,9870.0,7.4,24.0
2026-08-19T08:30:00.000-04:00,76.4,9870.0,7.4,24.0
2026-08-19T08:45:00.000-04:00,76.2,9870.0,7.4,24.0
2026-08-19T09:00:00.000-04:00,76.1,9820.0,7.4,24.0
2026-08-19T09:15:00.000-04:00,76.5,9820.0,7.4,24.1
2026-08-19T09:30:00.000-04:00,76.1,9820.0,7.4,24.1
2026-08-19T09:45:00.000-04:00,76.3,9780.0,7.4,24.1
2026-08-19T10:00:00.000-04:00,76.2,9730.0,7.4,24.1
2026-08-19T10:15:00.000-04:00,76.1,9730.0,7.4,24.2
2026-08-19T10:30:00.000-04:00,74.9,9730.0,7.4,24.2
2026-08-19T10:45:00.000-04:00,76.3,9730.0,7.4,24.2
2026-08-19T11:00:00.000-04:00,76.6,9650.0,7.4,24.3
2026-08-19T11:15:00.000-04:00,76.8,9650.0,7.4,24.3
2026-08-19T11:30:00.000-04:00,75.5,9600.0,7.4,24.4
2026-08-19T11:45:00.000-04:00,76.5,9600.0,7.4,24.5
2026-08-19T12:00:00.000-04:00,76.2,9600.0,7.4,24.6
2026-08-19T12:15:00.000-04:00,75.4,9560.0,7.4,24.7
2026-08-19T12:30:00.000-04:00,75.3,9520.0,7.4,24.8
2026-08-19T12:45:00.000-04:00,75.0,9560.0,7.4,24.8
2026-08-19T13:00:00.000-04:00,75.2,9520.0,7.4,24.9
2026-08-19T13:15:00.000-04:00,76.0,9520.0,7.4,25.0
2026-08-19T13:30:00.000-04:00,75.2,9430.0,7.4,25.1
2026-08-19T13:45:00.000-04:00,76.1,9340.0,7.4,25.1
2026-08-19T14:00:00.000-04:00,76.8,9390.0,7.4,25.2
2026-08-19T14:15:00.000-04:00,76.8,9430.0,7.4,25.3
2026-08-19T14:30:00.000-04:00,77.9,9300.0,7.4,25.3
2026-08-19T14:45:00.000-04:00,76.9,9340.0,7.4,25.5
2026-08-19T15:00:00.000-04:00,75.6,9300.0,7.4,25.5
2026-08-19T15:15:00.000-04:00,75.4,9260.0,7.4,25.6
2026-08-19T15:30:00.000-04:00,76.8,9260.0,7.4,25.6
2026-08-19T15:45:00.000-04:00,76.6,9210.0,7.4,25.6
2026-08-19T16:00:00.000-04:00,76.3,9170.0,7.4,25.7
2026-08-19T16:15:00.000-04:00,75.0,9080.0,7.4,25.8
2026-08-19T16:30:00.000-04:00,75.6,9000.0,7.4,25.8
2026-08-19T16:45:00.000-04:00,75.3,9040.0,7.4,25.8
2026-08-19T17:00:00.000-04:00,76.0,8960.0,7.4,25.8
2026-08-19T17:15:00.000-04:00,79.5,8920.0,7.4,25.9
2026-08-19T17:30:00.000-04:00,76.5,8790.0,7.4,25.9
2026-08-19T17:45:00.000-04:00,76.6,8750.0,7.4,25.9
2026-08-19T18:00:00.000-04:00,75.6,8750.0,7.4,25.9
2026-08-19T18:15:00.000-04:00,75.5,8620.0,7.4,25.9
2026-08-19T18:30:00.000-04:00,73.4,8580.0,7.4,25.9
2026-08-19T18:45:00.000-04:00,73.9,8500.0,7.4,25.9
2026-08-19T19:00:00.000-04:00,74.9,8330.0,7.4,25.9
2026-08-19T19:15:00.000-04:00,73.0,8330.0,7.4,25.9
2026-08-19T19:30:00.000-04:00,72.1,8210.0,7.4,25.9
2026-08-19T19:45:00.000-04:00,72.7,8090.0,7.4,25.9
2026-08-19T20:00:00.000-04:00,72.2,8090.0,7.4,25.8
2026-08-19T20:15:00.000-04:00,71.3,7970.0,7.4,25.8
2026-08-19T20:30:00.000-04:00,71.0,7890.0,7.4,25.8
2026-08-19T20:45:00.000-04:00,70.0,7810.0,7.4,25.8
2026-08-19T21:00:00.000-04:00,69.4,7770.0,7.4,25.7
2026-08-19T21:15:00.000-04:00,69.6,7610.0,7.4,25.7
2026-08-19T21:30:00.000-04:00,68.7,7580.0,7.4,25.7
2026-08-19T21:45:00.000-04:00,68.6,7500.0,7.4,25.6
2026-08-19T22:00:00.000-04:00,68.2,7500.0,7.4,25.6
2026-08-19T22:15:00.000-04:00,67.3,7380.0,7.4,25.5
2026-08-19T22:30:00.000-04:00,66.3,7310.0,7.4,25.5
2026-08-19T22:45:00.000-04:00,66.2,7270.0,7.4,25.5
2026-08-19T23:00:00.000-04:00,66.0,7190.0,7.4,25.5
2026-08-19T23:15:00.000-04:00,65.4,7150.0,7.4,25.4
2026-08-19T23:30:00.000-04:00,65.5,7080.0,7.4,25.4
2026-08-19T23:45:00.000-04:00,65.7,7040.0,7.4,25.4
2026-08-20T00:00:00.000-04:00,64.8,7000.0,7.4,25.4
2026-08-20T00:15:00.000-04:00,65.4,6960.0,7.4,25.3
2026-08-20T00:30:00.000-04:00,64.0,6890.0,7.4,25.3
2026-08-20T00:45:00.000-04:00,64.2,6850.0,7.4,25.3
2026-08-20T01:00:00.000-04:00,64.8,6820.0,7.4,25.3
2026-08-20T01:15:00.000-04:00,63.7,6780.0,7.4,25.2
2026-08-20T01:30:00.000-04:00,63.7,6700.0,7.4,25.2
2026-08-20T01:45:00.000-04:00,64.0,6700.0,7.4,25.2
2026-08-20T02:00:00.000-04:00,62.9,6670.0,7.4,25.1
2026-08-20T02:15:00.000-04:00,63.4,6630.0,7.4,25.1
2026-08-20T02:30:00.000-04:00,62.1,6590.0,7.4,25.1
2026-08-20T02:45:00.000-04:00,63.3,6590.0,7.4,25.0
2026-08-20T03:00:00.000-04:00,62.2,6590.0,7.4,25.0
2026-08-20T03:15:00.000-04:00,61.8,6520.0,7.4,25.0
2026-08-20T03:30:00.000-04:00,62.3,6520.0,7.4,25.0
2026-08-20T03:45:00.000-04:00,63.7,6520.0,7.4,24.9
2026-08-20T04:00:00.000-04:00,62.0,6490.0,7.4,24.9
2026-08-20T04:15:00.000-04:00,61.5,6490.0,7.4,24.9
2026-08-20T04:30:00.000-04:00,61.9,6410.0,7.4,24.9
2026-08-20T04:45:00.000-04:00,62.3,6450.0,7.4,24.8
2026-08-20T05:00:00.000-04:00,62.3,6380.0,7.4,24.8
2026-08-20T05:15:00.000-04:00,61.9,6340.0,7.4,24.8
2026-08-20T05:30:00.000-04:00,61.1,6340.0,7.4,24.8
2026-08-20T05:45:00.000-04:00,61.6,6340.0,7.4,24.7
2026-08-20T06:00:00.000-04:00,61.9,6310.0,7.4,24.7
2026-08-20T06:15:00.000-04:00,62.0,6310.0,7.4,24.7
2026-08-20T06:30:00.000-04:00,61.1,6270.0,7.4,24.7
2026-08-20T06:45:00.000-04:00,62.0,6270.0,7.4,24.6
2026-08-20T07:00:00.000-04:00,61.9,6230.0,7.4,24.6
2026-08-20T07:15:00.000-04:00,62.6,6230.0,7.4,24.6
2026-08-20T07:30:00.000-04:00,60.5,6230.0,7.4,24.6
2026-08-20T07:45:00.000-04:00,62.8,6160.0,7.4,24.6
2026-08-20T08:00:00.000-04:00,63.2,6160.0,7.4,24.6
2026-08-20T08:15:00.000-04:00,62.7,6230.0,7.4,24.5
2026-08-20T08:30:00.000-04:00,208.0,6200.0,7.4,24.5
2026-08-20T08:45:00.000-04:00,76.5,6230.0,7.5,24.5
2026-08-20T09:00:00.000-04:00,62.4,6270.0,7.5,24.4
2026-08-20T09:15:00.000-04:00,68.5,6270.0,7.5,24.4
2026-08-20T09:30:00.000-04:00,63.9,6270.0,7.5,24.4
2026-08-20T09:45:00.000-04:00,63.8,6270.0,7.5,24.4
2026-08-20T10:00:00.000-04:00,66.2,6270.0,7.5,24.5
2026-08-20T10:15:00.000-04:00,64.5,6270.0,7.5,24.5
2026-08-20T10:30:00.000-04:00,63.3,6230.0,7.5,24.6
2026-08-20T10:45:00.000-04:00,64.4,6200.0,7.5,24.7
2026-08-20T11:00:00.000-04:00,63.2,6200.0,7.5,24.8
2026-08-20T11:15:00.000-04:00,65.3,6200.0,7.5,24.9
2026-08-20T11:30:00.000-04:00,61.4,6160.0,7.5,24.9
2026-08-20T11:45:00.000-04:00,63.6,6160.0,7.5,24.9
2026-08-20T12:00:00.000-04:00,61.9,6130.0,7.5,25.1
2026-08-20T12:15:00.000-04:00,65.3,6130.0,7.5,25.2
2026-08-20T12:30:00.000-04:00,65.9,6090.0,7.5,25.3
2026-08-20T12:45:00.000-04:00,62.8,6060.0,7.5,25.3
2026-08-20T13:00:00.000-04:00,61.7,6060.0,7.5,25.4
2026-08-20T13:15:00.000-04:00,60.8,6020.0,7.5,25.5
2026-08-20T13:30:00.000-04:00,59.2,5990.0,7.5,25.5
2026-08-20T13:45:00.000-04:00,59.6,5990.0,7.5,25.4
2026-08-20T14:00:00.000-04:00,59.6,5950.0,7.5,25.4
2026-08-20T14:15:00.000-04:00,59.1,5920.0,7.5,25.4
2026-08-20T14:30:00.000-04:00,57.6,5920.0,7.5,25.4
2026-08-20T14:45:00.000-04:00,58.8,5950.0,7.5,25.4
2026-08-20T15:00:00.000-04:00,58.5,5950.0,7.5,25.3
2026-08-20T15:15:00.000-04:00,57.2,5920.0,7.5,25.3
2026-08-20T15:30:00.000-04:00,57.5,5920.0,7.5,25.3
2026-08-20T15:45:00.000-04:00,58.6,5920.0,7.5,25.3
2026-08-20T16:00:00.000-04:00,63.0,5880.0,7.5,25.3
2026-08-20T16:15:00.000-04:00,60.7,5880.0,7.5,25.4
2026-08-20T16:30:00.000-04:00,58.8,5920.0,7.5,25.5
2026-08-20T16:45:00.000-04:00,58.6,5850.0,7.5,25.5
2026-08-20T17:00:00.000-04:00,57.6,5850.0,7.6,25.6
2026-08-20T17:15:00.000-04:00,57.1,5850.0,7.6,25.6
2026-08-20T17:30:00.000-04:00,56.1,5880.0,7.6,25.6
2026-08-20T17:45:00.000-04:00,56.4,5850.0,7.6,25.6
2026-08-20T18:00:00.000-04:00,55.5,5850.0,7.6,25.6
2026-08-20T18:15:00.000-04:00,55.3,5850.0,7.6,25.6
2026-08-20T18:30:00.000-04:00,54.8,5810.0,7.6,25.6
2026-08-20T18:45:00.000-04:00,54.7,5810.0,7.6,25.5
2026-08-20T19:00:00.000-04:00,54.9,5780.0,7.6,25.5
2026-08-20T19:15:00.000-04:00,54.5,5780.0,7.6,25.5
2026-08-20T19:30:00.000-04:00,54.3,5780.0,7.6,25.5
2026-08-20T19:45:00.000-04:00,54.1,5750.0,7.6,25.4
2026-08-20T20:00:00.000-04:00,53.8,5750.0,7.6,25.4
2026-08-20T20:15:00.000-04:00,53.5,5640.0,7.6,25.3
2026-08-20T20:30:00.000-04:00,53.0,5680.0,7.6,25.3
2026-08-20T20:45:00.000-04:00,53.0,5640.0,7.6,25.2
2026-08-20T21:00:00.000-04:00,52.8,5610.0,7.6,25.2
2026-08-20T21:15:00.000-04:00,52.7,5610.0,7.6,25.2
2026-08-20T21:30:00.000-04:00,53.2,5580.0,7.6,25.2
2026-08-20T21:45:00.000-04:00,52.6,5580.0,7.6,25.1
2026-08-20T22:00:00.000-04:00,52.0,5610.0,7.6,25.1
2026-08-20T22:15:00.000-04:00,52.2,5580.0,7.6,25.1
2026-08-20T22:30:00.000-04:00,51.9,5580.0,7.6,25.1
2026-08-20T22:45:00.000-04:00,51.8,5580.0,7.6,25.1
2026-08-20T23:00:00.000-04:00,51.1,5580.0,7.6,25.0
2026-08-20T23:15:00.000-04:00,51.5,5580.0,7.6,25.0
2026-08-20T23:30:00.000-04:00,50.9,5580.0,7.6,25.0
2026-08-20T23:45:00.000-04:00,51.4,5580.0,7.6,25.0
2026-08-21T00:00:00.000-04:00,51.1,5540.0,7.5,25.0
2026-08-21T00:15:00.000-04:00,50.6,5540.0,7.5,24.9
2026-08-21T00:30:00.000-04:00,51.0,5510.0,7.5,24.9
2026-08-21T00:45:00.000-04:00,51.0,5540.0,7.5,24.8
2026-08-21T01:00:00.000-04:00,51.1,5540.0,7.5,24.8
2026-08-21T01:15:00.000-04:00,51.0,5510.0,7.5,24.8
2026-08-21T01:30:00.000-04:00,50.4,5510.0,7.5,24.7
2026-08-21T01:45:00.000-04:00,51.1,5480.0,7.5,24.7
2026-08-21T02:00:00.000-04:00,50.7,5510.0,7.5,24.7
2026-08-21T02:15:00.000-04:00,51.1,5510.0,7.6,24.6
2026-08-21T02:30:00.000-04:00,50.4,5480.0,7.6,24.6
2026-08-21T02:45:00.000-04:00,51.3,5480.0,7.6,24.5
2026-08-21T03:00:00.000-04:00,51.4,5440.0,7.6,24.5
2026-08-21T03:15:00.000-04:00,51.4,5440.0,7.5,24.4
2026-08-21T03:30:00.000-04:00,51.7,5410.0,7.5,24.4
2026-08-21T03:45:00.000-04:00,51.2,5410.0,7.5,24.4
2026-08-21T04:00:00.000-04:00,51.8,5410.0,7.5,24.3
2026-08-21T04:15:00.000-04:00,51.5,5410.0,7.5,24.3
2026-08-21T04:30:00.000-04:00,51.6,5340.0,7.5,24.3
2026-08-21T04:45:00.000-04:00,51.9,5380.0,7.5,24.2
2026-08-21T05:00:00.000-04:00,52.1,5380.0,7.5,24.2
2026-08-21T05:15:00.000-04:00,52.2,5340.0,7.5,24.2
2026-08-21T05:30:00.000-04:00,52.1,5340.0,7.5,24.1
2026-08-21T05:45:00.000-04:00,52.1,5310.0,7.5,24.1
2026-08-21T06:00:00.000-04:00,51.9,5310.0,7.5,24.0
2026-08-21T06:15:00.000-04:00,52.3,5280.0,7.5,24.0
2026-08-21T06:30:00.000-04:00,52.3,5280.0,7.5,23.9
2026-08-21T06:45:00.000-04:00,52.8,5240.0,7.5,23.9
2026-08-21T07:00:00.000-04:00,53.6,5240.0,7.6,23.9
2026-08-21T07:15:00.000-04:00,52.5,5240.0,7.6,23.8
2026-08-21T07:30:00.000-04:00,53.4,5240.0,7.5,23.8
2026-08-21T07:45:00.000-04:00,53.9,5240.0,7.5,23.8
2026-08-21T08:00:00.000-04:00,54.2,5180.0,7.5,23.8
2026-08-21T08:15:00.000-04:00,53.2,5210.0,7.5,23.8
2026-08-21T08:30:00.000-04:00,54.6,5180.0,7.6,23.8
2026-08-21T08:45:00.000-04:00,54.7,5180.0,7.6,23.8
2026-08-21T09:00:00.000-04:00,55.1,5180.0,7.6,23.8
2026-08-21T09:15:00.000-04:00,54.6,5150.0,7.6,23.9
2026-08-21T09:30:00.000-04:00,56.1,5150.0,7.6,23.9
2026-08-21T09:45:00.000-04:00,57.4,5150.0,7.6,24.0
2026-08-21T10:00:00.000-04:00,56.5,5150.0,7.6,24.0
2026-08-21T10:15:00.000-04:00,58.1,5150.0,7.6,24.1
2026-08-21T10:30:00.000-04:00,57.5,5110.0,7.6,24.2
2026-08-21T10:45:00.000-04:00,56.0,5110.0,7.6,24.2
2026-08-21T11:00:00.000-04:00,56.0,5110.0,7.6,24.3
2026-08-21T11:15:00.000-04:00,56.4,5080.0,7.6,24.4
2026-08-21T11:30:00.000-04:00,54.5,5080.0,7.6,24.5
2026-08-21T11:45:00.000-04:00,54.4,5080.0,7.6,24.6
2026-08-21T12:00:00.000-04:00,54.4,5080.0,7.6,24.6
2026-08-21T12:15:00.000-04:00,54.2,5080.0,7.6,24.7
2026-08-21T12:30:00.000-04:00,53.4,5050.0,7.6,24.8
2026-08-21T12:45:00.000-04:00,53.3,5050.0,7.6,24.9
2026-08-21T13:00:00.000-04:00,52.8,5050.0,7.6,25.0
2026-08-21T13:15:00.000-04:00,53.4,5050.0,7.6,25.1
2026-08-21T13:30:00.000-04:00,52.4,5050.0,7.6,25.2
2026-08-21T13:45:00.000-04:00,52.5,5050.0,7.6,25.3
2026-08-21T14:00:00.000-04:00,52.3,5050.0,7.6,25.4
2026-08-21T14:15:00.000-04:00,52.6,5050.0,7.6,25.5
2026-08-21T14:30:00.000-04:00,51.8,5050.0,7.6,25.5
2026-08-21T14:45:00.000-04:00,51.5,5050.0,7.6,25.6
2026-08-21T15:00:00.000-04:00,51.1,5050.0,7.6,25.6
2026-08-21T15:15:00.000-04:00,51.4,5020.0,7.6,25.7
2026-08-21T15:30:00.000-04:00,51.0,5020.0,7.6,25.8
2026-08-21T15:45:00.000-04:00,50.5,5020.0,7.6,25.9
2026-08-21T16:00:00.000-04:00,50.1,5020.0,7.6,25.9
2026-08-21T16:15:00.000-04:00,50.5,5020.0,7.6,25.9
2026-08-21T16:30:00.000-04:00,50.2,4980.0,7.6,25.9
2026-08-21T16:45:00.000-04:00,49.3,4980.0,7.6,25.9
2026-08-21T17:00:00.000-04:00,49.2,4980.0,7.6,25.9
2026-08-21T17:15:00.000-04:00,49.5,4980.0,7.6,25.9
2026-08-21T17:30:00.000-04:00,48.7,4950.0,7.6,25.9
2026-08-21T17:45:00.000-04:00,49.3,4980.0,7.6,25.9
2026-08-21T18:00:00.000-04:00,48.1,4950.0,7.6,25.9
2026-08-21T18:15:00.000-04:00,47.7,4920.0,7.6,25.9
2026-08-21T18:30:00.000-04:00,48.1,4920.0,7.6,25.9
2026-08-21T18:45:00.000-04:00,48.3,4880.0,7.6,25.9
2026-08-21T19:00:00.000-04:00,47.8,4850.0,7.6,25.8
2026-08-21T19:15:00.000-04:00,47.7,4820.0,7.6,25.8
2026-08-21T19:30:00.000-04:00,47.5,4750.0,7.6,25.8
2026-08-21T19:45:00.000-04:00,47.3,4750.0,7.6,25.8
2026-08-21T20:00:00.000-04:00,46.6,4720.0,7.6,25.8
2026-08-21T20:15:00.000-04:00,46.4,4680.0,7.6,25.8
2026-08-21T20:30:00.000-04:00,45.9,4620.0,7.6,25.8
2026-08-21T20:45:00.000-04:00,45.9,4590.0,7.6,25.8
2026-08-21T21:00:00.000-04:00,45.1,4560.0,7.6,25.8
2026-08-21T21:15:00.000-04:00,45.4,4490.0,7.6,25.8
2026-08-21T21:30:00.000-04:00,44.9,4490.0,7.6,25.7
2026-08-21T21:45:00.000-04:00,44.3,4460.0,7.6,25.7
2026-08-21T22:00:00.000-04:00,44.3,4400.0,7.6,25.7
2026-08-21T22:15:00.000-04:00,44.5,4360.0,7.6,25.7
2026-08-21T22:30:00.000-04:00,44.1,4330.0,7.6,25.7
2026-08-21T22:45:00.000-04:00,43.7,4270.0,7.6,25.7
2026-08-21T23:00:00.000-04:00,43.7,4240.0,7.6,25.7
2026-08-21T23:15:00.000-04:00,43.3,4210.0,7.6,25.6
2026-08-21T23:30:00.000-04:00,42.7,4150.0,7.6,25.6
2026-08-21T23:45:00.000-04:00,43.3,4120.0,7.6,25.6
2026-08-22T00:00:00.000-04:00,42.9,4090.0,7.6,25.6
2026-08-22T00:15:00.000-04:00,43.1,4000.0,7.6,25.6
2026-08-22T00:30:00.000-04:00,42.7,3970.0,7.6,25.6
2026-08-22T00:45:00.000-04:00,42.7,3910.0,7.6,25.6
2026-08-22T01:00:00.000-04:00,42.1,3880.0,7.6,25.6
2026-08-22T01:15:00.000-04:00,42.7,3850.0,7.6,25.5
2026-08-22T01:30:00.000-04:00,42.1,3820.0,7.6,25.5
2026-08-22T01:45:00.000-04:00,42.5,3760.0,7.6,25.5
2026-08-22T02:00:00.000-04:00,43.2,3730.0,7.6,25.5
2026-08-22T02:15:00.000-04:00,42.7,3700.0,7.6,25.4
2026-08-22T02:30:00.000-04:00,42.6,3670.0,7.6,25.4
2026-08-22T02:45:00.000-04:00,42.1,3640.0,7.6,25.4
2026-08-22T03:00:00.000-04:00,42.9,3610.0,7.6,25.4
2026-08-22T03:15:00.000-04:00,42.7,3590.0,7.6,25.3
2026-08-22T03:30:00.000-04:00,42.8,3560.0,7.6,25.3
2026-08-22T03:45:00.000-04:00,43.2,3530.0,7.6,25.2
2026-08-22T04:00:00.000-04:00,42.9,3530.0,7.6,25.2
2026-08-22T04:15:00.000-04:00,43.4,3470.0,7.6,25.2
2026-08-22T04:30:00.000-04:00,42.5,3470.0,7.6,25.1
2026-08-22T04:45:00.000-04:00,42.8,3440.0,7.6,25.1
2026-08-22T05:00:00.000-04:00,42.9,3420.0,7.6,25.0
2026-08-22T05:15:00.000-04:00,43.5,3420.0,7.6,25.0
2026-08-22T05:30:00.000-04:00,43.0,3390.0,7.6,25.0
2026-08-22T05:45:00.000-04:00,43.3,3360.0,7.6,24.9
2026-08-22T06:00:00.000-04:00,44.0,3330.0,7.6,24.9
2026-08-22T06:15:00.000-04:00,43.9,3330.0,7.6,24.8
2026-08-22T06:30:00.000-04:00,43.8,3330.0,7.6,24.8
2026-08-22T06:45:00.000-04:00,44.3,3330.0,7.6,24.8
2026-08-22T07:00:00.000-04:00,45.3,3310.0,7.6,24.7
2026-08-22T07:15:00.000-04:00,45.1,3280.0,7.6,24.7
2026-08-22T07:30:00.000-04:00,44.3,3280.0,7.6,24.7
2026-08-22T07:45:00.000-04:00,44.7,3280.0,7.6,24.7
2026-08-22T08:00:00.000-04:00,45.4,3250.0,7.6,24.7
2026-08-22T08:15:00.000-04:00,45.1,3250.0,7.6,24.7
2026-08-22T08:30:00.000-04:00,44.8,3250.0,7.6,24.7
2026-08-22T08:45:00.000-04:00,45.1,3280.0,7.6,24.7
2026-08-22T09:00:00.000-04:00,45.8,3280.0,7.6,24.7
2026-08-22T09:15:00.000-04:00,45.2,3280.0,7.6,24.7
2026-08-22T09:30:00.000-04:00,45.7,3280.0,7.6,24.7
2026-08-22T09:45:00.000-04:00,46.0,3280.0,7.7,24.7
2026-08-22T10:00:00.000-04:00,46.7,3280.0,7.7,24.8
2026-08-22T10:15:00.000-04:00,46.6,3280.0,7.7,24.8
2026-08-22T10:30:00.000-04:00,46.2,3310.0,7.7,24.8
2026-08-22T10:45:00.000-04:00,47.5,3310.0,7.7,24.8
2026-08-22T11:00:00.000-04:00,46.7,3310.0,7.7,24.8
2026-08-22T11:15:00.000-04:00,46.7,3330.0,7.7,24.9
2026-08-22T11:30:00.000-04:00,46.7,3330.0,7.7,25.0
2026-08-22T11:45:00.000-04:00,47.4,3360.0,7.7,25.1
2026-08-22T12:00:00.000-04:00,47.8,3360.0,7.7,25.3
2026-08-22T12:15:00.000-04:00,47.4,3390.0,7.7,25.4
2026-08-22T12:30:00.000-04:00,47.3,3420.0,7.7,25.6
2026-08-22T12:45:00.000-04:00,47.6,3440.0,7.7,25.7
2026-08-22T13:00:00.000-04:00,47.6,3440.0,7.7,25.8
2026-08-22T13:15:00.000-04:00,46.8,3470.0,7.7,25.7
2026-08-22T13:30:00.000-04:00,47.5,3500.0,7.7,25.6
2026-08-22T13:45:00.000-04:00,47.1,3500.0,7.7,25.5
2026-08-22T14:00:00.000-04:00,47.3,3530.0,7.7,25.3
2026-08-22T14:15:00.000-04:00,47.7,3610.0,7.7,25.2
2026-08-22T14:30:00.000-04:00,47.4,3640.0,7.7,25.0
2026-08-22T14:45:00.000-04:00,47.4,3640.0,7.7,24.9
2026-08-22T15:00:00.000-04:00,48.5,3640.0,7.7,24.8
2026-08-22T15:15:00.000-04:00,47.9,3730.0,7.7,24.9
2026-08-22T15:30:00.000-04:00,47.5,3760.0,7.7,24.9
2026-08-22T15:45:00.000-04:00,47.7,3850.0,7.7,24.9
2026-08-22T16:00:00.000-04:00,47.0,4000.0,7.7,24.7
2026-08-22T16:15:00.000-04:00,49.9,4120.0,7.7,24.6
2026-08-22T16:30:00.000-04:00,47.9,4150.0,7.7,24.6
2026-08-22T16:45:00.000-04:00,48.4,4240.0,7.7,24.6
2026-08-22T17:00:00.000-04:00,49.4,4270.0,7.7,24.6
2026-08-22T17:15:00.000-04:00,49.0,4300.0,7.7,24.7
2026-08-22T17:30:00.000-04:00,47.6,4330.0,7.7,24.8
2026-08-22T17:45:00.000-04:00,47.8,4300.0,7.7,24.9
2026-08-22T18:00:00.000-04:00,47.5,4270.0,7.7,24.9
2026-08-22T18:15:00.000-04:00,45.8,4270.0,7.7,24.9
2026-08-22T18:30:00.000-04:00,45.8,4300.0,7.7,24.9
2026-08-22T18:45:00.000-04:00,46.1,4300.0,7.7,24.9
2026-08-22T19:00:00.000-04:00,46.1,4300.0,7.7,24.9
2026-08-22T19:15:00.000-04:00,46.1,4300.0,7.7,24.9
2026-08-22T19:30:00.000-04:00,45.8,4300.0,7.7,24.9
2026-08-22T19:45:00.000-04:00,45.8,4330.0,7.7,24.9
2026-08-22T20:00:00.000-04:00,45.3,4330.0,7.7,24.8
2026-08-22T20:15:00.000-04:00,45.0,4330.0,7.7,24.8
2026-08-22T20:30:00.000-04:00,44.4,4360.0,7.7,24.8
2026-08-22T20:45:00.000-04:00,44.6,4400.0,7.7,24.7
2026-08-22T21:00:00.000-04:00,44.5,4400.0,7.7,24.7
2026-08-22T21:15:00.000-04:00,43.9,4430.0,7.7,24.7
2026-08-22T21:30:00.000-04:00,43.7,4490.0,7.7,24.6
2026-08-22T21:45:00.000-04:00,43.2,4460.0,7.7,24.6
2026-08-22T22:00:00.000-04:00,43.4,4460.0,7.7,24.6
2026-08-22T22:15:00.000-04:00,42.7,4490.0,7.7,24.5
2026-08-22T22:30:00.000-04:00,42.5,4520.0,7.7,24.5
2026-08-22T22:45:00.000-04:00,42.5,4490.0,7.7,24.5
2026-08-22T23:00:00.000-04:00,41.8,4520.0,7.7,24.5
2026-08-22T23:15:00.000-04:00,42.7,4520.0,7.7,24.5
2026-08-22T23:30:00.000-04:00,41.4,4520.0,7.7,24.5
2026-08-22T23:45:00.000-04:00,42.0,4560.0,7.7,24.4
2026-08-23T00:00:00.000-04:00,42.2,4560.0,7.7,24.4
2026-08-23T00:15:00.000-04:00,41.9,4560.0,7.7,24.4
2026-08-23T00:30:00.000-04:00,41.6,4620.0,7.7,24.4
2026-08-23T00:45:00.000-04:00,42.0,4620.0,7.7,24.4
2026-08-23T01:00:00.000-04:00,42.3,4590.0,7.7,24.3
2026-08-23T01:15:00.000-04:00,42.0,4590.0,7.7,24.3
2026-08-23T01:30:00.000-04:00,41.6,4620.0,7.7,24.3
2026-08-23T01:45:00.000-04:00,42.5,4620.0,7.7,24.3
2026-08-23T02:00:00.000-04:00,42.2,4620.0,7.7,24.2
2026-08-23T02:15:00.000-04:00,42.2,4650.0,7.7,24.2
2026-08-23T02:30:00.000-04:00,41.6,4650.0,7.7,24.2
2026-08-23T02:45:00.000-04:00,42.4,4650.0,7.7,24.1
2026-08-23T03:00:00.000-04:00,42.8,4680.0,7.7,24.1
2026-08-23T03:15:00.000-04:00,42.5,4650.0,7.7,24.0
2026-08-23T03:30:00.000-04:00,42.6,4680.0,7.7,24.0
2026-08-23T03:45:00.000-04:00,42.9,4680.0,7.7,23.9
2026-08-23T04:00:00.000-04:00,42.8,4680.0,7.7,23.9
2026-08-23T04:15:00.000-04:00,43.4,4720.0,7.7,23.8
2026-08-23T04:30:00.000-04:00,43.0,4720.0,7.7,23.8
2026-08-23T04:45:00.000-04:00,43.2,4750.0,7.7,23.7
2026-08-23T05:00:00.000-04:00,43.0,4750.0,7.7,23.7
2026-08-23T05:15:00.000-04:00,43.7,4750.0,7.7,23.7
2026-08-23T05:30:00.000-04:00,43.1,4750.0,7.7,23.6
2026-08-23T05:45:00.000-04:00,43.2,4780.0,7.7,23.6
2026-08-23T06:00:00.000-04:00,44.0,4780.0,7.7,23.6
2026-08-23T06:15:00.000-04:00,43.8,4780.0,7.7,23.5
2026-08-23T06:30:00.000-04:00,43.7,4780.0,7.6,23.5
2026-08-23T06:45:00.000-04:00,44.2,4820.0,7.6,23.5
2026-08-23T07:00:00.000-04:00,44.8,4780.0,7.6,23.5
2026-08-23T07:15:00.000-04:00,44.8,4820.0,7.6,23.4
2026-08-23T07:30:00.000-04:00,45.5,4820.0,7.6,23.4
2026-08-23T07:45:00.000-04:00,46.2,4820.0,7.6,23.4
2026-08-23T08:00:00.000-04:00,46.2,4820.0,7.6,23.4
2026-08-23T08:15:00.000-04:00,46.2,4820.0,7.6,23.4
2026-08-23T08:30:00.000-04:00,46.7,4820.0,7.6,23.4
2026-08-23T08:45:00.000-04:00,47.1,4850.0,7.7,23.4
2026-08-23T09:00:00.000-04:00,47.5,4820.0,7.7,23.4
2026-08-23T09:15:00.000-04:00,47.9,4850.0,7.7,23.5
2026-08-23T09:30:00.000-04:00,48.4,4850.0,7.7,23.5
2026-08-23T09:45:00.000-04:00,48.2,4850.0,7.7,23.6
2026-08-23T10:00:00.000-04:00,49.1,4850.0,7.7,23.7
2026-08-23T10:15:00.000-04:00,49.4,4850.0,7.7,23.7
2026-08-23T10:30:00.000-04:00,49.1,4850.0,7.7,23.8
2026-08-23T10:45:00.000-04:00,48.7,4850.0,7.7,23.9
2026-08-23T11:00:00.000-04:00,49.1,4850.0,7.7,23.9
2026-08-23T11:15:00.000-04:00,49.4,4850.0,7.7,24.0
2026-08-23T11:30:00.000-04:00,49.2,4880.0,7.7,24.1
2026-08-23T11:45:00.000-04:00,49.8,4880.0,7.7,24.1
2026-08-23T12:00:00.000-04:00,49.5,4880.0,7.7,24.2
2026-08-23T12:15:00.000-04:00,49.1,4880.0,7.7,24.3
2026-08-23T12:30:00.000-04:00,48.8,4880.0,7.8,24.3
2026-08-23T12:45:00.000-04:00,49.1,4920.0,7.8,24.4
2026-08-23T13:00:00.000-04:00,48.8,4920.0,7.8,24.4
2026-08-23T13:15:00.000-04:00,48.6,4920.0,7.8,24.5
2026-08-23T13:30:00.000-04:00,47.8,4920.0,7.8,24.6
2026-08-23T13:45:00.000-04:00,48.2,4920.0,7.8,24.7
2026-08-23T14:00:00.000-04:00,48.3,4950.0,7.8,24.6
2026-08-23T14:15:00.000-04:00,48.4,4920.0,7.8,24.7
2026-08-23T14:30:00.000-04:00,47.2,4920.0,7.8,24.7
2026-08-23T14:45:00.000-04:00,47.6,4950.0,7.8,24.7
2026-08-23T15:00:00.000-04:00,47.9,4950.0,7.8,24.8
2026-08-23T15:15:00.000-04:00,47.6,4950.0,7.8,24.9
2026-08-23T15:30:00.000-04:00,46.8,4920.0,7.8,24.9
2026-08-23T15:45:00.000-04:00,47.8,4920.0,7.8,25.0
2026-08-23T16:00:00.000-04:00,47.1,4920.0,7.8,25.0
2026-08-23T16:15:00.000-04:00,47.5,4880.0,7.8,25.0
2026-08-23T16:30:00.000-04:00,47.1,4920.0,7.8,25.0
2026-08-23T16:45:00.000-04:00,46.3,4880.0,7.8,25.1
2026-08-23T17:00:00.000-04:00,46.9,4850.0,7.8,25.1
2026-08-23T17:15:00.000-04:00,46.5,4850.0,7.8,25.1
2026-08-23T17:30:00.000-04:00,45.5,4850.0,7.8,25.0
2026-08-23T17:45:00.000-04:00,46.3,4820.0,7.8,25.0
2026-08-23T18:00:00.000-04:00,46.1,4820.0,7.8,25.0
2026-08-23T18:15:00.000-04:00,45.2,4820.0,7.8,25.0
2026-08-23T18:30:00.000-04:00,44.8,4780.0,7.8,24.9
2026-08-23T18:45:00.000-04:00,44.9,4750.0,7.8,24.9
2026-08-23T19:00:00.000-04:00,44.8,4750.0,7.8,24.9
2026-08-23T19:15:00.000-04:00,45.1,4680.0,7.8,24.8
2026-08-23T19:30:00.000-04:00,44.3,4720.0,7.8,24.8
2026-08-23T19:45:00.000-04:00,44.3,4680.0,7.8,24.8
2026-08-23T20:00:00.000-04:00,43.8,4650.0,7.8,24.7
2026-08-23T20:15:00.000-04:00,43.2,4620.0,7.8,24.7
2026-08-23T20:30:00.000-04:00,43.4,4590.0,7.8,24.6
2026-08-23T20:45:00.000-04:00,43.2,4590.0,7.8,24.6
2026-08-23T21:00:00.000-04:00,43.0,4590.0,7.8,24.5
2026-08-23T21:15:00.000-04:00,42.3,4560.0,7.8,24.5
2026-08-23T21:30:00.000-04:00,41.7,4560.0,7.8,24.5
2026-08-23T21:45:00.000-04:00,41.9,4490.0,7.8,24.5
2026-08-23T22:00:00.000-04:00,41.5,4490.0,7.8,24.4
2026-08-23T22:15:00.000-04:00,41.8,4460.0,7.8,24.4
2026-08-23T22:30:00.000-04:00,40.4,4400.0,7.8,24.4
2026-08-23T22:45:00.000-04:00,40.6,4360.0,7.8,24.4
2026-08-23T23:00:00.000-04:00,40.7,4330.0,7.8,24.3
2026-08-23T23:15:00.000-04:00,39.8,4270.0,7.8,24.3
2026-08-23T23:30:00.000-04:00,40.0,4180.0,7.8,24.3
2026-08-23T23:45:00.000-04:00,39.5,4150.0,7.8,24.2
2026-08-24T00:00:00.000-04:00,39.5,4120.0,7.8,24.2
2026-08-24T00:15:00.000-04:00,39.5,4060.0,7.8,24.1
2026-08-24T00:30:00.000-04:00,39.2,4030.0,7.8,24.1
2026-08-24T00:45:00.000-04:00,39.1,3940.0,7.8,24.1
2026-08-24T01:00:00.000-04:00,39.0,3910.0,7.8,24.0
2026-08-24T01:15:00.000-04:00,38.9,3850.0,7.8,24.0
2026-08-24T01:30:00.000-04:00,39.3,3820.0,7.8,23.9
2026-08-24T01:45:00.000-04:00,39.3,3760.0,7.8,23.9
2026-08-24T02:00:00.000-04:00,39.5,3760.0,7.8,23.8
2026-08-24T02:15:00.000-04:00,39.0,3700.0,7.8,23.8
2026-08-24T02:30:00.000-04:00,39.4,3670.0,7.7,23.7
2026-08-24T02:45:00.000-04:00,38.7,3610.0,7.7,23.7
2026-08-24T03:00:00.000-04:00,38.8,3610.0,7.7,23.6
2026-08-24T03:15:00.000-04:00,39.4,3590.0,7.7,23.6
2026-08-24T03:30:00.000-04:00,38.7,3560.0,7.7,23.5
2026-08-24T03:45:00.000-04:00,39.7,3530.0,7.7,23.5
2026-08-24T04:00:00.000-04:00,38.8,3500.0,7.7,23.4
2026-08-24T04:15:00.000-04:00,39.0,3500.0,7.7,23.4
2026-08-24T04:30:00.000-04:00,39.2,3470.0,7.7,23.3
2026-08-24T04:45:00.000-04:00,39.6,3440.0,7.7,23.3
2026-08-24T05:00:00.000-04:00,39.4,3420.0,7.7,23.2
2026-08-24T05:15:00.000-04:00,39.5,3390.0,7.7,23.2
2026-08-24T05:30:00.000-04:00,39.7,3390.0,7.7,23.1
2026-08-24T05:45:00.000-04:00,39.8,3360.0,7.7,23.1
2026-08-24T06:00:00.000-04:00,39.9,3330.0,7.7,23.0
2026-08-24T06:15:00.000-04:00,40.1,3330.0,7.7,23.0
2026-08-24T06:30:00.000-04:00,39.6,3310.0,7.7,22.9
2026-08-24T06:45:00.000-04:00,40.1,3280.0,7.7,22.9
2026-08-24T07:00:00.000-04:00,40.9,3280.0,7.7,22.8
2026-08-24T07:15:00.000-04:00,40.1,3250.0,7.7,22.8
2026-08-24T07:30:00.000-04:00,40.8,3250.0,7.7,22.7
2026-08-24T07:45:00.000-04:00,41.1,3230.0,7.7,22.7
2026-08-24T08:00:00.000-04:00,40.9,3230.0,7.7,22.7
2026-08-24T08:15:00.000-04:00,41.0,3200.0,7.7,22.7
2026-08-24T08:30:00.000-04:00,40.8,3200.0,7.7,22.7
2026-08-24T08:45:00.000-04:00,41.2,3170.0,7.7,22.7
2026-08-24T09:00:00.000-04:00,41.6,3170.0,7.7,22.8
2026-08-24T09:15:00.000-04:00,41.4,3170.0,7.8,22.8
2026-08-24T09:30:00.000-04:00,41.9,3140.0,7.8,22.9
2026-08-24T09:45:00.000-04:00,41.7,3140.0,7.8,23.0
2026-08-24T10:00:00.000-04:00,42.3,3140.0,7.8,23.0
2026-08-24T10:15:00.000-04:00,42.2,3120.0,7.8,23.1
2026-08-24T10:30:00.000-04:00,43.1,3140.0,7.8,23.2
2026-08-24T10:45:00.000-04:00,44.6,3140.0,7.8,23.3
2026-08-24T11:00:00.000-04:00,52.3,3120.0,7.8,23.4
2026-08-24T11:15:00.000-04:00,46.9,3120.0,7.9,23.5
2026-08-24T11:30:00.000-04:00,44.1,3140.0,7.9,23.6
2026-08-24T11:45:00.000-04:00,43.9,3140.0,7.9,23.7
2026-08-24T12:00:00.000-04:00,42.8,3140.0,7.9,23.8
2026-08-24T12:15:00.000-04:00,42.8,3120.0,7.9,23.8
2026-08-24T12:30:00.000-04:00,42.5,3120.0,7.9,23.9
2026-08-24T12:45:00.000-04:00,42.7,3120.0,7.9,24.0
2026-08-24T13:00:00.000-04:00,44.3,3140.0,7.9,24.1
2026-08-24T13:15:00.000-04:00,45.6,3090.0,7.9,24.2
2026-08-24T13:30:00.000-04:00,47.2,3140.0,8.0,24.3
2026-08-24T13:45:00.000-04:00,46.1,3120.0,8.0,24.4
2026-08-24T14:00:00.000-04:00,45.7,3140.0,8.0,24.4
2026-08-24T14:15:00.000-04:00,45.8,3120.0,8.0,24.5
2026-08-24T14:30:00.000-04:00,44.9,3120.0,8.0,24.6
2026-08-24T14:45:00.000-04:00,43.8,3140.0,8.0,24.6
2026-08-24T15:00:00.000-04:00,43.9,3140.0,8.0,24.5
2026-08-24T15:15:00.000-04:00,44.8,3120.0,8.0,24.6
2026-08-24T15:30:00.000-04:00,44.6,3120.0,8.0,24.6
2026-08-24T15:45:00.000-04:00,44.1,3090.0,8.0,24.6
2026-08-24T16:00:00.000-04:00,44.2,3120.0,8.0,24.5
2026-08-24T16:15:00.000-04:00,44.8,3120.0,8.0,24.5
2026-08-24T16:30:00.000-04:00,43.5,3090.0,8.0,24.6
2026-08-24T16:45:00.000-04:00,42.6,3090.0,8.0,24.6
2026-08-24T17:00:00.000-04:00,45.1,3070.0,8.0,24.6
2026-08-24T17:15:00.000-04:00,47.0,3040.0,8.0,24.6
2026-08-24T17:30:00.000-04:00,45.0,3010.0,8.0,24.5
2026-08-24T17:45:00.000-04:00,43.6,3010.0,8.0,24.4
2026-08-24T18:00:00.000-04:00,44.0,2960.0,8.0,24.4
2026-08-24T18:15:00.000-04:00,43.1,2960.0,8.0,24.4
2026-08-24T18:30:00.000-04:00,42.3,2940.0,8.0,24.3
2026-08-24T18:45:00.000-04:00,42.5,2940.0,8.0,24.3
2026-08-24T19:00:00.000-04:00,42.5,2910.0,8.0,24.3
2026-08-24T19:15:00.000-04:00,41.7,2880.0,8.0,24.2
2026-08-24T19:30:00.000-04:00,42.0,2860.0,8.0,24.2
2026-08-24T19:45:00.000-04:00,40.8,2830.0,8.0,24.2
2026-08-24T20:00:00.000-04:00,41.4,2810.0,8.0,24.2
2026-08-24T20:15:00.000-04:00,41.1,2760.0,8.0,24.1
2026-08-24T20:30:00.000-04:00,41.0,2760.0,8.0,24.1
2026-08-24T20:45:00.000-04:00,40.9,2730.0,8.0,24.1
2026-08-24T21:00:00.000-04:00,40.4,2710.0,8.0,24.0
2026-08-24T21:15:00.000-04:00,40.0,2680.0,7.9,24.0
2026-08-24T21:30:00.000-04:00,39.8,2660.0,7.9,24.0
2026-08-24T21:45:00.000-04:00,39.8,2640.0,7.9,23.9
2026-08-24T22:00:00.000-04:00,39.3,2610.0,7.9,23.9
2026-08-24T22:15:00.000-04:00,39.8,2590.0,7.9,23.9
2026-08-24T22:30:00.000-04:00,38.8,2560.0,7.9,23.9
2026-08-24T22:45:00.000-04:00,38.6,2510.0,7.9,23.8
2026-08-24T23:00:00.000-04:00,38.5,2490.0,7.9,23.8
2026-08-24T23:15:00.000-04:00,38.1,2470.0,7.9,23.8
2026-08-24T23:30:00.000-04:00,39.4,2440.0,7.9,23.8
2026-08-24T23:45:00.000-04:00,38.1,2420.0,7.9,23.8
2026-08-25T00:00:00.000-04:00,38.4,2370.0,7.9,23.7
2026-08-25T00:15:00.000-04:00,38.2,2350.0,7.9,23.7
2026-08-25T00:30:00.000-04:00,37.9,2330.0,7.9,23.7
2026-08-25T00:45:00.000-04:00,37.4,2310.0,7.9,23.7
2026-08-25T01:00:00.000-04:00,37.8,2280.0,7.9,23.6
2026-08-25T01:15:00.000-04:00,36.9,2260.0,7.9,23.6
2026-08-25T01:30:00.000-04:00,37.2,2260.0,7.9,23.6
2026-08-25T01:45:00.000-04:00,37.5,2220.0,7.9,23.6
2026-08-25T02:00:00.000-04:00,37.2,2220.0,7.9,23.5
2026-08-25T02:15:00.000-04:00,35.9,2190.0,7.9,23.5
2026-08-25T02:30:00.000-04:00,36.7,2170.0,7.9,23.5
2026-08-25T02:45:00.000-04:00,36.4,2150.0,7.9,23.4
2026-08-25T03:00:00.000-04:00,36.7,2150.0,7.9,23.4
2026-08-25T03:15:00.000-04:00,36.6,2130.0,7.9,23.4
2026-08-25T03:30:00.000-04:00,36.5,2130.0,7.9,23.3
2026-08-25T03:45:00.000-04:00,36.2,2110.0,7.9,23.3
2026-08-25T04:00:00.000-04:00,36.5,2110.0,7.9,23.3
2026-08-25T04:15:00.000-04:00,36.0,2080.0,7.9,23.2
2026-08-25T04:30:00.000-04:00,36.4,2080.0,7.8,23.2
2026-08-25T04:45:00.000-04:00,35.5,2060.0,7.8,23.2
2026-08-25T05:00:00.000-04:00,36.0,2060.0,7.8,23.1
2026-08-25T05:15:00.000-04:00,36.0,2060.0,7.8,23.1
2026-08-25T05:30:00.000-04:00,36.4,2040.0,7.8,23.0
2026-08-25T05:45:00.000-04:00,35.4,2020.0,7.8,23.0
2026-08-25T06:00:00.000-04:00,35.6,2020.0,7.8,22.9
2026-08-25T06:15:00.000-04:00,36.0,2000.0,7.8,22.9
2026-08-25T06:30:00.000-04:00,35.5,2000.0,7.8,22.9
2026-08-25T06:45:00.000-04:00,35.6,1980.0,7.8,22.8
2026-08-25T07:00:00.000-04:00,36.0,1980.0,7.8,22.8
2026-08-25T07:15:00.000-04:00,35.8,1960.0,7.8,22.8
2026-08-25T07:30:00.000-04:00,36.4,1960.0,7.8,22.7
2026-08-25T07:45:00.000-04:00,36.8,1960.0,7.8,22.7
2026-08-25T08:00:00.000-04:00,36.5,1960.0,7.8,22.7
2026-08-25T08:15:00.000-04:00,36.8,1930.0,7.8,22.7
2026-08-25T08:30:00.000-04:00,36.7,1930.0,7.8,22.8
2026-08-25T08:45:00.000-04:00,36.7,1890.0,7.8,22.8
2026-08-25T09:00:00.000-04:00,37.4,1910.0,7.9,22.9
2026-08-25T09:15:00.000-04:00,37.2,1910.0,7.9,23.1
2026-08-25T09:30:00.000-04:00,39.4,1890.0,7.9,23.2
2026-08-25T09:45:00.000-04:00,40.0,1890.0,7.9,23.3
2026-08-25T10:00:00.000-04:00,43.0,1890.0,8.0,23.5
2026-08-25T10:15:00.000-04:00,40.9,1890.0,8.0,23.6
2026-08-25T10:30:00.000-04:00,43.3,1890.0,8.0,23.8
2026-08-25T10:45:00.000-04:00,41.1,1890.0,8.0,24.0
2026-08-25T11:00:00.000-04:00,39.4,1890.0,8.0,24.1
2026-08-25T11:15:00.000-04:00,39.0,1890.0,8.1,24.3
2026-08-25T11:30:00.000-04:00,38.5,1890.0,8.1,24.5
2026-08-25T11:45:00.000-04:00,38.2,1910.0,8.1,24.7
2026-08-25T12:00:00.000-04:00,38.0,1910.0,8.1,24.9
2026-08-25T12:15:00.000-04:00,37.6,1910.0,8.1,25.1
2026-08-25T12:30:00.000-04:00,37.4,1910.0,8.1,25.2
2026-08-25T12:45:00.000-04:00,37.4,1930.0,8.1,25.4
2026-08-25T13:00:00.000-04:00,37.0,1930.0,8.1,25.5
2026-08-25T13:15:00.000-04:00,37.4,1930.0,8.1,25.4
2026-08-25T13:30:00.000-04:00,36.7,1930.0,8.1,25.5
2026-08-25T13:45:00.000-04:00,36.6,1960.0,8.2,25.5
2026-08-25T14:00:00.000-04:00,36.8,1960.0,8.2,25.5
2026-08-25T14:15:00.000-04:00,37.0,1960.0,8.2,25.8
2026-08-25T14:30:00.000-04:00,36.8,1960.0,8.2,25.8
2026-08-25T14:45:00.000-04:00,36.5,1930.0,8.2,25.7
2026-08-25T15:00:00.000-04:00,36.7,1960.0,8.2,25.8
2026-08-25T15:15:00.000-04:00,36.2,1960.0,8.2,25.9
2026-08-25T15:30:00.000-04:00,35.6,1960.0,8.2,25.9
2026-08-25T15:45:00.000-04:00,35.6,1980.0,8.2,26.0
2026-08-25T16:00:00.000-04:00,35.3,1980.0,8.2,25.8
2026-08-25T16:15:00.000-04:00,34.5,1980.0,8.2,25.8
2026-08-25T16:30:00.000-04:00,34.1,1980.0,8.2,25.8
2026-08-25T16:45:00.000-04:00,34.4,1980.0,8.2,25.6
2026-08-25T17:00:00.000-04:00,34.5,1980.0,8.2,25.7
2026-08-25T17:15:00.000-04:00,34.0,1960.0,8.2,25.7
2026-08-25T17:30:00.000-04:00,33.4,1980.0,8.2,25.6
2026-08-25T17:45:00.000-04:00,33.5,1980.0,8.2,25.6
2026-08-25T18:00:00.000-04:00,33.4,1980.0,8.2,25.6
2026-08-25T18:15:00.000-04:00,33.1,1960.0,8.2,25.5
2026-08-25T18:30:00.000-04:00,33.2,1960.0,8.2,25.4
2026-08-25T18:45:00.000-04:00,33.4,1960.0,8.2,25.3
2026-08-25T19:00:00.000-04:00,32.8,1960.0,8.1,25.2
2026-08-25T19:15:00.000-04:00,32.4,1960.0,8.1,25.1
2026-08-25T19:30:00.000-04:00,32.2,1930.0,8.1,25.0
2026-08-25T19:45:00.000-04:00,31.8,1930.0,8.1,24.9
2026-08-25T20:00:00.000-04:00,31.9,1930.0,8.1,24.8
2026-08-25T20:15:00.000-04:00,31.8,1930.0,8.1,24.7
2026-08-25T20:30:00.000-04:00,31.3,1930.0,8.1,24.6
2026-08-25T20:45:00.000-04:00,31.3,1930.0,8.1,24.5
2026-08-25T21:00:00.000-04:00,31.6,1930.0,8.1,24.4
2026-08-25T21:15:00.000-04:00,31.5,1910.0,8.0,24.3
2026-08-25T21:30:00.000-04:00,31.1,1890.0,8.0,24.2
2026-08-25T21:45:00.000-04:00,31.2,1890.0,8.0,24.1
2026-08-25T22:00:00.000-04:00,31.1,1890.0,8.0,24.0
2026-08-25T22:15:00.000-04:00,31.1,1890.0,8.0,24.0
2026-08-25T22:30:00.000-04:00,30.8,1890.0,8.0,23.9
2026-08-25T22:45:00.000-04:00,30.4,1890.0,8.0,23.8
2026-08-25T23:00:00.000-04:00,30.0,1890.0,8.0,23.8
2026-08-25T23:15:00.000-04:00,30.3,1890.0,7.9,23.7
2026-08-25T23:30:00.000-04:00,30.1,1870.0,7.9,23.7
2026-08-25T23:45:00.000-04:00,29.8,1870.0,7.9,23.7
2026-08-26T00:00:00.000-04:00,29.7,1870.0,7.9,23.6
2026-08-26T00:15:00.000-04:00,29.5,1870.0,7.9,23.6
2026-08-26T00:30:00.000-04:00,29.4,1850.0,7.9,23.6
2026-08-26T00:45:00.000-04:00,29.1,1850.0,7.9,23.6
2026-08-26T01:00:00.000-04:00,28.7,1850.0,7.9,23.6
2026-08-26T01:15:00.000-04:00,29.0,1850.0,7.9,23.6
2026-08-26T01:30:00.000-04:00,28.8,1830.0,7.9,23.6
2026-08-26T01:45:00.000-04:00,29.0,1830.0,7.9,23.6
2026-08-26T02:00:00.000-04:00,28.6,1830.0,7.9,23.6
2026-08-26T02:15:00.000-04:00,28.2,1830.0,8.0,23.6
2026-08-26T02:30:00.000-04:00,29.0,1830.0,8.0,23.6
2026-08-26T02:45:00.000-04:00,28.4,1830.0,8.0,23.6
2026-08-26T03:00:00.000-04:00,28.4,1830.0,8.0,23.6
2026-08-26T03:15:00.000-04:00,28.5,1810.0,8.0,23.6
2026-08-26T03:30:00.000-04:00,28.4,1810.0,8.0,23.6
2026-08-26T03:45:00.000-04:00,28.1,1810.0,8.0,23.6
2026-08-26T04:00:00.000-04:00,28.2,1810.0,8.0,23.6
2026-08-26T04:15:00.000-04:00,28.2,1810.0,8.0,23.6
2026-08-26T04:30:00.000-04:00,28.4,1790.0,8.0,23.6
2026-08-26T04:45:00.000-04:00,28.1,1790.0,7.9,23.6
2026-08-26T05:00:00.000-04:00,28.4,1790.0,8.0,23.6
2026-08-26T05:15:00.000-04:00,28.3,1790.0,8.0,23.6
2026-08-26T05:30:00.000-04:00,27.9,1790.0,7.9,23.5
2026-08-26T05:45:00.000-04:00,27.8,1790.0,8.0,23.5
2026-08-26T06:00:00.000-04:00,28.1,1790.0,7.9,23.5
2026-08-26T06:15:00.000-04:00,28.3,1790.0,7.9,23.5
2026-08-26T06:30:00.000-04:00,28.4,1770.0,7.9,23.4
2026-08-26T06:45:00.000-04:00,28.5,1770.0,7.9,23.4
2026-08-26T07:00:00.000-04:00,28.5,1770.0,7.9,23.4
2026-08-26T07:15:00.000-04:00,29.0,1790.0,7.9,23.4
2026-08-26T07:30:00.000-04:00,28.9,1790.0,7.9,23.3
2026-08-26T07:45:00.000-04:00,29.5,1790.0,7.9,23.3
2026-08-26T08:00:00.000-04:00,30.3,1810.0,7.9,23.4
2026-08-26T08:15:00.000-04:00,29.7,1810.0,7.9,23.4
2026-08-26T08:30:00.000-04:00,29.4,1790.0,8.0,23.4
2026-08-26T08:45:00.000-04:00,29.6,1810.0,8.0,23.5
2026-08-26T09:00:00.000-04:00,29.2,1810.0,8.0,23.5
2026-08-26T09:15:00.000-04:00,29.4,1810.0,8.0,23.6
2026-08-26T09:30:00.000-04:00,29.5,1810.0,8.0,23.7
2026-08-26T09:45:00.000-04:00,29.7,1810.0,8.1,23.8
2026-08-26T10:00:00.000-04:00,30.3,1810.0,8.1,24.0
2026-08-26T10:15:00.000-04:00,30.4,1810.0,8.1,24.2
2026-08-26T10:30:00.000-04:00,30.4,1830.0,8.2,24.3
2026-08-26T10:45:00.000-04:00,30.2,1810.0,8.2,24.5
2026-08-26T11:00:00.000-04:00,30.1,1810.0,8.2,24.7
2026-08-26T11:15:00.000-04:00,30.0,1810.0,8.2,24.8
2026-08-26T11:30:00.000-04:00,31.0,1810.0,8.2,25.0
2026-08-26T11:45:00.000-04:00,32.3,1830.0,8.3,25.2
2026-08-26T12:00:00.000-04:00,31.7,1830.0,8.3,25.3
2026-08-26T12:15:00.000-04:00,31.2,1830.0,8.3,25.3
2026-08-26T12:30:00.000-04:00,31.5,1830.0,8.3,25.4
2026-08-26T12:45:00.000-04:00,34.9,1830.0,8.3,25.6
2026-08-26T13:00:00.000-04:00,45.7,1830.0,8.3,25.6
2026-08-26T13:15:00.000-04:00,44.8,1850.0,8.3,25.8
2026-08-26T13:30:00.000-04:00,38.4,1850.0,8.3,26.0
2026-08-26T13:45:00.000-04:00,35.5,1850.0,8.4,26.1
2026-08-26T14:00:00.000-04:00,34.0,1870.0,8.4,26.2
2026-08-26T14:15:00.000-04:00,43.2,1870.0,8.4,26.3
2026-08-26T14:30:00.000-04:00,51.9,1870.0,8.4,26.4
2026-08-26T14:45:00.000-04:00,60.2,1890.0,8.4,26.5
2026-08-26T15:00:00.000-04:00,64.3,1890.0,8.4,26.5
2026-08-26T15:15:00.000-04:00,60.1,1890.0,8.4,26.4
2026-08-26T15:30:00.000-04:00,51.1,1890.0,8.4,26.4
2026-08-26T15:45:00.000-04:00,52.5,1890.0,8.4,26.5
2026-08-26T16:00:00.000-04:00,54.2,1890.0,8.4,26.4
2026-08-26T16:15:00.000-04:00,53.1,1890.0,8.4,26.4
2026-08-26T16:30:00.000-04:00,54.1,1890.0,8.4,26.4
2026-08-26T16:45:00.000-04:00,63.7,1910.0,8.4,26.2
2026-08-26T17:00:00.000-04:00,56.8,1890.0,8.4,26.2
2026-08-26T17:15:00.000-04:00,51.3,1890.0,8.4,26.1
2026-08-26T17:30:00.000-04:00,53.9,1890.0,8.4,26.0
2026-08-26T17:45:00.000-04:00,50.8,1890.0,8.4,25.9
2026-08-26T18:00:00.000-04:00,46.9,1890.0,8.4,25.8
2026-08-26T18:15:00.000-04:00,42.1,1890.0,8.4,25.7
2026-08-26T18:30:00.000-04:00,38.2,1890.0,8.3,25.6
2026-08-26T18:45:00.000-04:00,35.3,1890.0,8.3,25.5
2026-08-26T19:00:00.000-04:00,34.2,1890.0,8.3,25.4
2026-08-26T19:15:00.000-04:00,32.2,1890.0,8.3,25.3
2026-08-26T19:30:00.000-04:00,31.3,1890.0,8.3,25.2
2026-08-26T19:45:00.000-04:00,30.5,1890.0,8.2,25.1
2026-08-26T20:00:00.000-04:00,29.9,1890.0,8.2,25.0
2026-08-26T20:15:00.000-04:00,29.2,1890.0,8.2,25.0
2026-08-26T20:30:00.000-04:00,28.8,1890.0,8.2,24.9
2026-08-26T20:45:00.000-04:00,28.6,1890.0,8.2,24.8
2026-08-26T21:00:00.000-04:00,28.1,1870.0,8.2,24.8
2026-08-26T21:15:00.000-04:00,28.3,1870.0,8.2,24.7
2026-08-26T21:30:00.000-04:00,27.8,1850.0,8.2,24.6
2026-08-26T21:45:00.000-04:00,27.4,1850.0,8.1,24.6
2026-08-26T22:00:00.000-04:00,27.1,1850.0,8.1,24.6
2026-08-26T22:15:00.000-04:00,26.6,1850.0,8.1,24.5
2026-08-26T22:30:00.000-04:00,26.7,1850.0,8.1,24.5
2026-08-26T22:45:00.000-04:00,26.3,1830.0,8.1,24.5
2026-08-26T23:00:00.000-04:00,25.9,1830.0,8.1,24.5
2026-08-26T23:15:00.000-04:00,25.7,1830.0,8.1,24.5
2026-08-26T23:30:00.000-04:00,25.2,1830.0,8.1,24.5
2026-08-26T23:45:00.000-04:00,25.3,1830.0,8.1,24.5
2026-08-27T00:00:00.000-04:00,25.2,1830.0,8.1,24.5
2026-08-27T00:15:00.000-04:00,24.5,1830.0,8.1,24.5
2026-08-27T00:30:00.000-04:00,25.5,1830.0,8.1,24.5
2026-08-27T00:45:00.000-04:00,24.8,1830.0,8.1,24.5
2026-08-27T01:00:00.000-04:00,24.8,1830.0,8.1,24.6
2026-08-27T01:15:00.000-04:00,24.4,1830.0,8.1,24.5
2026-08-27T01:30:00.000-04:00,24.1,1830.0,8.1,24.5
2026-08-27T01:45:00.000-04:00,24.3,1810.0,8.1,24.5
2026-08-27T02:00:00.000-04:00,24.4,1810.0,8.1,24.5
2026-08-27T02:15:00.000-04:00,24.2,1810.0,8.1,24.5
2026-08-27T02:30:00.000-04:00,24.1,1810.0,8.1,24.5
2026-08-27T02:45:00.000-04:00,23.9,1790.0,8.1,24.5
2026-08-27T03:00:00.000-04:00,24.0,1790.0,8.1,24.4
2026-08-27T03:15:00.000-04:00,23.9,1790.0,8.1,24.4
2026-08-27T03:30:00.000-04:00,24.2,1790.0,8.1,24.4
2026-08-27T03:45:00.000-04:00,24.1,1770.0,8.1,24.4
2026-08-27T04:00:00.000-04:00,24.3,1770.0,8.1,24.3
2026-08-27T04:15:00.000-04:00,24.2,1770.0,8.1,24.3
2026-08-27T04:30:00.000-04:00,24.6,1750.0,8.1,24.3
2026-08-27T04:45:00.000-04:00,24.6,1730.0,8.1,24.2
2026-08-27T05:00:00.000-04:00,24.4,1750.0,8.1,24.2
2026-08-27T05:15:00.000-04:00,24.9,1750.0,8.1,24.1
2026-08-27T05:30:00.000-04:00,24.7,1730.0,8.0,24.1
2026-08-27T05:45:00.000-04:00,24.9,1730.0,8.0,24.1
2026-08-27T06:00:00.000-04:00,24.5,1710.0,8.0,24.0
2026-08-27T06:15:00.000-04:00,24.8,1710.0,8.0,24.0
2026-08-27T06:30:00.000-04:00,24.5,1710.0,8.0,23.9
2026-08-27T06:45:00.000-04:00,24.8,1710.0,8.0,23.9
2026-08-27T07:00:00.000-04:00,25.2,1710.0,8.0,23.8
2026-08-27T07:15:00.000-04:00,25.7,1690.0,8.0,23.8
2026-08-27T07:30:00.000-04:00,25.6,1670.0,8.0,23.8
2026-08-27T07:45:00.000-04:00,26.0,1670.0,8.0,23.8
2026-08-27T08:00:00.000-04:00,26.3,1670.0,8.0,23.8
2026-08-27T08:15:00.000-04:00,26.1,1650.0,8.0,23.8
2026-08-27T08:30:00.000-04:00,25.9,1650.0,8.0,23.8
2026-08-27T08:45:00.000-04:00,26.2,1650.0,8.0,23.9
2026-08-27T09:00:00.000-04:00,25.9,1650.0,8.1,24.0
2026-08-27T09:15:00.000-04:00,26.1,1650.0,8.1,24.1
2026-08-27T09:30:00.000-04:00,26.1,1650.0,8.1,24.2
2026-08-27T09:45:00.000-04:00,27.0,1650.0,8.2,24.4
2026-08-27T10:00:00.000-04:00,36.2,1650.0,8.2,24.5
2026-08-27T10:15:00.000-04:00,42.3,1650.0,8.2,24.7
2026-08-27T10:30:00.000-04:00,41.5,1650.0,8.2,24.9
2026-08-27T10:45:00.000-04:00,42.6,1640.0,8.3,25.0
2026-08-27T11:00:00.000-04:00,48.8,1640.0,8.3,25.2
2026-08-27T11:15:00.000-04:00,44.7,1640.0,8.3,25.4
2026-08-27T11:30:00.000-04:00,44.8,1650.0,8.3,25.6
2026-08-27T11:45:00.000-04:00,46.3,1650.0,8.4,25.8
2026-08-27T12:00:00.000-04:00,52.5,1650.0,8.4,26.0
2026-08-27T12:15:00.000-04:00,51.3,1650.0,8.4,26.2
2026-08-27T12:30:00.000-04:00,51.0,1650.0,8.4,26.2
2026-08-27T12:45:00.000-04:00,50.2,1650.0,8.4,26.3
2026-08-27T13:00:00.000-04:00,50.4,1650.0,8.4,26.2
2026-08-27T13:15:00.000-04:00,44.4,1670.0,8.5,26.3
2026-08-27T13:30:00.000-04:00,44.3,1650.0,8.5,26.4
2026-08-27T13:45:00.000-04:00,42.6,1650.0,8.5,26.6
2026-08-27T14:00:00.000-04:00,40.6,1650.0,8.5,26.6
2026-08-27T14:15:00.000-04:00,33.6,1670.0,8.6,26.9
2026-08-27T14:30:00.000-04:00,35.5,1670.0,8.6,27.0
2026-08-27T14:45:00.000-04:00,36.2,1670.0,8.6,27.2
2026-08-27T15:00:00.000-04:00,36.5,1670.0,8.6,27.2
2026-08-27T15:15:00.000-04:00,37.0,1670.0,8.6,27.0
2026-08-27T15:30:00.000-04:00,37.5,1670.0,8.6,27.2
2026-08-27T15:45:00.000-04:00,37.4,1690.0,8.6,27.2
2026-08-27T16:00:00.000-04:00,32.0,1690.0,8.7,27.2
2026-08-27T16:15:00.000-04:00,28.7,1690.0,8.7,27.1
2026-08-27T16:30:00.000-04:00,27.6,1690.0,8.7,27.3
2026-08-27T16:45:00.000-04:00,32.9,1670.0,8.7,27.2
2026-08-27T17:00:00.000-04:00,35.3,1690.0,8.7,27.2
2026-08-27T17:15:00.000-04:00,35.4,1690.0,8.7,27.3
2026-08-27T17:30:00.000-04:00,34.6,1690.0,8.7,27.3
2026-08-27T17:45:00.000-04:00,30.3,1690.0,8.7,27.2
2026-08-27T18:00:00.000-04:00,28.0,1710.0,8.7,27.1
2026-08-27T18:15:00.000-04:00,26.5,1690.0,8.7,27.0
2026-08-27T18:30:00.000-04:00,25.9,1710.0,8.7,26.8
2026-08-27T18:45:00.000-04:00,26.0,1710.0,8.7,26.7
2026-08-27T19:00:00.000-04:00,25.6,1710.0,8.7,26.6
2026-08-27T19:15:00.000-04:00,25.3,1690.0,8.7,26.5
2026-08-27T19:30:00.000-04:00,24.7,1690.0,8.6,26.4
2026-08-27T19:45:00.000-04:00,24.4,1690.0,8.7,26.3
2026-08-27T20:00:00.000-04:00,24.3,1690.0,8.6,26.2
2026-08-27T20:15:00.000-04:00,24.2,1690.0,8.6,26.1
2026-08-27T20:30:00.000-04:00,24.0,1670.0,8.6,26.0
2026-08-27T20:45:00.000-04:00,24.0,1670.0,8.6,25.9
2026-08-27T21:00:00.000-04:00,23.7,1650.0,8.6,25.8
2026-08-27T21:15:00.000-04:00,23.4,1670.0,8.5,25.7
2026-08-27T21:30:00.000-04:00,23.0,1650.0,8.5,25.6
2026-08-27T21:45:00.000-04:00,22.7,1650.0,8.5,25.5
2026-08-27T22:00:00.000-04:00,22.9,1650.0,8.4,25.4
2026-08-27T22:15:00.000-04:00,22.6,1640.0,8.4,25.3
2026-08-27T22:30:00.000-04:00,22.3,1620.0,8.4,25.2
2026-08-27T22:45:00.000-04:00,22.2,1620.0,8.4,25.1
2026-08-27T23:00:00.000-04:00,21.6,1600.0,8.3,25.0
2026-08-27T23:15:00.000-04:00,21.8,1600.0,8.3,24.9
2026-08-27T23:30:00.000-04:00,21.3,1580.0,8.3,24.9
2026-08-27T23:45:00.000-04:00,21.7,1560.0,8.3,24.8
2026-08-28T00:00:00.000-04:00,21.4,1560.0,8.3,24.8
2026-08-28T00:15:00.000-04:00,21.2,1540.0,8.3,24.7
2026-08-28T00:30:00.000-04:00,21.2,1520.0,8.3,24.7
2026-08-28T00:45:00.000-04:00,21.1,1500.0,8.3,24.6
2026-08-28T01:00:00.000-04:00,21.0,1500.0,8.3,24.6
2026-08-28T01:15:00.000-04:00,21.0,1490.0,8.2,24.5
2026-08-28T01:30:00.000-04:00,20.9,1490.0,8.2,24.5
2026-08-28T01:45:00.000-04:00,21.0,1470.0,8.2,24.5
2026-08-28T02:00:00.000-04:00,20.6,1470.0,8.2,24.5
2026-08-28T02:15:00.000-04:00,20.6,1450.0,8.2,24.4
2026-08-28T02:30:00.000-04:00,20.4,1450.0,8.2,24.4
2026-08-28T02:45:00.000-04:00,20.4,1430.0,8.2,24.4
2026-08-28T03:00:00.000-04:00,20.5,1430.0,8.2,24.3
2026-08-28T03:15:00.000-04:00,20.6,1410.0,8.2,24.3
2026-08-28T03:30:00.000-04:00,20.4,1410.0,8.2,24.3
2026-08-28T03:45:00.000-04:00,20.2,1410.0,8.2,24.3
2026-08-28T04:00:00.000-04:00,20.4,1400.0,8.2,24.3
2026-08-28T04:15:00.000-04:00,20.6,1400.0,8.2,24.2
2026-08-28T04:30:00.000-04:00,20.4,1380.0,8.2,24.2
2026-08-28T04:45:00.000-04:00,20.7,1380.0,8.2,24.2
2026-08-28T05:00:00.000-04:00,20.8,1380.0,8.2,24.2
2026-08-28T05:15:00.000-04:00,20.9,1380.0,8.2,24.1
2026-08-28T05:30:00.000-04:00,20.7,1360.0,8.2,24.1
2026-08-28T05:45:00.000-04:00,20.9,1360.0,8.2,24.1
2026-08-28T06:00:00.000-04:00,21.3,1340.0,8.1,24.1
2026-08-28T06:15:00.000-04:00,21.5,1340.0,8.1,24.1
2026-08-28T06:30:00.000-04:00,21.1,1340.0,8.2,24.1
2026-08-28T06:45:00.000-04:00,21.3,1340.0,8.2,24.0
2026-08-28T07:00:00.000-04:00,21.7,1330.0,8.2,24.0
2026-08-28T07:15:00.000-04:00,22.4,1330.0,8.1,24.0
2026-08-28T07:30:00.000-04:00,22.4,1310.0,8.1,24.0
2026-08-28T07:45:00.000-04:00,22.6,1310.0,8.1,23.9
2026-08-28T08:00:00.000-04:00,22.3,1290.0,8.1,23.9
2026-08-28T08:15:00.000-04:00,22.7,1290.0,8.1,23.9
2026-08-28T08:30:00.000-04:00,22.6,1280.0,8.2,23.9
2026-08-28T08:45:00.000-04:00,22.2,1280.0,8.2,24.0
2026-08-28T09:00:00.000-04:00,22.4,1280.0,8.2,24.1
2026-08-28T09:15:00.000-04:00,22.3,1260.0,8.3,24.3
2026-08-28T09:30:00.000-04:00,22.1,1240.0,8.4,24.5
2026-08-28T09:45:00.000-04:00,24.8,1240.0,8.4,24.6
2026-08-28T10:00:00.000-04:00,27.2,1240.0,8.4,24.8
2026-08-28T10:15:00.000-04:00,35.1,1230.0,8.4,25.0
2026-08-28T10:30:00.000-04:00,46.8,1230.0,8.4,25.1
2026-08-28T10:45:00.000-04:00,62.9,1230.0,8.5,25.3
2026-08-28T11:00:00.000-04:00,70.0,1240.0,8.4,25.5
2026-08-28T11:15:00.000-04:00,68.4,1230.0,8.5,25.7
2026-08-28T11:30:00.000-04:00,62.1,1230.0,8.5,25.8
2026-08-28T11:45:00.000-04:00,57.5,1230.0,8.5,26.1
2026-08-28T12:00:00.000-04:00,54.5,1230.0,8.6,26.3
2026-08-28T12:15:00.000-04:00,55.8,1230.0,8.6,26.6
2026-08-28T12:30:00.000-04:00,51.4,1230.0,8.6,26.8
2026-08-28T12:45:00.000-04:00,48.7,1230.0,8.6,27.0
2026-08-28T13:00:00.000-04:00,45.7,1230.0,8.6,27.1
2026-08-28T13:15:00.000-04:00,42.1,1210.0,8.6,27.3
2026-08-28T13:30:00.000-04:00,35.9,1210.0,8.7,27.5
2026-08-28T13:45:00.000-04:00,31.9,1210.0,8.7,27.6
2026-08-28T14:00:00.000-04:00,29.2,1210.0,8.7,27.8
2026-08-28T14:15:00.000-04:00,27.8,1190.0,8.7,27.8
2026-08-28T14:30:00.000-04:00,26.5,1210.0,8.8,27.8
2026-08-28T14:45:00.000-04:00,26.0,1190.0,8.8,27.9
2026-08-28T15:00:00.000-04:00,25.9,1190.0,8.8,27.9
2026-08-28T15:15:00.000-04:00,25.5,1180.0,8.8,27.9
2026-08-28T15:30:00.000-04:00,24.6,1180.0,8.8,27.9
2026-08-28T15:45:00.000-04:00,24.2,1160.0,8.8,27.7
2026-08-28T16:00:00.000-04:00,23.5,1160.0,8.8,27.6
2026-08-28T16:15:00.000-04:00,23.2,1160.0,8.8,27.5
2026-08-28T16:30:00.000-04:00,22.8,1160.0,8.8,27.4
2026-08-28T16:45:00.000-04:00,22.1,1140.0,8.8,27.2
2026-08-28T17:00:00.000-04:00,22.0,1140.0,8.8,27.1
2026-08-28T17:15:00.000-04:00,21.6,1140.0,8.8,27.0
2026-08-28T17:30:00.000-04:00,21.4,1140.0,8.8,26.9
2026-08-28T17:45:00.000-04:00,21.4,1160.0,8.8,26.7
2026-08-28T18:00:00.000-04:00,21.2,1140.0,8.9,26.6
2026-08-28T18:15:00.000-04:00,21.3,1140.0,8.9,26.5
2026-08-28T18:30:00.000-04:00,21.0,1130.0,8.8,26.4
2026-08-28T18:45:00.000-04:00,20.8,1130.0,8.8,26.3
2026-08-28T19:00:00.000-04:00,20.7,1130.0,8.8,26.1
2026-08-28T19:15:00.000-04:00,20.4,1130.0,8.8,26.0
2026-08-28T19:30:00.000-04:00,20.2,1110.0,8.8,26.0
2026-08-28T19:45:00.000-04:00,20.2,1100.0,8.8,25.8
2026-08-28T20:00:00.000-04:00,20.0,1110.0,8.8,25.8
2026-08-28T20:15:00.000-04:00,19.6,1110.0,8.8,25.7
2026-08-28T20:30:00.000-04:00,19.5,1100.0,8.8,25.6
2026-08-28T20:45:00.000-04:00,19.2,1100.0,8.8,25.4
2026-08-28T21:00:00.000-04:00,18.8,1100.0,8.8,25.4
2026-08-28T21:15:00.000-04:00,18.8,1100.0,8.8,25.3
2026-08-28T21:30:00.000-04:00,18.4,1100.0,8.8,25.2
2026-08-28T21:45:00.000-04:00,18.4,1100.0,8.8,25.1
2026-08-28T22:00:00.000-04:00,18.3,1110.0,8.8,25.0
2026-08-28T22:15:00.000-04:00,17.8,1100.0,8.7,24.9
2026-08-28T22:30:00.000-04:00,17.7,1100.0,8.7,24.8
2026-08-28T22:45:00.000-04:00,17.7,1110.0,8.7,24.7
2026-08-28T23:00:00.000-04:00,17.5,1110.0,8.7,24.7
2026-08-28T23:15:00.000-04:00,17.6,1110.0,8.7,24.6
2026-08-28T23:30:00.000-04:00,17.4,1140.0,8.7,24.5
2026-08-28T23:45:00.000-04:00,17.2,1140.0,8.7,24.5
2026-08-29T00:00:00.000-04:00,17.3,1140.0,8.7,24.4
2026-08-29T00:15:00.000-04:00,16.9,1140.0,8.7,24.4
2026-08-29T00:30:00.000-04:00,16.6,1140.0,8.7,24.4
2026-08-29T00:45:00.000-04:00,16.9,1160.0,8.7,24.3
2026-08-29T01:00:00.000-04:00,16.8,1160.0,8.7,24.3
2026-08-29T01:15:00.000-04:00,16.5,1180.0,8.6,24.2
2026-08-29T01:30:00.000-04:00,16.6,1180.0,8.6,24.1
2026-08-29T01:45:00.000-04:00,16.6,1180.0,8.6,24.1
2026-08-29T02:00:00.000-04:00,16.5,1180.0,8.6,24.0
2026-08-29T02:15:00.000-04:00,16.6,1180.0,8.6,24.0
2026-08-29T02:30:00.000-04:00,16.5,1190.0,8.5,23.9
2026-08-29T02:45:00.000-04:00,16.7,1190.0,8.5,23.8
2026-08-29T03:00:00.000-04:00,16.9,1190.0,8.5,23.8
2026-08-29T03:15:00.000-04:00,17.0,1190.0,8.4,23.7
2026-08-29T03:30:00.000-04:00,16.7,1180.0,8.4,23.7
2026-08-29T03:45:00.000-04:00,16.9,1190.0,8.4,23.6
2026-08-29T04:00:00.000-04:00,17.2,1180.0,8.4,23.6
2026-08-29T04:15:00.000-04:00,17.4,1180.0,8.4,23.5
2026-08-29T04:30:00.000-04:00,17.1,1180.0,8.4,23.5
2026-08-29T04:45:00.000-04:00,17.3,1180.0,8.3,23.5
2026-08-29T05:00:00.000-04:00,17.5,1180.0,8.3,23.4
2026-08-29T05:15:00.000-04:00,17.7,1160.0,8.3,23.4
2026-08-29T05:30:00.000-04:00,17.6,1160.0,8.3,23.4
2026-08-29T05:45:00.000-04:00,18.2,1160.0,8.3,23.4
2026-08-29T06:00:00.000-04:00,18.0,1160.0,8.3,23.3
2026-08-29T06:15:00.000-04:00,18.3,1160.0,8.3,23.3
2026-08-29T06:30:00.000-04:00,18.5,1140.0,8.3,23.3
2026-08-29T06:45:00.000-04:00,18.6,1140.0,8.2,23.3
2026-08-29T07:00:00.000-04:00,19.2,1140.0,8.3,23.3
2026-08-29T07:15:00.000-04:00,19.1,1130.0,8.2,23.2
2026-08-29T07:30:00.000-04:00,18.9,1130.0,8.2,23.2
2026-08-29T07:45:00.000-04:00,18.9,1130.0,8.2,23.3
2026-08-29T08:00:00.000-04:00,19.3,1130.0,8.2,23.3
2026-08-29T08:15:00.000-04:00,19.3,1110.0,8.3,23.4
2026-08-29T08:30:00.000-04:00,18.9,1110.0,8.3,23.4
2026-08-29T08:45:00.000-04:00,18.9,1110.0,8.3,23.5
2026-08-29T09:00:00.000-04:00,18.9,1100.0,8.3,23.7
2026-08-29T09:15:00.000-04:00,19.0,1100.0,8.4,23.8
2026-08-29T09:30:00.000-04:00,18.7,1100.0,8.4,24.1
2026-08-29T09:45:00.000-04:00,18.7,1080.0,8.5,24.2
2026-08-29T10:00:00.000-04:00,18.6,1080.0,8.5,24.4
2026-08-29T10:15:00.000-04:00,19.1,1080.0,8.5,24.6
2026-08-29T10:30:00.000-04:00,18.6,1080.0,8.6,24.9
2026-08-29T10:45:00.000-04:00,18.6,1070.0,8.6,25.2
2026-08-29T11:00:00.000-04:00,18.6,1080.0,8.6,25.5
2026-08-29T11:15:00.000-04:00,18.6,1070.0,8.7,25.8
2026-08-29T11:30:00.000-04:00,18.7,1080.0,8.7,26.1
2026-08-29T11:45:00.000-04:00,18.8,1070.0,8.7,26.4
2026-08-29T12:00:00.000-04:00,19.1,1070.0,8.8,26.7
2026-08-29T12:15:00.000-04:00,18.6,1070.0,8.8,27.0
2026-08-29T12:30:00.000-04:00,18.6,1070.0,8.8,27.2
2026-08-29T12:45:00.000-04:00,18.5,1070.0,8.8,27.4
2026-08-29T13:00:00.000-04:00,18.8,1050.0,8.8,27.6
2026-08-29T13:15:00.000-04:00,19.0,1050.0,8.9,27.8
2026-08-29T13:30:00.000-04:00,19.0,1050.0,8.9,28.0
2026-08-29T13:45:00.000-04:00,19.1,1050.0,8.9,28.1
2026-08-29T14:00:00.000-04:00,19.0,1050.0,8.9,28.2
2026-08-29T14:15:00.000-04:00,18.8,1050.0,8.9,28.0
2026-08-29T14:30:00.000-04:00,19.0,1030.0,8.9,28.1
2026-08-29T14:45:00.000-04:00,18.9,1030.0,9.0,28.1
2026-08-29T15:00:00.000-04:00,19.0,1030.0,9.0,28.1
2026-08-29T15:15:00.000-04:00,19.0,1030.0,9.0,28.1
2026-08-29T15:30:00.000-04:00,18.8,1030.0,8.9,28.0
2026-08-29T15:45:00.000-04:00,18.8,1030.0,9.0,28.1
2026-08-29T16:00:00.000-04:00,19.1,1030.0,9.0,28.1
2026-08-29T16:15:00.000-04:00,19.2,1030.0,9.0,27.9
2026-08-29T16:30:00.000-04:00,18.7,1030.0,9.0,27.7
2026-08-29T16:45:00.000-04:00,19.0,1030.0,9.0,27.7
2026-08-29T17:00:00.000-04:00,19.3,1030.0,9.0,27.7
2026-08-29T17:15:00.000-04:00,19.5,1030.0,9.0,27.6
2026-08-29T17:30:00.000-04:00,19.7,1030.0,8.9,27.4
2026-08-29T17:45:00.000-04:00,18.0,1030.0,8.9,27.3
2026-08-29T18:00:00.000-04:00,19.2,1030.0,8.9,27.2
2026-08-29T18:15:00.000-04:00,18.8,1020.0,8.9,27.2
2026-08-29T18:30:00.000-04:00,18.6,1030.0,8.9,27.0
2026-08-29T18:45:00.000-04:00,18.7,1030.0,8.9,26.9
2026-08-29T19:00:00.000-04:00,18.8,1030.0,8.9,26.7
2026-08-29T19:15:00.000-04:00,18.6,1030.0,8.9,26.6
2026-08-29T19:30:00.000-04:00,18.4,1030.0,8.9,26.4
2026-08-29T19:45:00.000-04:00,18.6,1030.0,8.8,26.3
2026-08-29T20:00:00.000-04:00,18.5,1020.0,8.8,26.2
2026-08-29T20:15:00.000-04:00,18.6,1020.0,8.8,26.0
2026-08-29T20:30:00.000-04:00,18.2,1000.0,8.8,25.9
2026-08-29T20:45:00.000-04:00,17.9,1000.0,8.8,25.8
2026-08-29T21:00:00.000-04:00,17.8,989.0,8.7,25.7
2026-08-29T21:15:00.000-04:00,17.6,989.0,8.6,25.6
2026-08-29T21:30:00.000-04:00,17.4,974.0,8.6,25.5
2026-08-29T21:45:00.000-04:00,17.4,974.0,8.6,25.4
2026-08-29T22:00:00.000-04:00,17.1,960.0,8.6,25.3
2026-08-29T22:15:00.000-04:00,17.0,945.0,8.6,25.3
2026-08-29T22:30:00.000-04:00,16.9,930.0,8.6,25.2
2026-08-29T22:45:00.000-04:00,17.0,930.0,8.6,25.2
2026-08-29T23:00:00.000-04:00,16.6,916.0,8.6,25.1
2026-08-29T23:15:00.000-04:00,17.1,916.0,8.6,25.1
2026-08-29T23:30:00.000-04:00,17.1,902.0,8.6,25.0
2026-08-29T23:45:00.000-04:00,17.1,902.0,8.6,25.0
2026-08-30T00:00:00.000-04:00,17.2,887.0,8.5,24.9
2026-08-30T00:15:00.000-04:00,16.9,887.0,8.5,24.9
2026-08-30T00:30:00.000-04:00,16.8,887.0,8.5,24.8
2026-08-30T00:45:00.000-04:00,16.6,859.0,8.5,24.8
2026-08-30T01:00:00.000-04:00,17.1,859.0,8.5,24.8
2026-08-30T01:15:00.000-04:00,16.7,859.0,8.5,24.7
2026-08-30T01:30:00.000-04:00,16.9,846.0,8.5,24.7
2026-08-30T01:45:00.000-04:00,16.6,846.0,8.5,24.6
2026-08-30T02:00:00.000-04:00,17.7,846.0,8.5,24.6
2026-08-30T02:15:00.000-04:00,16.9,832.0,8.4,24.6
2026-08-30T02:30:00.000-04:00,16.7,832.0,8.4,24.6
2026-08-30T02:45:00.000-04:00,16.9,832.0,8.4,24.6
2026-08-30T03:00:00.000-04:00,17.1,832.0,8.4,24.5
2026-08-30T03:15:00.000-04:00,16.8,832.0,8.4,24.5
2026-08-30T03:30:00.000-04:00,16.8,832.0,8.4,24.5
2026-08-30T03:45:00.000-04:00,17.0,818.0,8.4,24.5
2026-08-30T04:00:00.000-04:00,17.0,818.0,8.4,24.4
2026-08-30T04:15:00.000-04:00,17.0,805.0,8.4,24.4
2026-08-30T04:30:00.000-04:00,16.8,805.0,8.4,24.4
2026-08-30T04:45:00.000-04:00,17.0,791.0,8.4,24.4
2026-08-30T05:00:00.000-04:00,17.4,805.0,8.3,24.3
2026-08-30T05:15:00.000-04:00,17.2,818.0,8.3,24.3
2026-08-30T05:30:00.000-04:00,17.1,805.0,8.3,24.3
2026-08-30T05:45:00.000-04:00,17.3,805.0,8.3,24.3
2026-08-30T06:00:00.000-04:00,17.5,805.0,8.3,24.3
2026-08-30T06:15:00.000-04:00,17.5,791.0,8.3,24.2
2026-08-30T06:30:00.000-04:00,17.4,791.0,8.3,24.2
2026-08-30T06:45:00.000-04:00,17.7,778.0,8.3,24.2
2026-08-30T07:00:00.000-04:00,18.0,778.0,8.3,24.2
2026-08-30T07:15:00.000-04:00,17.8,778.0,8.3,24.2
2026-08-30T07:30:00.000-04:00,18.2,778.0,8.3,24.1
2026-08-30T07:45:00.000-04:00,18.3,778.0,8.3,24.1
2026-08-30T08:00:00.000-04:00,18.5,778.0,8.3,24.2
2026-08-30T08:15:00.000-04:00,19.6,765.0,8.3,24.2
2026-08-30T08:30:00.000-04:00,18.5,765.0,8.3,24.2
2026-08-30T08:45:00.000-04:00,18.7,765.0,8.3,24.1
2026-08-30T09:00:00.000-04:00,18.4,765.0,8.3,24.2
2026-08-30T09:15:00.000-04:00,18.3,765.0,8.3,24.2
2026-08-30T09:30:00.000-04:00,18.4,765.0,8.3,24.3
2026-08-30T09:45:00.000-04:00,18.5,752.0,8.4,24.3
2026-08-30T10:00:00.000-04:00,18.8,752.0,8.4,24.3
2026-08-30T10:15:00.000-04:00,18.4,752.0,8.4,24.3
2026-08-30T10:30:00.000-04:00,18.1,752.0,8.4,24.4
2026-08-30T10:45:00.000-04:00,19.2,739.0,8.4,24.4
2026-08-30T11:00:00.000-04:00,18.9,739.0,8.4,24.4
2026-08-30T11:15:00.000-04:00,18.2,739.0,8.4,24.5
2026-08-30T11:30:00.000-04:00,18.2,739.0,8.4,24.5
2026-08-30T11:45:00.000-04:00,18.7,739.0,8.5,24.6
2026-08-30T12:00:00.000-04:00,19.1,739.0,8.5,24.6
2026-08-30T12:15:00.000-04:00,18.8,739.0,8.4,24.7
2026-08-30T12:30:00.000-04:00,18.7,739.0,8.5,24.7
2026-08-30T12:45:00.000-04:00,18.9,739.0,8.5,24.7
2026-08-30T13:00:00.000-04:00,19.2,739.0,8.5,24.7
2026-08-30T13:15:00.000-04:00,19.2,739.0,8.6,24.7
2026-08-30T13:30:00.000-04:00,19.5,739.0,8.6,24.7
2026-08-30T13:45:00.000-04:00,19.6,739.0,8.6,24.8
2026-08-30T14:00:00.000-04:00,19.4,726.0,8.6,24.8
2026-08-30T14:15:00.000-04:00,19.3,739.0,8.6,25.0
2026-08-30T14:30:00.000-04:00,19.1,739.0,8.6,25.1
2026-08-30T14:45:00.000-04:00,19.2,739.0,8.7,25.1
2026-08-30T15:00:00.000-04:00,19.6,739.0,8.7,25.1
2026-08-30T15:15:00.000-04:00,19.6,739.0,8.7,25.2
2026-08-30T15:30:00.000-04:00,19.3,739.0,8.7,25.2
2026-08-30T15:45:00.000-04:00,19.4,739.0,8.7,25.3
2026-08-30T16:00:00.000-04:00,19.8,739.0,8.7,25.3
2026-08-30T16:15:00.000-04:00,20.1,739.0,8.7,25.4
2026-08-30T16:30:00.000-04:00,19.1,739.0,8.8,25.6
2026-08-30T16:45:00.000-04:00,19.2,739.0,8.8,25.7
2026-08-30T17:00:00.000-04:00,19.8,726.0,8.8,25.7
2026-08-30T17:15:00.000-04:00,19.5,739.0,8.8,25.7
2026-08-30T17:30:00.000-04:00,19.9,739.0,8.8,25.7
2026-08-30T17:45:00.000-04:00,19.9,739.0,8.8,25.6
2026-08-30T18:00:00.000-04:00,20.4,739.0,8.8,25.5
2026-08-30T18:15:00.000-04:00,19.8,739.0,8.8,25.4
2026-08-30T18:30:00.000-04:00,19.0,726.0,8.7,25.4
2026-08-30T18:45:00.000-04:00,20.2,726.0,8.7,25.3
2026-08-30T19:00:00.000-04:00,19.6,713.0,8.7,25.2
2026-08-30T19:15:00.000-04:00,20.2,713.0,8.7,25.2
2026-08-30T19:30:00.000-04:00,19.7,713.0,8.7,25.2
2026-08-30T19:45:00.000-04:00,19.9,726.0,8.7,25.1
2026-08-30T20:00:00.000-04:00,20.6,713.0,8.6,25.0
2026-08-30T20:15:00.000-04:00,19.9,713.0,8.6,24.9
2026-08-30T20:30:00.000-04:00,19.3,713.0,8.6,24.8
2026-08-30T20:45:00.000-04:00,19.2,713.0,8.5,24.7
2026-08-30T21:00:00.000-04:00,19.0,713.0,8.5,24.7
2026-08-30T21:15:00.000-04:00,17.5,713.0,8.5,24.6
2026-08-30T21:30:00.000-04:00,18.2,713.0,8.5,24.5
2026-08-30T21:45:00.000-04:00,19.3,713.0,8.4,24.4
2026-08-30T22:00:00.000-04:00,18.4,713.0,8.4,24.4
2026-08-30T22:15:00.000-04:00,17.7,726.0,8.4,24.3
2026-08-30T22:30:00.000-04:00,17.4,713.0,8.4,24.3
2026-08-30T22:45:00.000-04:00,17.3,713.0,8.3,24.2
2026-08-30T23:00:00.000-04:00,17.5,713.0,8.3,24.2
2026-08-30T23:15:00.000-04:00,16.9,701.0,8.3,24.1
2026-08-30T23:30:00.000-04:00,16.5,701.0,8.3,24.1
2026-08-30T23:45:00.000-04:00,16.2,701.0,8.3,24.0
2026-08-31T00:00:00.000-04:00,16.4,688.0,8.3,24.0
2026-08-31T00:15:00.000-04:00,16.5,688.0,8.3,24.0
2026-08-31T00:30:00.000-04:00,16.0,676.0,8.3,24.0
2026-08-31T00:45:00.000-04:00,15.6,676.0,8.2,24.0
2026-08-31T01:00:00.000-04:00,15.6,664.0,8.2,24.0
2026-08-31T01:15:00.000-04:00,15.6,664.0,8.2,24.0
2026-08-31T01:30:00.000-04:00,15.6,651.0,8.2,23.9
2026-08-31T01:45:00.000-04:00,15.7,651.0,8.2,24.0
2026-08-31T02:00:00.000-04:00,15.5,651.0,8.2,23.9
2026-08-31T02:15:00.000-04:00,15.7,651.0,8.2,23.9
2026-08-31T02:30:00.000-04:00,15.5,651.0,8.2,23.9
2026-08-31T02:45:00.000-04:00,15.4,639.0,8.1,23.9
2026-08-31T03:00:00.000-04:00,15.1,639.0,8.1,23.9
2026-08-31T03:15:00.000-04:00,15.1,639.0,8.1,23.9
2026-08-31T03:30:00.000-04:00,15.2,639.0,8.1,23.9
2026-08-31T03:45:00.000-04:00,15.0,639.0,8.1,23.8
2026-08-31T04:00:00.000-04:00,15.2,639.0,8.1,23.8
2026-08-31T04:15:00.000-04:00,15.2,639.0,8.1,23.8
2026-08-31T04:30:00.000-04:00,15.1,639.0,8.1,23.8
2026-08-31T04:45:00.000-04:00,15.3,651.0,8.1,23.8
2026-08-31T05:00:00.000-04:00,15.3,651.0,8.1,23.7
2026-08-31T05:15:00.000-04:00,15.4,664.0,8.0,23.7
2026-08-31T05:30:00.000-04:00,15.2,651.0,8.0,23.7
2026-08-31T05:45:00.000-04:00,15.4,639.0,8.1,23.7
2026-08-31T06:00:00.000-04:00,15.4,628.0,8.0,23.7
2026-08-31T06:15:00.000-04:00,15.4,628.0,8.0,23.7
2026-08-31T06:30:00.000-04:00,15.3,628.0,8.0,23.7
2026-08-31T06:45:00.000-04:00,15.3,628.0,8.0,23.7
2026-08-31T07:00:00.000-04:00,15.4,616.0,8.0,23.7
2026-08-31T07:15:00.000-04:00,15.5,628.0,8.1,23.7
2026-08-31T07:30:00.000-04:00,15.5,616.0,8.1,23.7
2026-08-31T07:45:00.000-04:00,15.9,628.0,8.1,23.7
2026-08-31T08:00:00.000-04:00,15.8,628.0,8.1,23.7
2026-08-31T08:15:00.000-04:00,15.7,628.0,8.1,23.7
2026-08-31T08:30:00.000-04:00,15.4,628.0,8.1,23.7
2026-08-31T08:45:00.000-04:00,15.3,628.0,8.1,23.8
2026-08-31T09:00:00.000-04:00,15.6,628.0,8.2,23.8
2026-08-31T09:15:00.000-04:00,15.6,628.0,8.2,24.0
2026-08-31T09:30:00.000-04:00,15.2,628.0,8.2,24.2
2026-08-31T09:45:00.000-04:00,15.4,628.0,8.3,24.5
2026-08-31T10:00:00.000-04:00,15.5,628.0,8.4,24.6
2026-08-31T10:15:00.000-04:00,16.2,628.0,8.4,24.6
2026-08-31T10:30:00.000-04:00,22.2,628.0,8.4,24.7
2026-08-31T10:45:00.000-04:00,35.8,628.0,8.4,24.8
2026-08-31T11:00:00.000-04:00,44.1,616.0,8.4,25.0
2026-08-31T11:15:00.000-04:00,48.8,604.0,8.4,25.1
2026-08-31T11:30:00.000-04:00,50.2,604.0,8.4,25.1
2026-08-31T11:45:00.000-04:00,52.4,604.0,8.5,25.3
2026-08-31T12:00:00.000-04:00,53.1,604.0,8.5,25.4
2026-08-31T12:15:00.000-04:00,53.2,592.0,8.5,25.5
2026-08-31T12:30:00.000-04:00,53.5,592.0,8.5,25.5
2026-08-31T12:45:00.000-04:00,53.5,592.0,8.5,25.5
2026-08-31T13:00:00.000-04:00,53.8,592.0,8.6,25.6
2026-08-31T13:15:00.000-04:00,54.1,592.0,8.6,25.6
2026-08-31T13:30:00.000-04:00,52.7,581.0,8.6,25.9
2026-08-31T13:45:00.000-04:00,52.3,581.0,8.6,26.0
2026-08-31T14:00:00.000-04:00,52.6,581.0,8.6,26.1
2026-08-31T14:15:00.000-04:00,49.5,581.0,8.6,26.6
2026-08-31T14:30:00.000-04:00,43.4,592.0,8.7,26.6
2026-08-31T14:45:00.000-04:00,38.3,581.0,8.7,26.7
2026-08-31T15:00:00.000-04:00,33.2,592.0,8.7,26.8
2026-08-31T15:15:00.000-04:00,34.0,604.0,8.7,26.9
2026-08-31T15:30:00.000-04:00,35.8,592.0,8.7,27.2
2026-08-31T15:45:00.000-04:00,38.4,581.0,8.7,27.4
2026-08-31T16:00:00.000-04:00,39.1,581.0,8.8,27.6
2026-08-31T16:15:00.000-04:00,38.2,592.0,8.8,27.6
2026-08-31T16:30:00.000-04:00,38.5,592.0,8.8,27.7
2026-08-31T16:45:00.000-04:00,39.4,592.0,8.8,27.6
2026-08-31T17:00:00.000-04:00,38.6,592.0,8.8,27.5
2026-08-31T17:15:00.000-04:00,37.8,581.0,8.8,27.4
2026-08-31T17:30:00.000-04:00,38.1,570.0,8.8,27.4
2026-08-31T17:45:00.000-04:00,37.4,570.0,8.8,27.2
2026-08-31T18:00:00.000-04:00,33.8,570.0,8.8,27.1
2026-08-31T18:15:00.000-04:00,29.5,570.0,8.8,27.1
2026-08-31T18:30:00.000-04:00,25.3,570.0,8.8,27.0
2026-08-31T18:45:00.000-04:00,23.4,570.0,8.8,26.9
2026-08-31T19:00:00.000-04:00,21.3,570.0,8.8,26.7
2026-08-31T19:15:00.000-04:00,20.6,570.0,8.8,26.6
2026-08-31T19:30:00.000-04:00,19.7,570.0,8.7,26.5
2026-08-31T19:45:00.000-04:00,19.0,581.0,8.7,26.3
2026-08-31T20:00:00.000-04:00,19.1,581.0,8.7,26.2
2026-08-31T20:15:00.000-04:00,19.0,581.0,8.7,26.0
2026-08-31T20:30:00.000-04:00,18.8,592.0,8.6,25.9
2026-08-31T20:45:00.000-04:00,18.8,592.0,8.6,25.8
2026-08-31T21:00:00.000-04:00,18.3,581.0,8.6,25.6
2026-08-31T21:15:00.000-04:00,18.3,581.0,8.5,25.5
2026-08-31T21:30:00.000-04:00,17.1,570.0,8.5,25.5
2026-08-31T21:45:00.000-04:00,17.5,570.0,8.5,25.4
2026-08-31T22:00:00.000-04:00,17.6,570.0,8.4,25.3
2026-08-31T22:15:00.000-04:00,17.8,570.0,8.4,25.3
2026-08-31T22:30:00.000-04:00,17.0,558.0,8.4,25.3
2026-08-31T22:45:00.000-04:00,17.0,558.0,8.4,25.2
2026-08-31T23:00:00.000-04:00,17.1,547.0,8.4,25.1
2026-08-31T23:15:00.000-04:00,16.5,547.0,8.3,25.1
2026-08-31T23:30:00.000-04:00,16.4,547.0,8.3,25.1
2026-08-31T23:45:00.000-04:00,16.2,525.0,8.3,25.0
2026-09-01T00:00:00.000-04:00,16.2,525.0,8.3,24.9
2026-09-01T00:15:00.000-04:00,16.4,515.0,8.3,24.9
2026-09-01T00:30:00.000-04:00,15.6,504.0,8.2,24.8
2026-09-01T00:45:00.000-04:00,16.0,504.0,8.2,24.8
2026-09-01T01:00:00.000-04:00,15.9,493.0,8.2,24.8
2026-09-01T01:15:00.000-04:00,15.8,493.0,8.2,24.7
2026-09-01T01:30:00.000-04:00,15.7,493.0,8.2,24.7
2026-09-01T01:45:00.000-04:00,15.9,493.0,8.2,24.7
2026-09-01T02:00:00.000-04:00,15.4,483.0,8.2,24.6
2026-09-01T02:15:00.000-04:00,15.8,483.0,8.2,24.6
2026-09-01T02:30:00.000-04:00,15.4,483.0,8.1,24.6
2026-09-01T02:45:00.000-04:00,15.8,483.0,8.1,24.5
2026-09-01T03:00:00.000-04:00,15.3,483.0,8.1,24.5
2026-09-01T03:15:00.000-04:00,15.1,473.0,8.1,24.4
2026-09-01T03:30:00.000-04:00,15.0,483.0,8.1,24.4
2026-09-01T03:45:00.000-04:00,15.0,483.0,8.1,24.4
2026-09-01T04:00:00.000-04:00,15.4,483.0,8.1,24.3
2026-09-01T04:15:00.000-04:00,14.9,483.0,8.1,24.3
2026-09-01T04:30:00.000-04:00,14.6,483.0,8.0,24.3
2026-09-01T04:45:00.000-04:00,15.0,473.0,8.1,24.3
2026-09-01T05:00:00.000-04:00,15.3,483.0,8.1,24.2
2026-09-01T05:15:00.000-04:00,15.3,483.0,8.0,24.2
2026-09-01T05:30:00.000-04:00,14.9,483.0,8.0,24.1
2026-09-01T05:45:00.000-04:00,15.0,483.0,8.0,24.1
2026-09-01T06:00:00.000-04:00,15.4,473.0,8.0,24.1
2026-09-01T06:15:00.000-04:00,15.0,483.0,8.0,24.1
2026-09-01T06:30:00.000-04:00,14.9,483.0,8.0,24.1
2026-09-01T06:45:00.000-04:00,15.5,483.0,8.0,24.0
2026-09-01T07:00:00.000-04:00,15.7,473.0,8.0,24.0
2026-09-01T07:15:00.000-04:00,15.8,483.0,8.0,24.0
2026-09-01T07:30:00.000-04:00,17.8,473.0,8.0,24.0
2026-09-01T07:45:00.000-04:00,15.6,473.0,8.0,24.0
2026-09-01T08:00:00.000-04:00,15.7,473.0,8.0,24.1
2026-09-01T08:15:00.000-04:00,15.1,483.0,8.0,24.2
2026-09-01T08:30:00.000-04:00,15.1,483.0,8.1,24.3
2026-09-01T08:45:00.000-04:00,14.7,473.0,8.1,24.4
2026-09-01T09:00:00.000-04:00,14.8,473.0,8.2,24.6
2026-09-01T09:15:00.000-04:00,14.8,483.0,8.2,24.6
2026-09-01T09:30:00.000-04:00,15.0,473.0,8.2,24.7
2026-09-01T09:45:00.000-04:00,15.7,483.0,8.3,25.0
2026-09-01T10:00:00.000-04:00,15.1,483.0,8.3,25.1
2026-09-01T10:15:00.000-04:00,15.1,473.0,8.3,25.1
2026-09-01T10:30:00.000-04:00,15.1,473.0,8.3,25.3
2026-09-01T10:45:00.000-04:00,15.1,473.0,8.4,25.3
2026-09-01T11:00:00.000-04:00,15.2,473.0,8.4,25.2
2026-09-01T11:15:00.000-04:00,15.3,473.0,8.4,25.2
2026-09-01T11:30:00.000-04:00,16.0,473.0,8.4,25.1
2026-09-01T11:45:00.000-04:00,20.8,483.0,8.4,25.0
2026-09-01T12:00:00.000-04:00,21.5,504.0,8.4,25.1
