timestamp,turbidity_ntu,flow_cfs,ph,temperature_c
2026-08-02T12:45:00.000-04:00,0.9,12600.0,7.0,23.5
2026-08-02T13:00:00.000-04:00,0.9,12700.0,7.0,23.6
2026-08-02T13:15:00.000-04:00,0.9,12600.0,7.0,23.6
2026-08-02T13:30:00.000-04:00,0.8,12500.0,7.0,23.6
2026-08-02T13:45:00.000-04:00,0.8,12400.0,7.0,23.6
2026-08-02T14:00:00.000-04:00,0.8,12300.0,7.0,23.7
2026-08-02T14:15:00.000-04:00,0.8,12100.0,7.0,23.7
2026-08-02T14:30:00.000-04:00,0.9,12000.0,6.9,23.7
2026-08-02T14:45:00.000-04:00,0.8,11900.0,7.0,23.7
2026-08-02T15:00:00.000-04:00,0.9,11700.0,7.0,23.8
2026-08-02T15:15:00.000-04:00,0.9,11600.0,7.0,23.8
2026-08-02T15:30:00.000-04:00,0.8,11500.0,7.0,23.8
2026-08-02T15:45:00.000-04:00,0.8,11400.0,7.0,23.9
2026-08-02T16:00:00.000-04:00,0.8,11400.0,7.0,23.9
2026-08-02T16:15:00.000-04:00,0.9,11300.0,7.0,23.9
2026-08-02T16:30:00.000-04:00,0.8,11300.0,7.0,23.9
2026-08-02T16:45:00.000-04:00,0.8,11200.0,6.9,24.0
2026-08-02T17:00:00.000-04:00,0.8,11200.0,6.9,24.0
2026-08-02T17:15:00.000-04:00,0.8,11100.0,6.9,24.0
2026-08-02T17:30:00.000-04:00,0.7,11000.0,6.9,24.0
2026-08-02T17:45:00.000-04:00,0.8,10900.0,6.9,24.0
2026-08-02T18:00:00.000-04:00,0.8,10900.0,6.9,24.0
2026-08-02T18:15:00.000-04:00,0.8,10800.0,6.8,24.0
2026-08-02T18:30:00.000-04:00,1.0,10800.0,6.8,24.0
2026-08-02T18:45:00.000-04:00,0.9,10600.0,6.9,24.0
2026-08-02T19:00:00.000-04:00,0.8,10600.0,6.9,24.0
2026-08-02T19:15:00.000-04:00,0.8,10600.0,6.8,24.0
2026-08-02T19:30:00.000-04:00,0.8,10500.0,6.8,24.0
2026-08-02T19:45:00.000-04:00,0.8,10500.0,6.8,24.0
2026-08-02T20:00:00.000-04:00,1.1,10400.0,6.8,24.0
2026-08-02T20:15:00.000-04:00,1.2,10400.0,6.8,24.0
2026-08-02T20:30:00.000-04:00,1.0,10400.0,6.8,24.0
2026-08-02T20:45:00.000-04:00,0.8,10400.0,6.8,24.0
2026-08-02T21:00:00.000-04:00,0.8,10300.0,6.8,24.0
2026-08-02T21:15:00.000-04:00,0.8,10200.0,6.8,24.0
2026-08-02T21:30:00.000-04:00,0.8,10200.0,6.8,24.0
2026-08-02T21:45:00.000-04:00,0.8,10300.0,6.8,24.0
2026-08-02T22:00:00.000-04:00,0.7,10200.0,6.8,24.0
2026-08-02T22:15:00.000-04:00,0.7,10100.0,6.8,24.0
2026-08-02T22:30:00.000-04:00,0.7,10100.0,6.8,24.0
2026-08-02T22:45:00.000-04:00,0.7,10100.0,6.8,24.0
2026-08-02T23:00:00.000-04:00,0.6,10100.0,6.8,24.0
2026-08-02T23:15:00.000-04:00,0.7,10000.0,6.8,24.0
2026-08-02T23:30:00.000-04:00,0.7,10000.0,6.8,24.0
2026-08-02T23:45:00.000-04:00,0.6,9930.0,6.8,24.0
2026-08-03T00:00:00.000-04:00,0.6,9930.0,6.8,24.0
2026-08-03T00:15:00.000-04:00,0.7,9930.0,6.8,24.0
2026-08-03T00:30:00.000-04:00,0.6,9930.0,6.8,24.0
2026-08-03T00:45:00.000-04:00,0.6,9930.0,6.8,24.0
2026-08-03T01:00:00.000-04:00,0.6,9930.0,6.8,24.0
2026-08-03T01:15:00.000-04:00,0.6,10000.0,6.8,23.9
2026-08-03T01:30:00.000-04:00,0.6,10000.0,6.8,23.9
2026-08-03T01:45:00.000-04:00,0.6,10100.0,6.8,23.9
2026-08-03T02:00:00.000-04:00,0.7,10200.0,6.8,23.9
2026-08-03T02:15:00.000-04:00,0.6,10300.0,6.8,23.9
2026-08-03T02:30:00.000-04:00,0.6,10500.0,6.8,23.9
2026-08-03T02:45:00.000-04:00,0.6,10500.0,6.8,23.9
2026-08-03T03:00:00.000-04:00,0.6,10500.0,6.8,23.9
2026-08-03T03:15:00.000-04:00,0.6,10600.0,6.8,23.9
2026-08-03T03:30:00.000-04:00,0.6,10600.0,6.8,23.8
2026-08-03T03:45:00.000-04:00,0.6,10900.0,6.8,23.8
2026-08-03T04:00:00.000-04:00,0.6,11000.0,6.8,23.8
2026-08-03T04:15:00.000-04:00,0.6,11100.0,6.8,23.8
2026-08-03T04:30:00.000-04:00,0.6,11100.0,6.8,23.8
2026-08-03T04:45:00.000-04:00,0.6,11300.0,6.8,23.8
2026-08-03T05:00:00.000-04:00,0.9,11400.0,6.8,23.8
2026-08-03T05:15:00.000-04:00,0.8,11800.0,6.8,23.8
2026-08-03T05:30:00.000-04:00,1.1,12200.0,6.8,23.8
2026-08-03T05:45:00.000-04:00,1.5,12500.0,6.8,23.8
2026-08-03T06:00:00.000-04:00,1.4,12900.0,6.8,23.8
2026-08-03T06:15:00.000-04:00,1.4,13600.0,6.8,23.7
2026-08-03T06:30:00.000-04:00,1.6,13900.0,6.8,23.7
2026-08-03T06:45:00.000-04:00,1.8,14300.0,6.8,23.7
2026-08-03T07:00:00.000-04:00,2.0,14700.0,6.7,23.7
2026-08-03T07:15:00.000-04:00,2.6,15000.0,6.7,23.7
2026-08-03T07:30:00.000-04:00,5.0,15300.0,6.7,23.7
2026-08-03T07:45:00.000-04:00,6.3,15700.0,6.7,23.6
2026-08-03T08:00:00.000-04:00,8.3,16000.0,6.8,23.6
2026-08-03T08:15:00.000-04:00,9.0,16400.0,6.8,23.6
2026-08-03T08:30:00.000-04:00,10.3,16600.0,6.8,23.6
2026-08-03T08:45:00.000-04:00,11.3,16900.0,6.8,23.5
2026-08-03T09:00:00.000-04:00,12.7,17100.0,6.8,23.5
2026-08-03T09:15:00.000-04:00,13.3,17200.0,6.8,23.5
2026-08-03T09:30:00.000-04:00,13.1,17400.0,6.8,23.5
2026-08-03T09:45:00.000-04:00,12.7,17400.0,6.8,23.5
2026-08-03T10:00:00.000-04:00,13.6,17400.0,6.8,23.5
2026-08-03T10:15:00.000-04:00,11.3,17400.0,6.8,23.5
2026-08-03T10:30:00.000-04:00,11.6,17400.0,6.7,23.4
2026-08-03T10:45:00.000-04:00,10.8,17300.0,6.7,23.4
2026-08-03T11:00:00.000-04:00,10.2,17200.0,6.7,23.4
2026-08-03T11:15:00.000-04:00,10.7,17200.0,6.7,23.4
2026-08-03T11:30:00.000-04:00,9.4,17000.0,6.7,23.4
2026-08-03T11:45:00.000-04:00,9.2,16900.0,6.7,23.4
2026-08-03T12:00:00.000-04:00,8.6,16700.0,6.7,23.4
2026-08-03T12:15:00.000-04:00,8.2,16500.0,6.7,23.4
2026-08-03T12:30:00.000-04:00,7.7,16300.0,6.7,23.4
2026-08-03T12:45:00.000-04:00,7.6,16300.0,6.7,23.4
2026-08-03T13:00:00.000-04:00,7.5,16200.0,6.7,23.4
2026-08-03T13:15:00.000-04:00,7.6,16300.0,6.7,23.4
2026-08-03T13:30:00.000-04:00,9.8,16300.0,6.7,23.4
2026-08-03T13:45:00.000-04:00,10.3,16400.0,6.7,23.4
2026-08-03T14:00:00.000-04:00,9.5,16300.0,6.7,23.4
2026-08-03T14:15:00.000-04:00,9.0,16200.0,6.7,23.4
2026-08-03T14:30:00.000-04:00,8.0,16000.0,6.7,23.4
2026-08-03T14:45:00.000-04:00,8.4,15800.0,6.7,23.4
2026-08-03T15:00:00.000-04:00,9.0,15700.0,6.7,23.5
2026-08-03T15:15:00.000-04:00,9.2,15600.0,6.7,23.5
2026-08-03T15:30:00.000-04:00,9.3,15600.0,6.7,23.5
2026-08-03T15:45:00.000-04:00,9.3,15600.0,6.7,23.5
2026-08-03T16:00:00.000-04:00,9.2,15600.0,6.7,23.5
2026-08-03T16:15:00.000-04:00,9.9,15500.0,6.7,23.5
2026-08-03T16:30:00.000-04:00,9.2,15500.0,6.7,23.5
2026-08-03T16:45:00.000-04:00,8.8,15500.0,6.7,23.5
2026-08-03T17:00:00.000-04:00,9.4,15400.0,6.7,23.6
2026-08-03T17:15:00.000-04:00,10.9,15700.0,6.7,23.6
2026-08-03T17:30:00.000-04:00,10.7,15700.0,6.7,23.6
2026-08-03T17:45:00.000-04:00,10.2,15700.0,6.7,23.6
2026-08-03T18:00:00.000-04:00,9.6,15700.0,6.7,23.6
2026-08-03T18:15:00.000-04:00,9.7,15600.0,6.7,23.6
2026-08-03T18:30:00.000-04:00,10.6,15700.0,6.7,23.6
2026-08-03T18:45:00.000-04:00,9.3,15700.0,6.7,23.6
2026-08-03T19:00:00.000-04:00,9.0,15600.0,6.7,23.6
2026-08-03T19:15:00.000-04:00,8.9,15500.0,6.7,23.6
2026-08-03T19:30:00.000-04:00,8.5,15500.0,6.7,23.6
2026-08-03T19:45:00.000-04:00,8.4,15500.0,6.6,23.6
2026-08-03T20:00:00.000-04:00,8.4,15500.0,6.6,23.6
2026-08-03T20:15:00.000-04:00,7.9,15500.0,6.6,23.6
2026-08-03T20:30:00.000-04:00,7.7,15500.0,6.6,23.6
2026-08-03T20:45:00.000-04:00,7.7,15500.0,6.6,23.6
2026-08-03T21:00:00.000-04:00,7.1,15400.0,6.6,23.6
2026-08-03T21:15:00.000-04:00,6.9,15300.0,6.6,23.6
2026-08-03T21:30:00.000-04:00,6.6,15300.0,6.6,23.6
2026-08-03T21:45:00.000-04:00,6.5,15300.0,6.6,23.6
2026-08-03T22:00:00.000-04:00,6.0,15300.0,6.6,23.5
2026-08-03T22:15:00.000-04:00,6.0,15200.0,6.6,23.5
2026-08-03T22:30:00.000-04:00,5.5,15200.0,6.6,23.5
2026-08-03T22:45:00.000-04:00,5.6,15200.0,6.6,23.5
2026-08-03T23:00:00.000-04:00,5.3,15300.0,6.6,23.5
2026-08-03T23:15:00.000-04:00,5.3,15300.0,6.6,23.5
2026-08-03T23:30:00.000-04:00,5.3,15400.0,6.6,23.5
2026-08-03T23:45:00.000-04:00,5.1,15400.0,6.6,23.4
2026-08-04T00:00:00.000-04:00,5.2,15500.0,6.6,23.4
2026-08-04T00:15:00.000-04:00,5.1,15500.0,6.6,23.4
2026-08-04T00:30:00.000-04:00,5.3,15700.0,6.6,23.4
2026-08-04T00:45:00.000-04:00,5.2,15700.0,6.6,23.4
2026-08-04T01:00:00.000-04:00,5.0,15700.0,6.6,23.4
2026-08-04T01:15:00.000-04:00,4.9,15700.0,6.6,23.3
2026-08-04T01:30:00.000-04:00,5.0,15700.0,6.6,23.3
2026-08-04T01:45:00.000-04:00,4.8,15800.0,6.6,23.3
2026-08-04T02:00:00.000-04:00,4.9,15700.0,6.7,23.3
2026-08-04T02:15:00.000-04:00,4.7,15800.0,6.7,23.3
2026-08-04T02:30:00.000-04:00,4.7,15800.0,6.7,23.2
2026-08-04T02:45:00.000-04:00,4.5,15900.0,6.7,23.2
2026-08-04T03:00:00.000-04:00,4.5,15800.0,6.7,23.2
2026-08-04T03:15:00.000-04:00,4.5,15800.0,6.7,23.2
2026-08-04T03:30:00.000-04:00,4.2,15900.0,6.7,23.2
2026-08-04T03:45:00.000-04:00,4.4,15900.0,6.7,23.2
2026-08-04T04:00:00.000-04:00,4.1,15900.0,6.7,23.1
2026-08-04T04:15:00.000-04:00,4.1,15900.0,6.7,23.1
2026-08-04T04:30:00.000-04:00,4.0,15900.0,6.7,23.1
2026-08-04T04:45:00.000-04:00,4.0,16000.0,6.7,23.1
2026-08-04T05:00:00.000-04:00,3.8,15900.0,6.7,23.0
2026-08-04T05:15:00.000-04:00,3.7,16000.0,6.7,23.0
2026-08-04T05:30:00.000-04:00,3.6,15900.0,6.7,23.0
2026-08-04T05:45:00.000-04:00,4.2,15800.0,6.7,23.0
2026-08-04T06:00:00.000-04:00,4.4,15900.0,6.7,23.0
2026-08-04T06:15:00.000-04:00,4.1,15700.0,6.7,23.0
2026-08-04T06:30:00.000-04:00,4.0,15800.0,6.7,22.9
2026-08-04T06:45:00.000-04:00,3.9,15700.0,6.6,22.9
2026-08-04T07:00:00.000-04:00,3.9,15800.0,6.7,22.9
2026-08-04T07:15:00.000-04:00,3.8,15800.0,6.6,22.9
2026-08-04T07:30:00.000-04:00,4.5,15700.0,6.7,22.9
2026-08-04T07:45:00.000-04:00,4.7,15700.0,6.7,22.9
2026-08-04T08:00:00.000-04:00,4.1,15700.0,6.7,22.9
2026-08-04T08:15:00.000-04:00,4.0,15700.0,6.7,22.9
2026-08-04T08:30:00.000-04:00,3.9,15700.0,6.7,22.9
2026-08-04T08:45:00.000-04:00,3.7,15700.0,6.7,23.0
2026-08-04T09:00:00.000-04:00,3.7,15600.0,6.7,23.0
2026-08-04T09:15:00.000-04:00,3.7,15500.0,6.7,23.0
2026-08-04T09:30:00.000-04:00,3.4,15400.0,6.8,23.1
2026-08-04T09:45:00.000-04:00,3.4,15300.0,6.8,23.1
2026-08-04T10:00:00.000-04:00,3.4,15200.0,6.8,23.2
2026-08-04T10:15:00.000-04:00,3.4,15200.0,6.8,23.2
2026-08-04T10:30:00.000-04:00,4.2,15100.0,6.8,23.3
2026-08-04T10:45:00.000-04:00,3.5,15000.0,6.8,23.4
2026-08-04T11:00:00.000-04:00,3.3,14900.0,6.8,23.4
2026-08-04T11:15:00.000-04:00,3.3,14900.0,6.8,23.5
2026-08-04T11:30:00.000-04:00,3.1,14900.0,6.9,23.6
2026-08-04T11:45:00.000-04:00,3.0,14900.0,6.9,23.6
2026-08-04T12:00:00.000-04:00,3.0,15000.0,6.9,23.7
2026-08-04T12:15:00.000-04:00,3.7,14900.0,6.9,23.7
2026-08-04T12:30:00.000-04:00,3.2,14800.0,6.9,23.7
2026-08-04T12:45:00.000-04:00,3.0,14800.0,6.9,23.8
2026-08-04T13:00:00.000-04:00,2.9,14800.0,6.9,23.8
2026-08-04T13:15:00.000-04:00,2.9,14800.0,6.9,23.9
2026-08-04T13:30:00.000-04:00,2.8,14800.0,6.9,23.9
2026-08-04T13:45:00.000-04:00,2.8,14700.0,6.9,24.0
2026-08-04T14:00:00.000-04:00,2.7,14600.0,6.9,24.0
2026-08-04T14:15:00.000-04:00,2.7,14700.0,6.9,24.1
2026-08-04T14:30:00.000-04:00,2.7,14600.0,6.9,24.1
2026-08-04T14:45:00.000-04:00,2.6,14500.0,6.9,24.1
2026-08-04T15:00:00.000-04:00,2.6,14500.0,6.9,24.2
2026-08-04T15:15:00.000-04:00,2.7,14500.0,6.8,24.2
2026-08-04T15:30:00.000-04:00,2.5,14300.0,6.9,24.2
2026-08-04T15:45:00.000-04:00,2.4,14200.0,6.8,24.2
2026-08-04T16:00:00.000-04:00,2.5,14200.0,6.8,24.2
2026-08-04T16:15:00.000-04:00,2.4,14100.0,6.8,24.2
2026-08-04T16:30:00.000-04:00,2.3,14000.0,6.8,24.3
2026-08-04T16:45:00.000-04:00,2.3,13900.0,6.9,24.3
2026-08-04T17:00:00.000-04:00,2.4,13800.0,6.9,24.3
2026-08-04T17:15:00.000-04:00,2.4,13700.0,6.8,24.3
2026-08-04T17:30:00.000-04:00,2.3,13700.0,6.8,24.3
2026-08-04T17:45:00.000-04:00,2.4,13700.0,6.8,24.4
2026-08-04T18:00:00.000-04:00,2.2,13700.0,6.8,24.4
2026-08-04T18:15:00.000-04:00,2.3,13600.0,6.8,24.4
2026-08-04T18:30:00.000-04:00,2.3,13600.0,6.8,24.4
2026-08-04T18:45:00.000-04:00,2.2,13700.0,6.8,24.4
2026-08-04T19:00:00.000-04:00,2.1,13700.0,6.8,24.4
2026-08-04T19:15:00.000-04:00,2.2,13600.0,6.8,24.4
2026-08-04T19:30:00.000-04:00,2.1,13600.0,6.8,24.4
2026-08-04T19:45:00.000-04:00,2.1,13700.0,6.8,24.4
2026-08-04T20:00:00.000-04:00,2.0,13600.0,6.8,24.4
2026-08-04T20:15:00.000-04:00,2.0,13600.0,6.8,24.4
2026-08-04T20:30:00.000-04:00,2.0,13600.0,6.8,24.4
2026-08-04T20:45:00.000-04:00,2.0,13600.0,6.8,24.4
2026-08-04T21:00:00.000-04:00,2.0,13600.0,6.8,24.4
2026-08-04T21:15:00.000-04:00,2.0,13500.0,6.7,24.4
2026-08-04T21:30:00.000-04:00,2.0,13600.0,6.7,24.4
2026-08-04T21:45:00.000-04:00,2.1,13500.0,6.7,24.3
2026-08-04T22:00:00.000-04:00,2.1,13500.0,6.7,24.3
2026-08-04T22:15:00.000-04:00,2.0,13500.0,6.7,24.3
2026-08-04T22:30:00.000-04:00,2.0,13500.0,6.7,24.3
2026-08-04T22:45:00.000-04:00,2.0,13600.0,6.7,24.3
2026-08-04T23:00:00.000-04:00,2.0,13600.0,6.7,24.3
2026-08-04T23:15:00.000-04:00,1.9,13700.0,6.7,24.2
2026-08-04T23:30:00.000-04:00,1.9,13800.0,6.7,24.2
2026-08-04T23:45:00.000-04:00,1.9,13900.0,6.7,24.2
2026-08-05T00:00:00.000-04:00,1.9,14200.0,6.7,24.2
2026-08-05T00:15:00.000-04:00,1.9,14300.0,6.7,24.2
2026-08-05T00:30:00.000-04:00,1.9,14500.0,6.7,24.1
2026-08-05T00:45:00.000-04:00,1.9,14500.0,6.7,24.1
2026-08-05T01:00:00.000-04:00,1.8,14700.0,6.7,24.1
2026-08-05T01:15:00.000-04:00,1.8,14700.0,6.7,24.1
2026-08-05T01:30:00.000-04:00,1.8,14800.0,6.7,24.1
2026-08-05T01:45:00.000-04:00,1.8,15000.0,6.7,24.0
2026-08-05T02:00:00.000-04:00,1.8,15000.0,6.7,24.0
2026-08-05T02:15:00.000-04:00,1.8,15100.0,6.7,24.0
2026-08-05T02:30:00.000-04:00,1.8,15100.0,6.7,24.0
2026-08-05T02:45:00.000-04:00,1.8,15200.0,6.7,24.0
2026-08-05T03:00:00.000-04:00,1.8,15300.0,6.7,23.9
2026-08-05T03:15:00.000-04:00,1.8,15500.0,6.7,23.9
2026-08-05T03:30:00.000-04:00,1.8,15500.0,6.7,23.9
2026-08-05T03:45:00.000-04:00,1.7,15500.0,6.7,23.9
2026-08-05T04:00:00.000-04:00,1.7,15700.0,6.7,23.8
2026-08-05T04:15:00.000-04:00,1.7,15700.0,6.7,23.8
2026-08-05T04:30:00.000-04:00,1.7,15800.0,6.7,23.8
2026-08-05T04:45:00.000-04:00,1.6,15900.0,6.7,23.8
2026-08-05T05:00:00.000-04:00,1.7,16000.0,6.7,23.8
2026-08-05T05:15:00.000-04:00,1.9,16000.0,6.7,23.7
2026-08-05T05:30:00.000-04:00,2.5,16000.0,6.7,23.7
2026-08-05T05:45:00.000-04:00,2.2,16000.0,6.7,23.7
2026-08-05T06:00:00.000-04:00,2.0,16200.0,6.7,23.7
2026-08-05T06:15:00.000-04:00,1.9,16300.0,6.7,23.6
2026-08-05T06:30:00.000-04:00,2.0,16300.0,6.7,23.6
2026-08-05T06:45:00.000-04:00,2.0,16400.0,6.7,23.6
2026-08-05T07:00:00.000-04:00,1.9,16600.0,6.7,23.6
2026-08-05T07:15:00.000-04:00,1.8,16600.0,6.7,23.6
2026-08-05T07:30:00.000-04:00,1.8,16700.0,6.7,23.5
2026-08-05T07:45:00.000-04:00,2.3,16900.0,6.7,23.5
2026-08-05T08:00:00.000-04:00,2.2,17000.0,6.7,23.5
2026-08-05T08:15:00.000-04:00,2.2,17200.0,6.7,23.5
2026-08-05T08:30:00.000-04:00,1.9,17400.0,6.7,23.6
2026-08-05T08:45:00.000-04:00,1.8,17500.0,6.7,23.6
2026-08-05T09:00:00.000-04:00,1.9,17700.0,6.7,23.6
2026-08-05T09:15:00.000-04:00,1.8,17700.0,6.7,23.6
2026-08-05T09:30:00.000-04:00,1.9,17900.0,6.7,23.6
2026-08-05T09:45:00.000-04:00,1.9,18000.0,6.7,23.6
2026-08-05T10:00:00.000-04:00,2.4,18100.0,6.7,23.6
2026-08-05T10:15:00.000-04:00,1.8,18100.0,6.7,23.6
2026-08-05T10:30:00.000-04:00,1.9,18000.0,6.6,23.6
2026-08-05T10:45:00.000-04:00,1.8,18100.0,6.7,23.7
2026-08-05T11:00:00.000-04:00,1.7,18000.0,6.7,23.7
2026-08-05T11:15:00.000-04:00,1.7,18000.0,6.7,23.7
2026-08-05T11:30:00.000-04:00,1.7,18000.0,6.7,23.7
2026-08-05T11:45:00.000-04:00,1.6,18000.0,6.7,23.7
2026-08-05T12:00:00.000-04:00,1.6,17900.0,6.7,23.8
2026-08-05T12:15:00.000-04:00,2.0,17900.0,6.7,23.8
2026-08-05T12:30:00.000-04:00,1.8,17900.0,6.7,23.8
2026-08-05T12:45:00.000-04:00,1.8,17800.0,6.7,23.8
2026-08-05T13:00:00.000-04:00,1.9,17700.0,6.8,23.8
2026-08-05T13:15:00.000-04:00,1.9,17600.0,6.8,23.9
2026-08-05T13:30:00.000-04:00,1.8,17500.0,6.8,24.0
2026-08-05T13:45:00.000-04:00,1.8,17400.0,6.8,24.0
2026-08-05T14:00:00.000-04:00,1.8,17400.0,6.8,24.0
2026-08-05T14:15:00.000-04:00,1.7,17200.0,6.8,24.0
2026-08-05T14:30:00.000-04:00,1.7,17100.0,6.8,24.0
2026-08-05T14:45:00.000-04:00,1.8,17000.0,6.8,24.1
2026-08-05T15:00:00.000-04:00,1.7,16900.0,6.8,24.1
2026-08-05T15:15:00.000-04:00,1.7,16700.0,6.8,24.2
2026-08-05T15:30:00.000-04:00,1.7,16500.0,6.8,24.2
2026-08-05T15:45:00.000-04:00,1.7,16300.0,6.8,24.2
2026-08-05T16:00:00.000-04:00,1.6,16200.0,6.8,24.2
2026-08-05T16:15:00.000-04:00,1.6,16000.0,6.8,24.2
2026-08-05T16:30:00.000-04:00,1.7,15900.0,6.8,24.3
2026-08-05T16:45:00.000-04:00,1.6,15700.0,6.8,24.3
2026-08-05T17:00:00.000-04:00,1.6,15600.0,6.8,24.3
2026-08-05T17:15:00.000-04:00,1.6,15500.0,6.8,24.3
2026-08-05T17:30:00.000-04:00,1.8,15400.0,6.8,24.3
2026-08-05T17:45:00.000-04:00,1.6,15300.0,6.8,24.4
2026-08-05T18:00:00.000-04:00,1.6,15200.0,6.8,24.4
2026-08-05T18:15:00.000-04:00,1.6,15100.0,6.8,24.4
2026-08-05T18:30:00.000-04:00,1.6,15000.0,6.8,24.4
2026-08-05T18:45:00.000-04:00,1.9,14900.0,6.8,24.4
2026-08-05T19:00:00.000-04:00,1.7,14800.0,6.8,24.4
2026-08-05T19:15:00.000-04:00,1.6,14700.0,6.7,24.4
2026-08-05T19:30:00.000-04:00,1.6,14700.0,6.7,24.4
2026-08-05T19:45:00.000-04:00,1.6,14500.0,6.7,24.4
2026-08-05T20:00:00.000-04:00,1.7,14500.0,6.7,24.4
2026-08-05T20:15:00.000-04:00,1.7,14400.0,6.7,24.4
2026-08-05T20:30:00.000-04:00,1.6,14400.0,6.7,24.4
2026-08-05T20:45:00.000-04:00,1.5,14300.0,6.7,24.4
2026-08-05T21:00:00.000-04:00,1.5,14200.0,6.7,24.4
2026-08-05T21:15:00.000-04:00,2.6,14200.0,6.7,24.4
2026-08-05T21:30:00.000-04:00,3.7,14100.0,6.7,24.4
2026-08-05T21:45:00.000-04:00,2.4,14000.0,6.7,24.4
2026-08-05T22:00:00.000-04:00,2.3,14000.0,6.7,24.4
2026-08-05T22:15:00.000-04:00,2.0,14000.0,6.7,24.4
2026-08-05T22:30:00.000-04:00,2.0,13900.0,6.7,24.3
2026-08-05T22:45:00.000-04:00,1.8,13800.0,6.7,24.3
2026-08-05T23:00:00.000-04:00,1.8,13700.0,6.7,24.3
2026-08-05T23:15:00.000-04:00,1.8,13700.0,6.6,24.3
2026-08-05T23:30:00.000-04:00,1.6,13700.0,6.6,24.3
2026-08-05T23:45:00.000-04:00,1.7,13700.0,6.6,24.3
2026-08-06T00:00:00.000-04:00,1.6,13700.0,6.6,24.3
2026-08-06T00:15:00.000-04:00,1.6,13600.0,6.6,24.3
2026-08-06T00:30:00.000-04:00,1.6,13700.0,6.6,24.3
2026-08-06T00:45:00.000-04:00,1.5,13700.0,6.6,24.3
2026-08-06T01:00:00.000-04:00,1.6,13700.0,6.6,24.2
2026-08-06T01:15:00.000-04:00,1.6,13700.0,6.6,24.2
2026-08-06T01:30:00.000-04:00,1.5,13700.0,6.6,24.2
2026-08-06T01:45:00.000-04:00,1.5,13700.0,6.6,24.2
2026-08-06T02:00:00.000-04:00,1.5,13700.0,6.6,24.2
2026-08-06T02:15:00.000-04:00,1.5,13700.0,6.6,24.2
2026-08-06T02:30:00.000-04:00,1.4,13700.0,6.6,24.2
2026-08-06T02:45:00.000-04:00,1.4,13700.0,6.6,24.2
2026-08-06T03:00:00.000-04:00,1.4,13700.0,6.6,24.2
2026-08-06T03:15:00.000-04:00,1.4,13700.0,6.6,24.2
2026-08-06T03:30:00.000-04:00,1.3,13700.0,6.6,24.1
2026-08-06T03:45:00.000-04:00,1.4,13700.0,6.6,24.1
2026-08-06T04:00:00.000-04:00,1.3,13700.0,6.6,24.1
2026-08-06T04:15:00.000-04:00,1.4,13700.0,6.6,24.1
2026-08-06T04:30:00.000-04:00,1.4,13700.0,6.6,24.1
2026-08-06T04:45:00.000-04:00,1.3,13700.0,6.6,24.1
2026-08-06T05:00:00.000-04:00,1.3,13700.0,6.6,24.0
2026-08-06T05:15:00.000-04:00,1.3,13700.0,6.6,24.0
2026-08-06T05:30:00.000-04:00,1.3,13700.0,6.6,24.0
2026-08-06T05:45:00.000-04:00,1.4,13700.0,6.6,24.0
2026-08-06T06:00:00.000-04:00,1.3,13600.0,6.6,24.0
2026-08-06T06:15:00.000-04:00,1.3,13700.0,6.6,24.0
2026-08-06T06:30:00.000-04:00,1.3,13600.0,6.6,23.9
2026-08-06T06:45:00.000-04:00,1.3,13700.0,6.6,23.9
2026-08-06T07:00:00.000-04:00,1.3,13700.0,6.6,23.9
2026-08-06T07:15:00.000-04:00,1.4,13700.0,6.6,23.9
2026-08-06T07:30:00.000-04:00,1.3,13700.0,6.6,23.9
2026-08-06T07:45:00.000-04:00,1.4,13700.0,6.6,23.9
2026-08-06T08:00:00.000-04:00,1.4,13600.0,6.6,23.8
2026-08-06T08:15:00.000-04:00,1.4,13600.0,6.6,23.8
2026-08-06T08:30:00.000-04:00,1.4,13600.0,6.6,23.8
2026-08-06T08:45:00.000-04:00,1.3,13500.0,6.6,23.8
2026-08-06T09:00:00.000-04:00,1.4,13500.0,6.6,23.8
2026-08-06T09:15:00.000-04:00,1.3,13500.0,6.6,23.8
2026-08-06T09:30:00.000-04:00,1.8,13400.0,6.6,23.8
2026-08-06T09:45:00.000-04:00,1.5,13300.0,6.6,23.8
2026-08-06T10:00:00.000-04:00,1.4,13300.0,6.6,23.8
2026-08-06T10:15:00.000-04:00,1.4,13200.0,6.7,23.9
2026-08-06T10:30:00.000-04:00,1.4,13100.0,6.7,24.0
2026-08-06T10:45:00.000-04:00,1.4,13000.0,6.8,24.0
2026-08-06T11:00:00.000-04:00,1.4,13000.0,6.8,24.0
2026-08-06T11:15:00.000-04:00,1.3,12900.0,6.8,24.1
2026-08-06T11:30:00.000-04:00,1.3,12800.0,6.8,24.1
2026-08-06T11:45:00.000-04:00,1.3,12700.0,6.8,24.1
2026-08-06T12:00:00.000-04:00,1.3,12600.0,6.7,24.2
2026-08-06T12:15:00.000-04:00,1.3,12500.0,6.7,24.2
2026-08-06T12:30:00.000-04:00,1.3,12400.0,6.7,24.2
2026-08-06T12:45:00.000-04:00,1.4,12300.0,6.8,24.2
2026-08-06T13:00:00.000-04:00,1.4,12100.0,6.8,24.3
2026-08-06T13:15:00.000-04:00,1.4,12100.0,6.8,24.4
2026-08-06T13:30:00.000-04:00,1.3,11900.0,6.8,24.4
2026-08-06T13:45:00.000-04:00,1.4,12000.0,6.8,24.4
2026-08-06T14:00:00.000-04:00,1.3,11900.0,6.8,24.5
2026-08-06T14:15:00.000-04:00,1.3,11800.0,6.8,24.5
2026-08-06T14:30:00.000-04:00,1.2,11800.0,6.8,24.5
2026-08-06T14:45:00.000-04:00,2.2,11600.0,6.8,24.6
2026-08-06T15:00:00.000-04:00,4.7,11600.0,6.9,24.6
2026-08-06T15:15:00.000-04:00,1.5,11400.0,6.9,24.7
2026-08-06T15:30:00.000-04:00,1.4,11400.0,6.9,24.7
2026-08-06T15:45:00.000-04:00,1.3,11300.0,6.8,24.7
2026-08-06T16:00:00.000-04:00,1.2,11200.0,6.8,24.7
2026-08-06T16:15:00.000-04:00,1.2,11100.0,6.8,24.8
2026-08-06T16:30:00.000-04:00,1.3,10900.0,6.8,24.8
2026-08-06T16:45:00.000-04:00,1.2,10900.0,6.8,24.8
2026-08-06T17:00:00.000-04:00,1.2,10600.0,6.8,24.9
2026-08-06T17:15:00.000-04:00,1.2,10600.0,6.8,24.9
2026-08-06T17:30:00.000-04:00,1.2,10500.0,6.8,24.9
2026-08-06T17:45:00.000-04:00,1.1,10400.0,6.8,24.9
2026-08-06T18:00:00.000-04:00,1.1,10300.0,6.8,24.9
2026-08-06T18:15:00.000-04:00,1.2,10200.0,6.8,25.0
2026-08-06T18:30:00.000-04:00,1.1,10200.0,6.8,25.0
2026-08-06T18:45:00.000-04:00,1.1,10200.0,6.8,25.0
2026-08-06T19:00:00.000-04:00,1.1,10100.0,6.8,25.0
2026-08-06T19:15:00.000-04:00,1.1,10000.0,6.8,25.0
2026-08-06T19:30:00.000-04:00,1.2,10000.0,6.8,25.1
2026-08-06T19:45:00.000-04:00,1.1,9930.0,6.8,25.1
2026-08-06T20:00:00.000-04:00,1.2,9930.0,6.8,25.1
2026-08-06T20:15:00.000-04:00,1.4,9830.0,6.8,25.1
2026-08-06T20:30:00.000-04:00,1.2,9830.0,6.8,25.1
2026-08-06T20:45:00.000-04:00,1.2,9730.0,6.8,25.2
2026-08-06T21:00:00.000-04:00,1.1,9730.0,6.8,25.2
2026-08-06T21:15:00.000-04:00,1.0,9630.0,6.8,25.2
2026-08-06T21:30:00.000-04:00,1.1,9630.0,6.8,25.2
2026-08-06T21:45:00.000-04:00,1.1,9630.0,6.8,25.2
2026-08-06T22:00:00.000-04:00,1.0,9530.0,6.8,25.2
2026-08-06T22:15:00.000-04:00,1.0,9440.0,6.8,25.2
2026-08-06T22:30:00.000-04:00,1.0,9530.0,6.8,25.2
2026-08-06T22:45:00.000-04:00,1.0,9530.0,6.8,25.2
2026-08-06T23:00:00.000-04:00,1.1,9440.0,6.8,25.2
2026-08-06T23:15:00.000-04:00,1.0,9440.0,6.8,25.2
2026-08-06T23:30:00.000-04:00,1.0,9530.0,6.8,25.2
2026-08-06T23:45:00.000-04:00,1.0,9630.0,6.8,25.2
2026-08-07T00:00:00.000-04:00,1.1,9730.0,6.8,25.2
2026-08-07T00:15:00.000-04:00,1.0,9830.0,6.8,25.2
2026-08-07T00:30:00.000-04:00,1.1,9930.0,6.8,25.2
2026-08-07T00:45:00.000-04:00,1.1,9930.0,6.8,25.2
2026-08-07T01:00:00.000-04:00,1.1,10000.0,6.8,25.2
2026-08-07T01:15:00.000-04:00,1.0,10100.0,6.8,25.2
2026-08-07T01:30:00.000-04:00,1.0,10100.0,6.8,25.2
2026-08-07T01:45:00.000-04:00,1.0,10200.0,6.8,25.2
2026-08-07T02:00:00.000-04:00,1.1,10300.0,6.7,25.2
2026-08-07T02:15:00.000-04:00,1.1,10300.0,6.7,25.2
2026-08-07T02:30:00.000-04:00,1.1,10400.0,6.7,25.2
2026-08-07T02:45:00.000-04:00,1.0,10400.0,6.7,25.2
2026-08-07T03:00:00.000-04:00,1.0,10500.0,6.7,25.2
2026-08-07T03:15:00.000-04:00,1.0,10600.0,6.7,25.2
2026-08-07T03:30:00.000-04:00,1.2,10600.0,6.7,25.2
2026-08-07T03:45:00.000-04:00,1.0,10800.0,6.7,25.1
2026-08-07T04:00:00.000-04:00,1.0,10800.0,6.7,25.1
2026-08-07T04:15:00.000-04:00,1.0,10900.0,6.7,25.1
2026-08-07T04:30:00.000-04:00,1.0,11100.0,6.7,25.1
2026-08-07T04:45:00.000-04:00,1.0,11200.0,6.7,25.1
2026-08-07T05:00:00.000-04:00,1.0,11400.0,6.7,25.1
2026-08-07T05:15:00.000-04:00,1.0,11400.0,6.7,25.1
2026-08-07T05:30:00.000-04:00,1.3,11400.0,6.7,25.1
2026-08-07T05:45:00.000-04:00,1.2,11600.0,6.7,25.1
2026-08-07T06:00:00.000-04:00,1.1,11700.0,6.7,25.1
2026-08-07T06:15:00.000-04:00,1.3,11800.0,6.7,25.0
2026-08-07T06:30:00.000-04:00,1.1,11900.0,6.7,25.0
2026-08-07T06:45:00.000-04:00,1.2,11900.0,6.7,25.0
2026-08-07T07:00:00.000-04:00,1.3,11900.0,6.7,25.0
2026-08-07T07:15:00.000-04:00,1.6,12000.0,6.7,25.0
2026-08-07T07:30:00.000-04:00,1.4,12100.0,6.7,25.0
2026-08-07T07:45:00.000-04:00,1.2,12100.0,6.7,25.0
2026-08-07T09:15:00.000-04:00,1.2,12200.0,6.7,25.2
2026-08-07T09:30:00.000-04:00,1.3,12200.0,6.7,25.2
2026-08-07T09:45:00.000-04:00,1.1,12100.0,6.8,25.3
2026-08-07T10:00:00.000-04:00,1.1,12100.0,6.8,25.3
2026-08-07T10:15:00.000-04:00,1.2,12100.0,6.8,25.4
2026-08-07T10:30:00.000-04:00,1.1,12000.0,6.8,25.4
2026-08-07T10:45:00.000-04:00,1.1,11900.0,6.8,25.5
2026-08-07T11:00:00.000-04:00,1.2,11900.0,6.8,25.5
2026-08-07T11:15:00.000-04:00,1.1,11800.0,6.8,25.6
2026-08-07T11:30:00.000-04:00,1.0,11700.0,6.8,25.6
2026-08-07T11:45:00.000-04:00,1.1,11600.0,6.8,25.7
2026-08-07T12:00:00.000-04:00,1.1,11600.0,6.8,25.8
2026-08-07T12:15:00.000-04:00,1.1,11500.0,6.8,25.8
2026-08-07T12:30:00.000-04:00,1.0,11400.0,6.8,25.8
2026-08-07T12:45:00.000-04:00,1.1,11400.0,6.9,25.9
2026-08-07T13:00:00.000-04:00,1.2,11300.0,6.9,26.0
2026-08-07T13:15:00.000-04:00,1.1,11200.0,6.9,26.0
2026-08-07T13:30:00.000-04:00,1.0,11100.0,6.9,26.1
2026-08-07T13:45:00.000-04:00,1.0,11000.0,6.8,26.1
2026-08-07T14:00:00.000-04:00,1.0,10900.0,6.8,26.1
2026-08-07T14:15:00.000-04:00,1.1,10800.0,6.8,26.1
2026-08-07T14:30:00.000-04:00,1.0,10600.0,6.8,26.1
2026-08-07T14:45:00.000-04:00,1.3,10500.0,6.8,26.1
2026-08-07T15:00:00.000-04:00,1.1,10400.0,6.8,26.1
2026-08-07T15:15:00.000-04:00,1.3,10400.0,6.8,26.1
2026-08-07T15:30:00.000-04:00,1.1,10300.0,6.8,26.1
2026-08-07T15:45:00.000-04:00,1.1,10100.0,6.8,26.2
2026-08-07T16:00:00.000-04:00,1.2,10000.0,6.8,26.2
2026-08-07T16:15:00.000-04:00,1.1,9930.0,6.8,26.2
2026-08-07T16:30:00.000-04:00,1.3,9830.0,6.8,26.2
2026-08-07T16:45:00.000-04:00,1.2,9730.0,6.8,26.2
2026-08-07T17:00:00.000-04:00,1.1,9730.0,6.8,26.3
2026-08-07T17:15:00.000-04:00,1.1,9630.0,6.9,26.3
2026-08-07T17:30:00.000-04:00,1.0,9630.0,6.9,26.3
2026-08-07T17:45:00.000-04:00,1.4,9530.0,6.8,26.3
2026-08-07T18:00:00.000-04:00,1.4,9340.0,6.8,26.3
2026-08-07T18:15:00.000-04:00,1.1,9340.0,6.8,26.3
2026-08-07T18:30:00.000-04:00,1.2,9150.0,6.8,26.3
2026-08-07T18:45:00.000-04:00,1.1,9150.0,6.8,26.3
2026-08-07T19:00:00.000-04:00,1.0,9150.0,6.8,26.3
2026-08-07T19:15:00.000-04:00,1.0,9060.0,6.8,26.4
2026-08-07T19:30:00.000-04:00,1.0,8960.0,6.7,26.4
2026-08-07T19:45:00.000-04:00,1.0,8870.0,6.8,26.4
2026-08-07T20:00:00.000-04:00,0.9,8780.0,6.7,26.4
2026-08-07T20:15:00.000-04:00,1.0,8780.0,6.7,26.4
2026-08-07T20:30:00.000-04:00,0.9,8690.0,6.7,26.4
2026-08-07T20:45:00.000-04:00,0.9,8600.0,6.7,26.4
2026-08-07T21:00:00.000-04:00,0.9,8420.0,6.7,26.4
2026-08-07T21:15:00.000-04:00,0.9,8330.0,6.7,26.4
2026-08-07T21:30:00.000-04:00,0.9,8070.0,6.7,26.4
2026-08-07T21:45:00.000-04:00,0.9,8070.0,6.7,26.4
2026-08-07T22:00:00.000-04:00,0.9,8240.0,6.7,26.4
2026-08-07T22:15:00.000-04:00,0.9,8240.0,6.7,26.3
2026-08-07T22:30:00.000-04:00,0.8,8240.0,6.7,26.3
2026-08-07T22:45:00.000-04:00,0.9,8240.0,6.7,26.3
2026-08-07T23:00:00.000-04:00,0.9,8240.0,6.7,26.3
2026-08-07T23:15:00.000-04:00,0.8,8330.0,6.7,26.2
2026-08-07T23:30:00.000-04:00,0.9,8240.0,6.7,26.2
2026-08-07T23:45:00.000-04:00,0.8,8330.0,6.7,26.2
2026-08-08T00:00:00.000-04:00,0.9,8330.0,6.7,26.2
2026-08-08T00:15:00.000-04:00,0.8,8240.0,6.7,26.2
2026-08-08T00:30:00.000-04:00,0.9,8240.0,6.7,26.1
2026-08-08T00:45:00.000-04:00,0.8,8160.0,6.7,26.1
2026-08-08T01:00:00.000-04:00,0.8,8160.0,6.7,26.1
2026-08-08T01:15:00.000-04:00,0.8,8160.0,6.7,26.1
2026-08-08T01:30:00.000-04:00,0.8,8160.0,6.6,26.1
2026-08-08T01:45:00.000-04:00,0.8,8070.0,6.6,26.0
2026-08-08T02:00:00.000-04:00,0.8,8070.0,6.6,26.0
2026-08-08T02:15:00.000-04:00,0.8,8070.0,6.6,26.0
2026-08-08T02:30:00.000-04:00,0.8,8070.0,6.6,26.0
2026-08-08T02:45:00.000-04:00,0.9,8070.0,6.6,26.0
2026-08-08T03:00:00.000-04:00,0.8,8070.0,6.6,26.0
2026-08-08T03:15:00.000-04:00,0.8,8070.0,6.6,25.9
2026-08-08T03:30:00.000-04:00,0.8,8160.0,6.6,25.9
2026-08-08T03:45:00.000-04:00,0.8,8160.0,6.6,25.9
2026-08-08T04:00:00.000-04:00,0.8,8160.0,6.7,25.9
2026-08-08T04:15:00.000-04:00,0.8,8240.0,6.7,25.9
2026-08-08T04:30:00.000-04:00,0.8,8240.0,6.7,25.9
2026-08-08T04:45:00.000-04:00,0.8,8330.0,6.7,25.9
2026-08-08T05:00:00.000-04:00,0.8,8330.0,6.7,25.9
2026-08-08T05:15:00.000-04:00,1.1,8330.0,6.7,25.8
2026-08-08T05:30:00.000-04:00,0.9,8510.0,6.7,25.8
2026-08-08T05:45:00.000-04:00,0.9,8510.0,6.7,25.8
2026-08-08T06:00:00.000-04:00,0.8,8510.0,6.7,25.8
2026-08-08T06:15:00.000-04:00,1.1,8510.0,6.7,25.8
2026-08-08T06:30:00.000-04:00,1.0,8510.0,6.7,25.8
2026-08-08T06:45:00.000-04:00,1.0,8420.0,6.7,25.8
2026-08-08T07:00:00.000-04:00,0.9,8330.0,6.7,25.8
2026-08-08T07:15:00.000-04:00,0.8,8330.0,6.7,25.8
2026-08-08T07:30:00.000-04:00,0.9,8330.0,6.7,25.8
2026-08-08T07:45:00.000-04:00,0.9,8240.0,6.7,25.8
2026-08-08T08:00:00.000-04:00,0.9,8240.0,6.6,25.8
2026-08-08T08:15:00.000-04:00,0.8,8240.0,6.6,25.8
2026-08-08T08:30:00.000-04:00,0.9,8160.0,6.6,25.8
2026-08-08T08:45:00.000-04:00,0.9,8070.0,6.6,25.8
2026-08-08T09:00:00.000-04:00,1.0,8070.0,6.7,25.9
2026-08-08T09:15:00.000-04:00,1.1,7980.0,6.8,26.0
2026-08-08T09:30:00.000-04:00,1.0,7980.0,6.8,26.0
2026-08-08T09:45:00.000-04:00,1.1,7900.0,6.8,26.1
2026-08-08T10:00:00.000-04:00,1.0,7900.0,6.9,26.2
2026-08-08T10:15:00.000-04:00,1.0,7820.0,6.8,26.2
2026-08-08T10:30:00.000-04:00,1.0,7820.0,6.8,26.3
2026-08-08T10:45:00.000-04:00,1.0,7730.0,6.8,26.4
2026-08-08T11:00:00.000-04:00,1.0,7730.0,6.9,26.4
2026-08-08T11:15:00.000-04:00,1.1,7650.0,6.9,26.5
2026-08-08T11:30:00.000-04:00,1.0,7570.0,7.0,26.6
2026-08-08T11:45:00.000-04:00,1.0,7570.0,7.0,26.7
2026-08-08T12:00:00.000-04:00,1.0,7570.0,7.0,26.8
2026-08-08T12:15:00.000-04:00,1.0,7490.0,7.0,26.9
2026-08-08T12:30:00.000-04:00,0.9,7410.0,7.0,27.0
2026-08-08T12:45:00.000-04:00,1.5,7410.0,7.0,27.0
2026-08-08T13:00:00.000-04:00,1.0,7330.0,6.9,27.1
2026-08-08T13:15:00.000-04:00,0.9,7330.0,6.9,27.1
2026-08-08T13:30:00.000-04:00,0.9,7330.0,6.9,27.1
2026-08-08T13:45:00.000-04:00,0.9,7330.0,6.9,27.2
2026-08-08T14:00:00.000-04:00,0.8,7330.0,6.8,27.2
2026-08-08T14:15:00.000-04:00,0.8,7250.0,6.8,27.2
2026-08-08T14:30:00.000-04:00,0.9,7250.0,6.8,27.2
2026-08-08T14:45:00.000-04:00,1.0,7170.0,6.8,27.2
2026-08-08T15:00:00.000-04:00,0.9,7170.0,6.9,27.3
2026-08-08T15:15:00.000-04:00,0.9,7170.0,7.0,27.3
2026-08-08T15:30:00.000-04:00,1.0,7170.0,6.9,27.4
2026-08-08T15:45:00.000-04:00,1.0,7170.0,6.9,27.4
2026-08-08T16:00:00.000-04:00,1.0,7090.0,6.9,27.4
2026-08-08T16:15:00.000-04:00,1.0,7010.0,6.9,27.4
2026-08-08T16:30:00.000-04:00,0.9,6940.0,6.9,27.4
2026-08-08T16:45:00.000-04:00,0.9,6860.0,6.9,27.4
2026-08-08T17:00:00.000-04:00,0.8,6780.0,6.9,27.4
2026-08-08T17:15:00.000-04:00,0.8,6710.0,6.8,27.4
2026-08-08T17:30:00.000-04:00,0.8,6630.0,6.8,27.3
2026-08-08T17:45:00.000-04:00,0.8,6560.0,6.8,27.3
2026-08-08T18:00:00.000-04:00,0.9,6560.0,6.8,27.3
2026-08-08T18:15:00.000-04:00,0.9,6560.0,6.8,27.3
2026-08-08T18:30:00.000-04:00,0.9,6630.0,6.8,27.2
2026-08-08T18:45:00.000-04:00,0.8,6560.0,6.8,27.2
2026-08-08T19:00:00.000-04:00,1.0,6560.0,6.8,27.2
2026-08-08T19:15:00.000-04:00,0.9,6420.0,6.8,27.1
2026-08-08T19:30:00.000-04:00,0.8,6420.0,6.8,27.1
2026-08-08T19:45:00.000-04:00,0.8,6340.0,6.8,27.0
2026-08-08T20:00:00.000-04:00,1.0,6270.0,6.8,27.0
2026-08-08T20:15:00.000-04:00,1.0,6270.0,6.8,27.0
2026-08-08T20:30:00.000-04:00,0.9,6200.0,6.8,27.0
2026-08-08T20:45:00.000-04:00,0.8,6200.0,6.8,26.9
2026-08-08T21:00:00.000-04:00,0.8,6130.0,6.8,26.9
2026-08-08T21:15:00.000-04:00,0.8,6130.0,6.8,26.9
2026-08-08T21:30:00.000-04:00,0.8,6130.0,6.8,26.9
2026-08-08T21:45:00.000-04:00,0.8,5990.0,6.7,26.9
2026-08-08T22:00:00.000-04:00,0.8,5990.0,6.7,26.8
2026-08-08T22:15:00.000-04:00,0.7,5990.0,6.7,26.8
2026-08-08T22:30:00.000-04:00,0.7,5930.0,6.7,26.8
2026-08-08T22:45:00.000-04:00,0.7,5860.0,6.7,26.8
2026-08-08T23:00:00.000-04:00,0.7,5860.0,6.7,26.8
2026-08-08T23:15:00.000-04:00,0.7,5790.0,6.7,26.8
2026-08-08T23:30:00.000-04:00,0.7,5790.0,6.7,26.7
2026-08-08T23:45:00.000-04:00,0.6,5720.0,6.7,26.7
2026-08-09T00:00:00.000-04:00,0.7,5720.0,6.7,26.7
2026-08-09T00:15:00.000-04:00,0.7,5720.0,6.7,26.7
2026-08-09T00:30:00.000-04:00,0.7,5660.0,6.7,26.7
2026-08-09T00:45:00.000-04:00,0.7,5590.0,6.7,26.6
2026-08-09T01:00:00.000-04:00,0.6,5590.0,6.7,26.6
2026-08-09T01:15:00.000-04:00,0.7,5590.0,6.7,26.6
2026-08-09T01:30:00.000-04:00,0.7,5590.0,6.7,26.6
2026-08-09T01:45:00.000-04:00,0.6,5660.0,6.7,26.6
2026-08-09T02:00:00.000-04:00,0.6,5660.0,6.7,26.5
2026-08-09T02:15:00.000-04:00,0.6,5720.0,6.7,26.5
2026-08-09T02:30:00.000-04:00,0.6,5720.0,6.7,26.5
2026-08-09T02:45:00.000-04:00,0.6,5720.0,6.7,26.5
2026-08-09T03:00:00.000-04:00,0.6,5790.0,6.7,26.4
2026-08-09T03:15:00.000-04:00,0.6,5790.0,6.7,26.4
2026-08-09T03:30:00.000-04:00,0.6,5860.0,6.7,26.4
2026-08-09T03:45:00.000-04:00,0.6,5860.0,6.7,26.4
2026-08-09T04:00:00.000-04:00,0.6,5860.0,6.7,26.3
2026-08-09T04:15:00.000-04:00,0.6,5930.0,6.7,26.3
2026-08-09T04:30:00.000-04:00,0.6,5860.0,6.7,26.3
2026-08-09T04:45:00.000-04:00,0.6,5930.0,6.7,26.3
2026-08-09T05:00:00.000-04:00,0.6,5930.0,6.7,26.2
2026-08-09T05:15:00.000-04:00,0.6,5930.0,6.7,26.2
2026-08-09T05:30:00.000-04:00,0.8,5990.0,6.7,26.2
2026-08-09T05:45:00.000-04:00,0.8,5990.0,6.7,26.2
2026-08-09T06:00:00.000-04:00,0.8,5990.0,6.7,26.1
2026-08-09T06:15:00.000-04:00,0.8,6060.0,6.7,26.1
2026-08-09T06:30:00.000-04:00,0.9,6060.0,6.7,26.1
2026-08-09T06:45:00.000-04:00,1.0,6130.0,6.7,26.1
2026-08-09T07:00:00.000-04:00,0.9,6200.0,6.7,26.1
2026-08-09T07:15:00.000-04:00,0.9,6200.0,6.7,26.1
2026-08-09T07:30:00.000-04:00,1.0,6200.0,6.7,26.1
2026-08-09T07:45:00.000-04:00,1.5,6270.0,6.7,26.1
2026-08-09T08:00:00.000-04:00,1.1,6270.0,6.7,26.1
2026-08-09T08:15:00.000-04:00,1.0,6270.0,6.7,26.2
2026-08-09T08:30:00.000-04:00,0.9,6340.0,6.7,26.2
2026-08-09T08:45:00.000-04:00,1.0,6420.0,6.8,26.3
2026-08-09T09:00:00.000-04:00,1.1,6420.0,6.8,26.3
2026-08-09T09:15:00.000-04:00,1.0,6340.0,6.8,26.4
2026-08-09T09:30:00.000-04:00,1.0,6420.0,6.8,26.4
2026-08-09T09:45:00.000-04:00,1.0,6420.0,6.8,26.5
2026-08-09T10:00:00.000-04:00,1.0,6420.0,6.8,26.6
2026-08-09T10:15:00.000-04:00,1.0,6490.0,6.8,26.7
2026-08-09T10:30:00.000-04:00,1.0,6490.0,6.9,26.8
2026-08-09T10:45:00.000-04:00,1.0,6490.0,6.8,26.8
2026-08-09T11:00:00.000-04:00,1.0,6490.0,6.8,26.9
2026-08-09T11:15:00.000-04:00,0.9,6490.0,6.9,27.0
2026-08-09T11:30:00.000-04:00,0.9,6490.0,6.8,27.0
2026-08-09T11:45:00.000-04:00,0.9,6490.0,6.8,27.0
2026-08-09T12:00:00.000-04:00,0.9,6560.0,6.8,27.0
2026-08-09T12:15:00.000-04:00,1.8,6490.0,6.8,27.0
2026-08-09T12:30:00.000-04:00,1.0,6490.0,6.7,27.1
2026-08-09T12:45:00.000-04:00,0.9,6490.0,6.8,27.1
2026-08-09T13:00:00.000-04:00,0.9,6490.0,6.8,27.2
2026-08-09T13:15:00.000-04:00,1.0,6490.0,6.8,27.2
2026-08-09T13:30:00.000-04:00,1.0,6420.0,6.8,27.3
2026-08-09T13:45:00.000-04:00,1.1,6340.0,6.9,27.4
2026-08-09T14:00:00.000-04:00,1.1,6270.0,6.9,27.5
2026-08-09T14:15:00.000-04:00,0.9,6200.0,6.9,27.5
2026-08-09T14:30:00.000-04:00,1.0,6130.0,6.9,27.6
2026-08-09T14:45:00.000-04:00,1.0,6130.0,6.9,27.6
2026-08-09T15:00:00.000-04:00,0.9,5990.0,6.9,27.7
2026-08-09T15:15:00.000-04:00,0.8,5930.0,6.9,27.7
2026-08-09T15:30:00.000-04:00,0.8,5930.0,6.9,27.7
2026-08-09T15:45:00.000-04:00,1.0,5860.0,6.9,27.8
2026-08-09T16:00:00.000-04:00,0.9,5860.0,6.9,27.8
2026-08-09T16:15:00.000-04:00,0.8,5790.0,6.9,27.8
2026-08-09T16:30:00.000-04:00,0.8,5720.0,6.9,27.8
2026-08-09T16:45:00.000-04:00,0.9,5720.0,6.8,27.8
2026-08-09T17:00:00.000-04:00,0.9,5660.0,6.8,27.8
2026-08-09T17:15:00.000-04:00,0.8,5660.0,6.8,27.8
2026-08-09T17:30:00.000-04:00,0.8,5660.0,6.8,27.8
2026-08-09T17:45:00.000-04:00,0.8,5590.0,6.8,27.8
2026-08-09T18:00:00.000-04:00,0.9,5530.0,6.8,27.7
2026-08-09T18:15:00.000-04:00,0.9,5530.0,6.8,27.7
2026-08-09T18:30:00.000-04:00,0.8,5460.0,6.8,27.6
2026-08-09T18:45:00.000-04:00,0.8,5400.0,6.8,27.6
2026-08-09T19:00:00.000-04:00,0.9,5340.0,6.8,27.6
2026-08-09T19:15:00.000-04:00,0.8,5340.0,6.8,27.6
2026-08-09T19:30:00.000-04:00,0.8,5270.0,6.8,27.5
2026-08-09T19:45:00.000-04:00,0.8,5270.0,6.8,27.5
2026-08-09T20:00:00.000-04:00,0.9,5210.0,6.8,27.4
2026-08-09T20:15:00.000-04:00,0.9,5210.0,6.8,27.4
2026-08-09T20:30:00.000-04:00,0.8,5210.0,6.8,27.4
2026-08-09T20:45:00.000-04:00,0.8,5150.0,6.7,27.4
2026-08-09T21:00:00.000-04:00,0.8,5150.0,6.7,27.3
2026-08-09T21:15:00.000-04:00,0.7,5090.0,6.7,27.3
2026-08-09T21:30:00.000-04:00,0.7,5090.0,6.7,27.3
2026-08-09T21:45:00.000-04:00,0.7,5090.0,6.7,27.3
2026-08-09T22:00:00.000-04:00,0.7,5090.0,6.7,27.2
2026-08-09T22:15:00.000-04:00,0.7,5030.0,6.7,27.2
2026-08-09T22:30:00.000-04:00,0.7,5030.0,6.7,27.2
2026-08-09T22:45:00.000-04:00,0.6,4970.0,6.7,27.2
2026-08-09T23:00:00.000-04:00,0.6,4970.0,6.7,27.1
2026-08-09T23:15:00.000-04:00,0.7,4970.0,6.6,27.1
2026-08-09T23:30:00.000-04:00,0.6,4970.0,6.6,27.1
2026-08-09T23:45:00.000-04:00,0.7,4910.0,6.6,27.0
2026-08-10T00:00:00.000-04:00,0.7,4910.0,6.6,27.0
2026-08-10T00:15:00.000-04:00,0.6,4910.0,6.6,27.0
2026-08-10T00:30:00.000-04:00,0.6,4850.0,6.6,27.0
2026-08-10T00:45:00.000-04:00,0.6,4850.0,6.6,27.0
2026-08-10T01:00:00.000-04:00,0.6,4850.0,6.6,26.9
2026-08-10T01:15:00.000-04:00,0.6,4850.0,6.6,26.9
2026-08-10T01:30:00.000-04:00,0.6,4790.0,6.6,26.8
2026-08-10T01:45:00.000-04:00,0.7,4850.0,6.6,26.8
2026-08-10T02:00:00.000-04:00,1.0,4790.0,6.6,26.8
2026-08-10T02:15:00.000-04:00,1.0,4790.0,6.7,26.7
2026-08-10T02:30:00.000-04:00,1.0,4790.0,6.7,26.7
2026-08-10T02:45:00.000-04:00,0.8,4790.0,6.7,26.6
2026-08-10T03:00:00.000-04:00,0.8,4790.0,6.7,26.6
2026-08-10T03:15:00.000-04:00,0.7,4790.0,6.7,26.6
2026-08-10T03:30:00.000-04:00,0.8,4790.0,6.7,26.5
2026-08-10T03:45:00.000-04:00,0.7,4850.0,6.7,26.5
2026-08-10T04:00:00.000-04:00,0.7,4910.0,6.7,26.4
2026-08-10T04:15:00.000-04:00,0.7,4970.0,6.7,26.4
2026-08-10T04:30:00.000-04:00,0.7,4970.0,6.7,26.3
2026-08-10T04:45:00.000-04:00,0.7,5030.0,6.7,26.3
2026-08-10T05:00:00.000-04:00,0.6,5090.0,6.7,26.2
2026-08-10T05:15:00.000-04:00,0.7,5090.0,6.7,26.2
2026-08-10T05:30:00.000-04:00,0.9,5150.0,6.6,26.2
2026-08-10T05:45:00.000-04:00,0.8,5150.0,6.6,26.1
2026-08-10T06:00:00.000-04:00,0.8,5210.0,6.7,26.1
2026-08-10T06:15:00.000-04:00,0.9,5270.0,6.7,26.0
2026-08-10T06:30:00.000-04:00,1.2,5340.0,6.7,26.0
2026-08-10T06:45:00.000-04:00,0.9,5340.0,6.7,26.0
2026-08-10T07:00:00.000-04:00,0.8,5400.0,6.7,25.9
2026-08-10T07:15:00.000-04:00,0.8,5530.0,6.7,25.9
2026-08-10T07:30:00.000-04:00,0.8,5530.0,6.7,25.9
2026-08-10T07:45:00.000-04:00,0.8,5590.0,6.6,25.9
2026-08-10T08:00:00.000-04:00,0.8,5660.0,6.6,25.9
2026-08-10T08:15:00.000-04:00,0.8,5720.0,6.7,25.9
2026-08-10T08:30:00.000-04:00,0.8,5790.0,6.7,26.0
2026-08-10T08:45:00.000-04:00,1.1,5860.0,6.8,26.0
2026-08-10T09:00:00.000-04:00,1.0,5930.0,6.8,26.1
2026-08-10T09:15:00.000-04:00,0.9,5930.0,6.8,26.2
2026-08-10T09:30:00.000-04:00,1.0,5930.0,6.9,26.2
2026-08-10T09:45:00.000-04:00,0.9,5990.0,6.9,26.3
2026-08-10T10:00:00.000-04:00,1.0,5990.0,6.9,26.4
2026-08-10T10:15:00.000-04:00,0.9,6060.0,6.9,26.4
2026-08-10T10:30:00.000-04:00,1.0,6130.0,7.0,26.5
2026-08-10T10:45:00.000-04:00,1.0,6130.0,7.0,26.6
2026-08-10T11:00:00.000-04:00,0.9,6130.0,7.0,26.7
2026-08-10T11:15:00.000-04:00,0.9,6200.0,7.0,26.8
2026-08-10T11:30:00.000-04:00,0.9,6270.0,7.0,26.8
2026-08-10T11:45:00.000-04:00,0.8,6270.0,7.0,26.9
2026-08-10T12:00:00.000-04:00,0.8,6270.0,7.0,26.9
2026-08-10T12:15:00.000-04:00,0.8,6270.0,6.9,26.9
2026-08-10T12:30:00.000-04:00,0.8,6270.0,6.9,27.0
2026-08-10T12:45:00.000-04:00,1.5,6270.0,6.9,27.0
2026-08-10T13:00:00.000-04:00,0.8,6200.0,6.9,27.0
2026-08-10T13:15:00.000-04:00,0.8,6270.0,6.9,27.1
2026-08-10T13:30:00.000-04:00,0.8,6200.0,6.9,27.1
2026-08-10T13:45:00.000-04:00,0.8,6270.0,6.9,27.1
2026-08-10T14:00:00.000-04:00,0.8,6200.0,6.9,27.2
2026-08-10T14:15:00.000-04:00,0.8,6200.0,7.0,27.2
2026-08-10T14:30:00.000-04:00,0.8,6200.0,6.9,27.2
2026-08-10T14:45:00.000-04:00,0.8,6200.0,6.9,27.3
2026-08-10T15:00:00.000-04:00,0.7,6200.0,6.9,27.3
2026-08-10T15:15:00.000-04:00,0.7,6200.0,7.0,27.4
2026-08-10T15:30:00.000-04:00,0.8,6200.0,7.0,27.4
2026-08-10T15:45:00.000-04:00,0.8,6200.0,7.0,27.4
2026-08-10T16:00:00.000-04:00,0.8,6200.0,7.0,27.4
2026-08-10T16:15:00.000-04:00,0.8,6130.0,7.0,27.4
2026-08-10T16:30:00.000-04:00,0.7,6130.0,7.0,27.5
2026-08-10T16:45:00.000-04:00,0.7,6130.0,6.9,27.5
2026-08-10T17:00:00.000-04:00,0.7,6130.0,6.9,27.5
2026-08-10T17:15:00.000-04:00,0.7,6130.0,6.9,27.5
2026-08-10T17:30:00.000-04:00,0.8,6130.0,6.9,27.5
2026-08-10T17:45:00.000-04:00,0.8,6130.0,6.9,27.4
2026-08-10T18:00:00.000-04:00,0.8,6130.0,6.9,27.4
2026-08-10T18:15:00.000-04:00,0.7,6130.0,6.9,27.4
2026-08-10T18:30:00.000-04:00,1.1,6130.0,6.9,27.4
2026-08-10T18:45:00.000-04:00,0.8,6130.0,6.9,27.4
2026-08-10T19:00:00.000-04:00,0.7,6130.0,6.9,27.4
2026-08-10T19:15:00.000-04:00,0.8,6130.0,6.9,27.4
2026-08-10T19:30:00.000-04:00,0.7,6200.0,6.9,27.4
2026-08-10T19:45:00.000-04:00,0.7,6130.0,6.8,27.3
2026-08-10T20:00:00.000-04:00,0.7,6060.0,6.8,27.3
2026-08-10T20:15:00.000-04:00,0.8,6060.0,6.8,27.3
2026-08-10T20:30:00.000-04:00,0.7,6130.0,6.8,27.3
2026-08-10T20:45:00.000-04:00,0.7,5990.0,6.8,27.3
2026-08-10T21:00:00.000-04:00,0.7,6060.0,6.8,27.3
2026-08-10T21:15:00.000-04:00,0.6,6060.0,6.8,27.3
2026-08-10T21:30:00.000-04:00,0.7,6130.0,6.8,27.3
2026-08-10T21:45:00.000-04:00,0.7,6130.0,6.8,27.3
2026-08-10T22:00:00.000-04:00,0.7,6130.0,6.8,27.3
2026-08-10T22:15:00.000-04:00,0.6,6130.0,6.8,27.2
2026-08-10T22:30:00.000-04:00,0.6,6200.0,6.8,27.2
2026-08-10T22:45:00.000-04:00,0.6,6270.0,6.8,27.2
2026-08-10T23:00:00.000-04:00,0.6,6270.0,6.8,27.2
2026-08-10T23:15:00.000-04:00,0.6,6340.0,6.8,27.2
2026-08-10T23:30:00.000-04:00,0.6,6420.0,6.8,27.2
2026-08-10T23:45:00.000-04:00,0.6,6490.0,6.8,27.2
2026-08-11T00:00:00.000-04:00,0.6,6560.0,6.8,27.1
2026-08-11T00:15:00.000-04:00,0.6,6630.0,6.8,27.1
2026-08-11T00:30:00.000-04:00,0.6,6780.0,6.8,27.1
2026-08-11T00:45:00.000-04:00,0.6,6860.0,6.8,27.1
2026-08-11T01:00:00.000-04:00,0.6,6940.0,6.8,27.0
2026-08-11T01:15:00.000-04:00,0.7,7010.0,6.8,27.0
2026-08-11T01:30:00.000-04:00,0.6,7170.0,6.8,27.0
2026-08-11T01:45:00.000-04:00,0.6,7330.0,6.8,27.0
2026-08-11T02:00:00.000-04:00,0.6,7410.0,6.8,26.9
2026-08-11T02:15:00.000-04:00,0.6,7570.0,6.8,26.9
2026-08-11T02:30:00.000-04:00,0.6,7650.0,6.8,26.8
2026-08-11T02:45:00.000-04:00,0.6,7730.0,6.8,26.8
2026-08-11T03:00:00.000-04:00,0.6,7820.0,6.8,26.8
2026-08-11T03:15:00.000-04:00,0.6,7900.0,6.8,26.7
2026-08-11T03:30:00.000-04:00,0.7,8160.0,6.8,26.7
2026-08-11T03:45:00.000-04:00,0.6,8330.0,6.8,26.6
2026-08-11T04:00:00.000-04:00,0.7,8420.0,6.8,26.6
2026-08-11T04:15:00.000-04:00,0.6,8690.0,6.8,26.6
2026-08-11T04:30:00.000-04:00,0.6,8780.0,6.8,26.5
2026-08-11T04:45:00.000-04:00,0.7,8870.0,6.8,26.5
2026-08-11T05:00:00.000-04:00,0.6,8960.0,6.8,26.4
2026-08-11T05:15:00.000-04:00,0.6,9150.0,6.8,26.4
2026-08-11T05:30:00.000-04:00,0.6,9150.0,6.8,26.4
2026-08-11T05:45:00.000-04:00,0.8,9340.0,6.8,26.3
2026-08-11T06:00:00.000-04:00,0.8,9440.0,6.7,26.3
2026-08-11T06:15:00.000-04:00,0.7,9530.0,6.7,26.2
2026-08-11T06:30:00.000-04:00,0.8,9630.0,6.7,26.2
2026-08-11T06:45:00.000-04:00,0.8,9630.0,6.7,26.2
2026-08-11T07:00:00.000-04:00,0.9,9630.0,6.7,26.2
2026-08-11T07:15:00.000-04:00,0.8,9730.0,6.7,26.2
2026-08-11T07:30:00.000-04:00,0.8,9730.0,6.7,26.1
2026-08-11T07:45:00.000-04:00,0.8,9730.0,6.7,26.1
2026-08-11T08:00:00.000-04:00,0.7,9730.0,6.7,26.1
2026-08-11T08:15:00.000-04:00,0.8,9730.0,6.7,26.1
2026-08-11T08:30:00.000-04:00,0.7,9830.0,6.7,26.2
2026-08-11T08:45:00.000-04:00,0.8,9830.0,6.7,26.2
2026-08-11T09:00:00.000-04:00,0.8,9830.0,6.7,26.2
2026-08-11T09:15:00.000-04:00,0.8,9630.0,6.7,26.2
2026-08-11T09:30:00.000-04:00,0.8,9530.0,6.8,26.2
2026-08-11T09:45:00.000-04:00,0.9,9530.0,6.8,26.3
2026-08-11T10:00:00.000-04:00,0.9,9530.0,6.8,26.4
2026-08-11T10:15:00.000-04:00,0.8,9530.0,6.8,26.4
2026-08-11T10:30:00.000-04:00,0.8,9530.0,6.8,26.5
2026-08-11T10:45:00.000-04:00,0.9,9530.0,6.8,26.5
2026-08-11T11:00:00.000-04:00,0.8,9440.0,6.8,26.6
2026-08-11T11:15:00.000-04:00,0.8,9340.0,6.8,26.6
2026-08-11T11:30:00.000-04:00,0.8,9240.0,6.8,26.7
2026-08-11T11:45:00.000-04:00,0.9,9150.0,6.8,26.7
2026-08-11T12:00:00.000-04:00,0.8,9150.0,6.8,26.8
2026-08-11T12:15:00.000-04:00,1.0,9060.0,6.9,26.8
2026-08-11T12:30:00.000-04:00,1.1,9060.0,6.9,26.9
2026-08-11T12:45:00.000-04:00,0.8,9060.0,6.9,27.0
2026-08-11T13:00:00.000-04:00,0.8,8870.0,6.9,27.0
2026-08-11T13:15:00.000-04:00,0.8,8870.0,6.9,27.1
2026-08-11T13:30:00.000-04:00,0.7,8780.0,6.9,27.1
2026-08-11T13:45:00.000-04:00,0.9,8600.0,6.9,27.1
2026-08-11T14:00:00.000-04:00,0.8,8600.0,6.9,27.2
2026-08-11T14:15:00.000-04:00,0.8,8600.0,6.9,27.2
2026-08-11T14:30:00.000-04:00,0.7,8420.0,6.9,27.2
2026-08-11T14:45:00.000-04:00,0.7,8420.0,6.9,27.2
2026-08-11T15:00:00.000-04:00,0.7,8240.0,6.8,27.3
2026-08-11T15:15:00.000-04:00,0.7,8240.0,6.8,27.3
2026-08-11T15:30:00.000-04:00,0.7,8160.0,6.8,27.3
2026-08-11T15:45:00.000-04:00,0.7,7980.0,6.8,27.3
2026-08-11T16:00:00.000-04:00,0.8,7900.0,6.8,27.3
2026-08-11T16:15:00.000-04:00,0.7,7900.0,6.8,27.3
2026-08-11T16:30:00.000-04:00,0.7,7730.0,6.8,27.3
2026-08-11T16:45:00.000-04:00,0.7,7650.0,6.8,27.3
2026-08-11T17:00:00.000-04:00,0.7,7570.0,6.8,27.3
2026-08-11T17:15:00.000-04:00,0.7,7490.0,6.8,27.3
2026-08-11T17:30:00.000-04:00,0.7,7490.0,6.8,27.3
2026-08-11T17:45:00.000-04:00,0.6,7410.0,6.8,27.3
2026-08-11T18:00:00.000-04:00,0.7,7250.0,6.8,27.3
2026-08-11T18:15:00.000-04:00,1.0,7170.0,6.8,27.3
2026-08-11T18:30:00.000-04:00,0.7,7010.0,6.8,27.3
2026-08-11T18:45:00.000-04:00,0.7,6860.0,6.8,27.3
2026-08-11T19:00:00.000-04:00,0.7,6780.0,6.8,27.2
2026-08-11T19:15:00.000-04:00,0.6,6630.0,6.8,27.2
2026-08-11T19:30:00.000-04:00,0.6,6560.0,6.8,27.2
2026-08-11T19:45:00.000-04:00,0.6,6490.0,6.8,27.2
2026-08-11T20:00:00.000-04:00,0.7,6340.0,6.8,27.1
2026-08-11T20:15:00.000-04:00,0.6,6270.0,6.8,27.1
2026-08-11T20:30:00.000-04:00,0.6,6200.0,6.8,27.1
2026-08-11T20:45:00.000-04:00,0.6,6130.0,6.8,27.0
2026-08-11T21:00:00.000-04:00,0.6,6060.0,6.8,27.0
2026-08-11T21:15:00.000-04:00,0.6,5990.0,6.8,27.0
2026-08-11T21:30:00.000-04:00,0.5,5930.0,6.8,27.0
2026-08-11T21:45:00.000-04:00,0.5,5860.0,6.7,26.9
2026-08-11T22:00:00.000-04:00,0.5,5790.0,6.7,26.9
2026-08-11T22:15:00.000-04:00,0.6,5790.0,6.7,26.9
2026-08-11T22:30:00.000-04:00,0.6,5860.0,6.7,26.8
2026-08-11T22:45:00.000-04:00,0.5,5860.0,6.7,26.8
2026-08-11T23:00:00.000-04:00,0.5,5860.0,6.7,26.8
2026-08-11T23:15:00.000-04:00,0.5,5990.0,6.7,26.8
2026-08-11T23:30:00.000-04:00,0.5,5990.0,6.7,26.8
2026-08-11T23:45:00.000-04:00,0.5,6060.0,6.7,26.7
2026-08-12T00:00:00.000-04:00,0.5,6130.0,6.7,26.7
2026-08-12T00:15:00.000-04:00,0.5,6270.0,6.7,26.7
2026-08-12T00:30:00.000-04:00,0.5,6340.0,6.7,26.6
2026-08-12T00:45:00.000-04:00,0.5,6490.0,6.7,26.6
2026-08-12T01:00:00.000-04:00,0.5,6560.0,6.7,26.6
2026-08-12T01:15:00.000-04:00,0.5,6630.0,6.7,26.6
2026-08-12T01:30:00.000-04:00,0.5,6710.0,6.7,26.6
2026-08-12T01:45:00.000-04:00,0.5,6780.0,6.7,26.5
2026-08-12T02:00:00.000-04:00,0.5,6860.0,6.7,26.5
2026-08-12T02:15:00.000-04:00,0.5,6940.0,6.7,26.5
2026-08-12T02:30:00.000-04:00,0.6,7010.0,6.7,26.5
2026-08-12T02:45:00.000-04:00,0.5,7170.0,6.7,26.4
2026-08-12T03:00:00.000-04:00,0.5,7250.0,6.7,26.4
2026-08-12T03:15:00.000-04:00,0.5,7330.0,6.7,26.4
2026-08-12T03:30:00.000-04:00,0.5,7410.0,6.7,26.4
2026-08-12T03:45:00.000-04:00,0.5,7410.0,6.8,26.3
2026-08-12T04:00:00.000-04:00,0.5,7490.0,6.7,26.3
2026-08-12T04:15:00.000-04:00,0.5,7490.0,6.7,26.3
2026-08-12T04:30:00.000-04:00,0.5,7570.0,6.7,26.2
2026-08-12T04:45:00.000-04:00,0.5,7570.0,6.7,26.2
2026-08-12T05:00:00.000-04:00,0.5,7650.0,6.7,26.2
2026-08-12T05:15:00.000-04:00,0.5,7650.0,6.7,26.2
2026-08-12T05:30:00.000-04:00,0.5,7730.0,6.7,26.1
2026-08-12T05:45:00.000-04:00,0.4,7730.0,6.7,26.1
2026-08-12T06:00:00.000-04:00,0.5,7730.0,6.7,26.0
2026-08-12T06:15:00.000-04:00,0.5,7820.0,6.7,26.0
2026-08-12T06:30:00.000-04:00,0.5,7730.0,6.7,26.0
2026-08-12T06:45:00.000-04:00,0.5,7820.0,6.7,26.0
2026-08-12T07:00:00.000-04:00,0.6,7820.0,6.8,25.9
2026-08-12T07:15:00.000-04:00,0.6,7820.0,6.8,25.9
2026-08-12T07:30:00.000-04:00,0.5,7820.0,6.8,25.9
2026-08-12T07:45:00.000-04:00,0.6,7820.0,6.8,25.9
2026-08-12T08:00:00.000-04:00,0.5,7820.0,6.8,25.9
2026-08-12T08:15:00.000-04:00,0.6,7820.0,6.8,25.9
2026-08-12T08:30:00.000-04:00,0.6,7820.0,6.8,25.9
2026-08-12T08:45:00.000-04:00,0.6,7820.0,6.8,25.9
2026-08-12T09:00:00.000-04:00,0.7,7820.0,6.8,26.0
2026-08-12T09:15:00.000-04:00,0.6,7900.0,6.9,26.0
2026-08-12T09:30:00.000-04:00,0.7,7820.0,6.9,26.1
2026-08-12T09:45:00.000-04:00,0.7,7900.0,7.0,26.1
2026-08-12T10:00:00.000-04:00,0.7,7900.0,7.0,26.2
2026-08-12T10:15:00.000-04:00,0.7,7900.0,7.1,26.3
2026-08-12T10:30:00.000-04:00,0.8,7900.0,7.1,26.4
2026-08-12T10:45:00.000-04:00,1.0,7900.0,7.1,26.4
2026-08-12T11:00:00.000-04:00,0.8,7900.0,7.1,26.5
2026-08-12T11:15:00.000-04:00,0.7,7900.0,7.1,26.6
2026-08-12T11:30:00.000-04:00,0.7,7900.0,7.1,26.7
2026-08-12T11:45:00.000-04:00,0.7,7900.0,7.2,26.8
2026-08-12T12:00:00.000-04:00,0.7,7820.0,7.2,26.8
2026-08-12T12:15:00.000-04:00,0.7,7820.0,7.2,26.9
2026-08-12T12:30:00.000-04:00,0.7,7820.0,7.2,27.0
2026-08-12T12:45:00.000-04:00,0.7,7820.0,7.2,27.0
2026-08-12T13:00:00.000-04:00,0.6,7730.0,7.2,27.1
2026-08-12T13:15:00.000-04:00,0.6,7730.0,7.2,27.1
2026-08-12T13:30:00.000-04:00,0.6,7650.0,7.2,27.2
2026-08-12T13:45:00.000-04:00,0.6,7570.0,7.2,27.2
2026-08-12T14:00:00.000-04:00,0.6,7570.0,7.2,27.2
2026-08-12T14:15:00.000-04:00,0.6,7490.0,7.1,27.2
2026-08-12T14:30:00.000-04:00,0.6,7410.0,7.1,27.2
2026-08-12T14:45:00.000-04:00,0.6,7330.0,7.1,27.2
2026-08-12T15:00:00.000-04:00,0.6,7250.0,7.1,27.2
2026-08-12T15:15:00.000-04:00,0.6,7250.0,7.1,27.2
2026-08-12T15:30:00.000-04:00,0.6,7170.0,7.1,27.3
2026-08-12T15:45:00.000-04:00,0.6,7170.0,7.2,27.3
2026-08-12T16:00:00.000-04:00,0.6,7090.0,7.2,27.3
2026-08-12T16:15:00.000-04:00,0.6,7010.0,7.2,27.4
2026-08-12T16:30:00.000-04:00,0.7,6940.0,7.2,27.4
2026-08-12T16:45:00.000-04:00,0.5,6860.0,7.2,27.4
2026-08-12T17:00:00.000-04:00,0.6,6860.0,7.2,27.4
2026-08-12T17:15:00.000-04:00,0.6,6780.0,7.1,27.4
2026-08-12T17:30:00.000-04:00,0.6,6780.0,7.1,27.4
2026-08-12T17:45:00.000-04:00,0.5,6710.0,7.1,27.4
2026-08-12T18:00:00.000-04:00,0.5,6630.0,7.1,27.4
2026-08-12T18:15:00.000-04:00,0.6,6630.0,7.1,27.3
2026-08-12T18:30:00.000-04:00,0.5,6630.0,7.1,27.3
2026-08-12T18:45:00.000-04:00,0.5,6560.0,7.0,27.3
2026-08-12T19:00:00.000-04:00,0.5,6560.0,7.0,27.3
2026-08-12T19:15:00.000-04:00,0.5,6490.0,7.0,27.2
2026-08-12T19:30:00.000-04:00,0.5,6420.0,7.0,27.2
2026-08-12T19:45:00.000-04:00,0.5,6420.0,7.0,27.2
2026-08-12T20:00:00.000-04:00,0.6,6340.0,7.0,27.1
2026-08-12T20:15:00.000-04:00,0.7,6340.0,7.0,27.1
2026-08-12T20:30:00.000-04:00,0.5,6340.0,7.0,27.1
2026-08-12T20:45:00.000-04:00,0.5,6270.0,7.0,27.0
2026-08-12T21:00:00.000-04:00,0.5,6270.0,7.0,27.0
2026-08-12T21:15:00.000-04:00,0.5,6270.0,7.0,27.0
2026-08-12T21:30:00.000-04:00,0.5,6270.0,7.0,27.0
2026-08-12T21:45:00.000-04:00,0.5,6200.0,7.0,26.9
2026-08-12T22:00:00.000-04:00,0.5,6130.0,7.0,26.9
2026-08-12T22:15:00.000-04:00,0.5,6060.0,6.9,26.9
2026-08-12T22:30:00.000-04:00,0.5,5990.0,6.9,26.9
2026-08-12T22:45:00.000-04:00,0.4,5930.0,6.9,26.8
2026-08-12T23:00:00.000-04:00,0.5,5860.0,6.9,26.8
2026-08-12T23:15:00.000-04:00,0.4,5790.0,6.9,26.8
2026-08-12T23:30:00.000-04:00,0.4,5720.0,6.9,26.8
2026-08-12T23:45:00.000-04:00,0.4,5660.0,6.9,26.8
2026-08-13T00:00:00.000-04:00,0.4,5590.0,6.9,26.7
2026-08-13T00:15:00.000-04:00,0.4,5460.0,6.9,26.7
2026-08-13T00:30:00.000-04:00,0.4,5460.0,6.9,26.7
2026-08-13T00:45:00.000-04:00,0.4,5530.0,6.9,26.7
2026-08-13T01:00:00.000-04:00,0.4,5400.0,6.9,26.6
2026-08-13T01:15:00.000-04:00,0.4,5340.0,6.9,26.6
2026-08-13T01:30:00.000-04:00,0.4,5340.0,6.9,26.6
2026-08-13T01:45:00.000-04:00,0.4,5210.0,6.9,26.6
2026-08-13T02:00:00.000-04:00,0.4,5150.0,6.9,26.5
2026-08-13T02:15:00.000-04:00,0.4,5090.0,6.9,26.5
2026-08-13T02:30:00.000-04:00,0.4,5090.0,6.9,26.4
2026-08-13T02:45:00.000-04:00,0.4,5090.0,6.9,26.4
2026-08-13T03:00:00.000-04:00,0.4,5030.0,6.9,26.4
2026-08-13T03:15:00.000-04:00,0.4,5090.0,6.9,26.3
2026-08-13T03:30:00.000-04:00,0.4,5150.0,6.9,26.3
2026-08-13T03:45:00.000-04:00,0.4,5210.0,6.9,26.2
2026-08-13T04:00:00.000-04:00,0.4,5210.0,6.9,26.2
2026-08-13T04:15:00.000-04:00,0.4,5270.0,6.9,26.2
2026-08-13T04:30:00.000-04:00,1.1,5400.0,6.9,26.1
2026-08-13T04:45:00.000-04:00,0.7,5400.0,6.9,26.1
2026-08-13T05:00:00.000-04:00,0.6,5460.0,6.9,26.1
2026-08-13T05:15:00.000-04:00,0.6,5530.0,6.9,26.1
2026-08-13T05:30:00.000-04:00,0.6,5660.0,6.9,26.0
2026-08-13T05:45:00.000-04:00,0.6,5720.0,6.9,26.0
2026-08-13T06:00:00.000-04:00,0.5,5720.0,6.9,26.0
2026-08-13T06:15:00.000-04:00,0.6,5860.0,6.9,26.0
2026-08-13T06:30:00.000-04:00,0.5,5860.0,6.9,25.9
2026-08-13T06:45:00.000-04:00,0.6,5930.0,6.9,25.9
2026-08-13T07:00:00.000-04:00,0.5,5990.0,6.9,25.9
2026-08-13T07:15:00.000-04:00,0.5,6060.0,6.9,25.8
2026-08-13T07:30:00.000-04:00,0.6,6130.0,6.9,25.8
2026-08-13T07:45:00.000-04:00,0.5,6130.0,6.9,25.8
2026-08-13T08:00:00.000-04:00,0.6,6270.0,6.9,25.8
2026-08-13T08:15:00.000-04:00,0.6,6340.0,6.8,25.8
2026-08-13T08:30:00.000-04:00,0.6,6340.0,6.9,25.9
2026-08-13T08:45:00.000-04:00,0.6,6420.0,6.9,25.9
2026-08-13T09:00:00.000-04:00,0.6,6490.0,6.9,25.9
2026-08-13T09:15:00.000-04:00,0.7,6490.0,7.0,26.0
2026-08-13T09:30:00.000-04:00,0.8,6490.0,7.0,26.0
2026-08-13T09:45:00.000-04:00,0.7,6560.0,7.0,26.1
2026-08-13T10:00:00.000-04:00,0.7,6560.0,7.1,26.1
2026-08-13T10:15:00.000-04:00,0.7,6560.0,7.1,26.2
2026-08-13T10:30:00.000-04:00,0.8,6560.0,7.1,26.3
2026-08-13T10:45:00.000-04:00,0.8,6630.0,7.2,26.3
2026-08-13T11:00:00.000-04:00,0.7,6560.0,7.2,26.4
2026-08-13T11:15:00.000-04:00,0.8,6560.0,7.2,26.5
2026-08-13T11:30:00.000-04:00,0.7,6560.0,7.3,26.6
2026-08-13T11:45:00.000-04:00,0.7,6560.0,7.2,26.7
2026-08-13T12:00:00.000-04:00,0.7,6490.0,7.2,26.7
2026-08-13T12:15:00.000-04:00,0.8,6490.0,7.2,26.8
2026-08-13T12:30:00.000-04:00,0.7,6490.0,7.2,26.8
2026-08-13T12:45:00.000-04:00,0.6,6560.0,7.2,26.9
2026-08-13T13:00:00.000-04:00,0.6,6560.0,7.2,26.9
2026-08-13T13:15:00.000-04:00,0.7,6560.0,7.2,27.0
2026-08-13T13:30:00.000-04:00,0.6,6560.0,7.2,27.0
2026-08-13T13:45:00.000-04:00,0.6,6490.0,7.2,27.0
2026-08-13T14:00:00.000-04:00,0.6,6490.0,7.2,27.0
2026-08-13T14:15:00.000-04:00,0.6,6420.0,7.2,27.0
2026-08-13T14:30:00.000-04:00,0.6,6490.0,7.2,27.0
2026-08-13T14:45:00.000-04:00,0.6,6420.0,7.2,27.1
2026-08-13T15:00:00.000-04:00,0.6,6340.0,7.3,27.1
2026-08-13T15:15:00.000-04:00,0.6,6340.0,7.4,27.2
2026-08-13T15:30:00.000-04:00,0.6,6270.0,7.4,27.2
2026-08-13T15:45:00.000-04:00,0.7,6340.0,7.4,27.2
2026-08-13T16:00:00.000-04:00,0.6,6270.0,7.4,27.2
2026-08-13T16:15:00.000-04:00,0.6,6270.0,7.3,27.3
2026-08-13T16:30:00.000-04:00,0.6,6200.0,7.3,27.3
2026-08-13T16:45:00.000-04:00,0.6,6200.0,7.3,27.3
2026-08-13T17:00:00.000-04:00,0.6,6200.0,7.3,27.3
2026-08-13T17:15:00.000-04:00,0.6,6200.0,7.3,27.3
2026-08-13T17:30:00.000-04:00,0.6,6340.0,7.2,27.3
2026-08-13T17:45:00.000-04:00,0.5,6200.0,7.2,27.3
2026-08-13T18:00:00.000-04:00,0.5,6200.0,7.2,27.2
2026-08-13T18:15:00.000-04:00,0.5,6200.0,7.2,27.2
2026-08-13T18:30:00.000-04:00,0.5,6060.0,7.2,27.2
2026-08-13T18:45:00.000-04:00,0.5,5990.0,7.2,27.1
2026-08-13T19:00:00.000-04:00,0.5,5990.0,7.1,27.1
2026-08-13T19:15:00.000-04:00,0.5,5930.0,7.1,27.1
2026-08-13T19:30:00.000-04:00,0.5,5930.0,7.1,27.0
2026-08-13T19:45:00.000-04:00,0.5,5860.0,7.1,27.0
2026-08-13T20:00:00.000-04:00,0.4,5860.0,7.1,27.0
2026-08-13T20:15:00.000-04:00,0.4,5860.0,7.1,26.9
2026-08-13T20:30:00.000-04:00,0.5,5790.0,7.1,26.9
2026-08-13T20:45:00.000-04:00,0.4,5790.0,7.1,26.9
2026-08-13T21:00:00.000-04:00,0.5,5860.0,7.1,26.9
2026-08-13T21:15:00.000-04:00,0.4,5790.0,7.0,26.8
2026-08-13T21:30:00.000-04:00,0.5,5790.0,7.0,26.8
2026-08-13T21:45:00.000-04:00,0.4,5790.0,7.0,26.8
2026-08-13T22:00:00.000-04:00,0.4,5790.0,7.0,26.8
2026-08-13T22:15:00.000-04:00,0.4,5720.0,7.0,26.8
2026-08-13T22:30:00.000-04:00,0.4,5720.0,7.0,26.8
2026-08-13T22:45:00.000-04:00,0.5,5660.0,7.0,26.7
2026-08-13T23:00:00.000-04:00,0.4,5720.0,7.0,26.7
2026-08-13T23:15:00.000-04:00,0.5,5720.0,7.0,26.7
2026-08-13T23:30:00.000-04:00,0.5,5720.0,7.0,26.7
2026-08-13T23:45:00.000-04:00,0.5,5720.0,7.0,26.7
2026-08-14T00:00:00.000-04:00,0.4,5660.0,7.0,26.7
2026-08-14T00:15:00.000-04:00,0.4,5660.0,7.0,26.6
2026-08-14T00:30:00.000-04:00,0.6,5660.0,7.0,26.6
2026-08-14T00:45:00.000-04:00,0.4,5660.0,7.0,26.6
2026-08-14T01:00:00.000-04:00,0.4,5660.0,7.0,26.6
2026-08-14T01:15:00.000-04:00,0.4,5590.0,7.0,26.6
2026-08-14T01:30:00.000-04:00,0.4,5530.0,7.0,26.6
2026-08-14T01:45:00.000-04:00,0.4,5530.0,7.0,26.5
2026-08-14T02:00:00.000-04:00,0.4,5400.0,7.0,26.5
2026-08-14T02:15:00.000-04:00,0.4,5400.0,7.0,26.5
2026-08-14T02:30:00.000-04:00,0.5,5340.0,7.0,26.4
2026-08-14T02:45:00.000-04:00,0.5,5270.0,7.0,26.4
2026-08-14T03:00:00.000-04:00,0.5,5210.0,7.0,26.4
2026-08-14T03:15:00.000-04:00,0.4,5150.0,7.0,26.4
2026-08-14T03:30:00.000-04:00,0.4,5150.0,7.0,26.3
2026-08-14T03:45:00.000-04:00,0.5,5090.0,7.0,26.3
2026-08-14T04:00:00.000-04:00,0.5,5030.0,7.0,26.3
2026-08-14T04:15:00.000-04:00,0.5,5030.0,7.0,26.2
2026-08-14T04:30:00.000-04:00,0.5,4970.0,7.0,26.2
2026-08-14T04:45:00.000-04:00,0.6,4910.0,7.0,26.2
2026-08-14T05:00:00.000-04:00,0.5,4910.0,7.0,26.1
2026-08-14T05:15:00.000-04:00,0.8,4850.0,7.0,26.1
2026-08-14T05:30:00.000-04:00,1.1,4850.0,6.9,26.0
2026-08-14T05:45:00.000-04:00,0.7,4850.0,6.9,26.0
2026-08-14T06:00:00.000-04:00,0.6,4790.0,6.9,26.0
2026-08-14T06:15:00.000-04:00,0.7,4790.0,6.9,25.9
2026-08-14T06:30:00.000-04:00,0.6,4790.0,6.9,25.9
2026-08-14T06:45:00.000-04:00,0.6,4850.0,6.9,25.9
2026-08-14T07:00:00.000-04:00,0.6,4850.0,6.8,25.9
2026-08-14T07:15:00.000-04:00,0.6,4910.0,6.8,25.8
2026-08-14T07:30:00.000-04:00,0.6,4970.0,6.8,25.8
2026-08-14T07:45:00.000-04:00,0.6,5030.0,6.8,25.9
2026-08-14T08:00:00.000-04:00,0.8,5090.0,6.8,25.9
2026-08-14T08:15:00.000-04:00,0.7,5150.0,6.8,25.9
2026-08-14T08:30:00.000-04:00,0.6,5210.0,6.8,26.0
2026-08-14T08:45:00.000-04:00,0.7,5210.0,6.9,26.0
2026-08-14T09:00:00.000-04:00,0.7,5270.0,6.9,26.1
2026-08-14T09:15:00.000-04:00,0.8,5340.0,6.9,26.2
2026-08-14T09:30:00.000-04:00,0.7,5400.0,7.0,26.2
2026-08-14T09:45:00.000-04:00,0.8,5400.0,7.0,26.3
2026-08-14T10:00:00.000-04:00,0.7,5460.0,7.1,26.4
2026-08-14T10:15:00.000-04:00,0.7,5530.0,7.1,26.6
2026-08-14T10:30:00.000-04:00,0.6,5590.0,7.2,26.6
2026-08-14T10:45:00.000-04:00,0.7,5590.0,7.2,26.8
2026-08-14T11:00:00.000-04:00,0.7,5660.0,7.2,26.8
2026-08-14T11:15:00.000-04:00,0.8,5660.0,7.2,26.9
2026-08-14T11:30:00.000-04:00,0.7,5720.0,7.2,27.0
2026-08-14T11:45:00.000-04:00,0.7,5720.0,7.2,27.1
2026-08-14T12:00:00.000-04:00,0.8,5790.0,7.2,27.2
2026-08-14T12:15:00.000-04:00,0.7,5860.0,7.2,27.3
2026-08-14T12:30:00.000-04:00,0.6,5860.0,7.2,27.3
2026-08-14T12:45:00.000-04:00,0.7,5860.0,7.2,27.4
2026-08-14T13:00:00.000-04:00,0.6,5930.0,7.3,27.5
2026-08-14T13:15:00.000-04:00,0.6,5930.0,7.3,27.6
2026-08-14T13:30:00.000-04:00,0.6,5930.0,7.3,27.6
2026-08-14T13:45:00.000-04:00,0.6,5930.0,7.3,27.7
2026-08-14T14:00:00.000-04:00,0.6,5990.0,7.3,27.7
2026-08-14T14:15:00.000-04:00,0.6,5990.0,7.2,27.7
2026-08-14T14:30:00.000-04:00,0.6,5990.0,7.2,27.7
2026-08-14T14:45:00.000-04:00,0.6,5990.0,7.2,27.7
2026-08-14T15:00:00.000-04:00,1.1,5990.0,7.2,27.7
2026-08-14T15:15:00.000-04:00,0.8,5990.0,7.1,27.6
2026-08-14T15:30:00.000-04:00,0.6,5990.0,7.1,27.6
2026-08-14T15:45:00.000-04:00,0.7,5990.0,7.0,27.5
2026-08-14T16:00:00.000-04:00,0.6,5930.0,7.0,27.5
2026-08-14T16:15:00.000-04:00,0.7,5930.0,7.0,27.4
2026-08-14T16:30:00.000-04:00,0.7,5860.0,7.0,27.4
2026-08-14T16:45:00.000-04:00,0.6,5860.0,7.0,27.4
2026-08-14T17:00:00.000-04:00,0.6,5930.0,7.0,27.3
2026-08-14T17:15:00.000-04:00,0.6,5860.0,7.0,27.3
2026-08-14T17:30:00.000-04:00,0.7,5860.0,7.0,27.2
2026-08-14T17:45:00.000-04:00,0.6,5790.0,7.0,27.2
2026-08-14T18:00:00.000-04:00,0.6,5790.0,7.0,27.2
2026-08-14T18:15:00.000-04:00,0.7,5790.0,7.0,27.1
2026-08-14T18:30:00.000-04:00,0.7,5790.0,6.9,27.1
2026-08-14T18:45:00.000-04:00,0.7,5790.0,6.9,27.1
2026-08-14T19:00:00.000-04:00,0.7,5860.0,6.9,27.1
2026-08-14T19:15:00.000-04:00,0.7,5860.0,6.9,27.1
2026-08-14T19:30:00.000-04:00,0.6,5790.0,6.9,27.1
2026-08-14T19:45:00.000-04:00,0.7,5790.0,6.9,27.0
2026-08-14T20:00:00.000-04:00,0.6,5790.0,6.9,27.0
2026-08-14T20:15:00.000-04:00,0.6,5720.0,6.9,27.0
2026-08-14T20:30:00.000-04:00,0.7,5720.0,6.9,27.0
2026-08-14T20:45:00.000-04:00,0.6,5720.0,6.9,27.0
2026-08-14T21:00:00.000-04:00,0.6,5720.0,6.9,27.0
2026-08-14T21:15:00.000-04:00,0.6,5720.0,6.9,26.9
2026-08-14T21:30:00.000-04:00,0.6,5720.0,6.9,26.9
2026-08-14T21:45:00.000-04:00,0.6,5720.0,6.9,26.9
2026-08-14T22:00:00.000-04:00,0.6,5660.0,6.9,26.9
2026-08-14T22:15:00.000-04:00,0.6,5720.0,6.9,26.8
2026-08-14T22:30:00.000-04:00,0.6,5720.0,6.9,26.8
2026-08-14T22:45:00.000-04:00,0.8,5720.0,6.9,26.8
2026-08-14T23:00:00.000-04:00,0.6,5720.0,6.9,26.8
2026-08-14T23:15:00.000-04:00,0.6,5790.0,6.9,26.7
2026-08-14T23:30:00.000-04:00,0.6,5860.0,6.9,26.7
2026-08-14T23:45:00.000-04:00,0.6,5860.0,6.9,26.6
2026-08-15T00:00:00.000-04:00,0.6,5860.0,6.9,26.6
2026-08-15T00:15:00.000-04:00,0.6,5860.0,6.9,26.6
2026-08-15T00:30:00.000-04:00,0.6,5930.0,6.9,26.6
2026-08-15T00:45:00.000-04:00,0.6,5930.0,6.9,26.5
2026-08-15T01:00:00.000-04:00,0.6,5930.0,6.9,26.5
2026-08-15T01:15:00.000-04:00,0.6,5930.0,6.9,26.4
2026-08-15T01:30:00.000-04:00,0.6,5930.0,6.9,26.4
2026-08-15T01:45:00.000-04:00,0.6,5990.0,6.9,26.4
2026-08-15T02:00:00.000-04:00,0.6,5990.0,6.9,26.3
2026-08-15T02:15:00.000-04:00,0.6,5990.0,6.9,26.3
2026-08-15T02:30:00.000-04:00,0.6,5990.0,6.9,26.2
2026-08-15T02:45:00.000-04:00,0.6,5990.0,6.9,26.2
2026-08-15T03:00:00.000-04:00,0.6,6060.0,6.9,26.2
2026-08-15T03:15:00.000-04:00,0.6,6060.0,6.9,26.1
2026-08-15T03:30:00.000-04:00,0.6,6060.0,6.9,26.1
2026-08-15T03:45:00.000-04:00,0.6,6060.0,6.9,26.0
2026-08-15T04:00:00.000-04:00,0.6,6060.0,6.9,26.0
2026-08-15T04:15:00.000-04:00,0.9,6060.0,6.9,26.0
2026-08-15T04:30:00.000-04:00,0.7,6060.0,6.9,25.9
2026-08-15T04:45:00.000-04:00,0.6,6060.0,6.9,25.9
2026-08-15T05:00:00.000-04:00,0.6,6060.0,6.9,25.8
2026-08-15T05:15:00.000-04:00,0.8,6130.0,6.9,25.8
2026-08-15T05:30:00.000-04:00,0.7,6130.0,6.9,25.7
2026-08-15T05:45:00.000-04:00,0.9,6130.0,6.9,25.7
2026-08-15T06:00:00.000-04:00,0.8,6130.0,6.9,25.6
2026-08-15T06:15:00.000-04:00,0.8,6130.0,6.9,25.6
2026-08-15T06:30:00.000-04:00,0.7,6130.0,6.8,25.6
2026-08-15T06:45:00.000-04:00,0.8,6060.0,6.9,25.5
2026-08-15T07:00:00.000-04:00,0.7,5990.0,6.9,25.5
2026-08-15T07:15:00.000-04:00,0.9,5930.0,6.9,25.5
2026-08-15T07:30:00.000-04:00,0.7,5860.0,6.8,25.5
2026-08-15T07:45:00.000-04:00,0.8,5790.0,6.9,25.5
2026-08-15T08:00:00.000-04:00,0.7,5720.0,6.9,25.5
2026-08-15T08:15:00.000-04:00,0.7,5660.0,6.9,25.5
2026-08-15T08:30:00.000-04:00,0.7,5720.0,6.9,25.5
2026-08-15T08:45:00.000-04:00,0.6,5720.0,6.9,25.6
2026-08-15T09:00:00.000-04:00,0.8,5720.0,7.0,25.6
2026-08-15T09:15:00.000-04:00,0.7,5720.0,7.1,25.7
2026-08-15T09:30:00.000-04:00,0.8,5720.0,7.1,25.8
2026-08-15T09:45:00.000-04:00,0.7,5720.0,7.2,25.9
2026-08-15T10:00:00.000-04:00,0.8,5720.0,7.2,25.9
2026-08-15T10:15:00.000-04:00,0.8,5720.0,7.1,26.0
2026-08-15T10:30:00.000-04:00,0.7,5660.0,7.2,26.1
2026-08-15T10:45:00.000-04:00,0.7,5590.0,7.2,26.1
2026-08-15T11:00:00.000-04:00,0.6,5530.0,7.2,26.2
2026-08-15T11:15:00.000-04:00,0.7,5530.0,7.2,26.2
2026-08-15T11:30:00.000-04:00,0.7,5460.0,7.2,26.3
2026-08-15T11:45:00.000-04:00,0.7,5400.0,7.2,26.4
2026-08-15T12:00:00.000-04:00,0.6,5340.0,7.2,26.5
2026-08-15T12:15:00.000-04:00,0.6,5270.0,7.2,26.5
2026-08-15T12:30:00.000-04:00,0.6,5210.0,7.2,26.6
2026-08-15T12:45:00.000-04:00,0.8,5210.0,7.2,26.6
2026-08-15T13:00:00.000-04:00,0.6,5150.0,7.3,26.7
2026-08-15T13:15:00.000-04:00,0.6,5090.0,7.4,26.8
2026-08-15T13:30:00.000-04:00,0.6,5090.0,7.4,26.8
2026-08-15T13:45:00.000-04:00,0.6,5030.0,7.4,26.9
2026-08-15T14:00:00.000-04:00,0.6,4970.0,7.3,26.9
2026-08-15T14:15:00.000-04:00,0.6,4910.0,7.3,26.9
2026-08-15T14:30:00.000-04:00,0.6,4910.0,7.3,27.0
2026-08-15T14:45:00.000-04:00,0.6,4850.0,7.3,27.0
2026-08-15T15:00:00.000-04:00,0.6,4850.0,7.4,27.1
2026-08-15T15:15:00.000-04:00,0.6,4790.0,7.4,27.1
2026-08-15T15:30:00.000-04:00,0.6,4740.0,7.4,27.1
2026-08-15T15:45:00.000-04:00,0.7,4740.0,7.2,27.1
2026-08-15T16:00:00.000-04:00,0.6,4740.0,7.3,27.1
2026-08-15T16:15:00.000-04:00,0.6,4740.0,7.2,27.1
2026-08-15T16:30:00.000-04:00,0.6,4740.0,7.2,27.1
2026-08-15T16:45:00.000-04:00,0.6,4740.0,7.2,27.1
2026-08-15T17:00:00.000-04:00,0.6,4740.0,7.2,27.1
2026-08-15T17:15:00.000-04:00,0.6,4680.0,7.2,27.1
2026-08-15T17:30:00.000-04:00,0.6,4620.0,7.2,27.0
2026-08-15T17:45:00.000-04:00,0.6,4510.0,7.2,27.0
2026-08-15T18:00:00.000-04:00,0.6,4460.0,7.2,27.0
2026-08-15T18:15:00.000-04:00,0.6,4400.0,7.2,26.9
2026-08-15T18:30:00.000-04:00,0.6,4350.0,7.1,26.9
2026-08-15T18:45:00.000-04:00,0.6,4290.0,7.1,26.8
2026-08-15T19:00:00.000-04:00,0.6,4240.0,7.1,26.8
2026-08-15T19:15:00.000-04:00,0.6,4240.0,7.1,26.7
2026-08-15T19:30:00.000-04:00,0.6,4190.0,7.1,26.6
2026-08-15T19:45:00.000-04:00,0.6,4140.0,7.1,26.6
2026-08-15T20:00:00.000-04:00,0.6,4090.0,7.1,26.5
2026-08-15T20:15:00.000-04:00,0.6,4030.0,7.1,26.5
2026-08-15T20:30:00.000-04:00,0.7,3980.0,7.1,26.4
2026-08-15T20:45:00.000-04:00,0.6,3930.0,7.0,26.4
2026-08-15T21:00:00.000-04:00,0.6,3880.0,7.0,26.3
2026-08-15T21:15:00.000-04:00,0.6,3830.0,7.0,26.3
2026-08-15T21:30:00.000-04:00,0.9,3830.0,7.0,26.2
2026-08-15T21:45:00.000-04:00,0.6,3790.0,7.0,26.2
2026-08-15T22:00:00.000-04:00,0.6,3790.0,7.0,26.1
2026-08-15T22:15:00.000-04:00,0.6,3740.0,7.0,26.1
2026-08-15T22:30:00.000-04:00,0.6,3690.0,7.0,26.0
2026-08-15T22:45:00.000-04:00,0.6,3690.0,7.0,26.0
2026-08-15T23:00:00.000-04:00,0.6,3640.0,7.0,26.0
2026-08-15T23:15:00.000-04:00,0.6,3640.0,7.0,25.9
2026-08-15T23:30:00.000-04:00,0.6,3600.0,7.0,25.9
2026-08-15T23:45:00.000-04:00,0.6,3600.0,7.0,25.9
2026-08-16T00:00:00.000-04:00,0.6,3560.0,7.0,25.8
2026-08-16T00:15:00.000-04:00,0.6,3560.0,7.0,25.8
2026-08-16T00:30:00.000-04:00,0.6,3520.0,7.0,25.8
2026-08-16T00:45:00.000-04:00,0.6,3520.0,7.0,25.8
2026-08-16T01:00:00.000-04:00,0.6,3520.0,7.0,25.7
2026-08-16T01:15:00.000-04:00,0.6,3480.0,7.0,25.7
2026-08-16T01:30:00.000-04:00,0.6,3450.0,7.0,25.6
2026-08-16T01:45:00.000-04:00,0.6,3450.0,7.0,25.6
2026-08-16T02:00:00.000-04:00,0.7,3410.0,7.0,25.6
2026-08-16T02:15:00.000-04:00,0.6,3410.0,7.0,25.6
2026-08-16T02:30:00.000-04:00,0.6,3410.0,7.0,25.5
2026-08-16T02:45:00.000-04:00,0.6,3370.0,7.0,25.5
2026-08-16T03:00:00.000-04:00,0.6,3370.0,7.0,25.5
2026-08-16T03:15:00.000-04:00,0.6,3370.0,7.0,25.4
2026-08-16T03:30:00.000-04:00,0.7,3330.0,7.0,25.4
2026-08-16T03:45:00.000-04:00,0.7,3330.0,7.0,25.4
2026-08-16T04:00:00.000-04:00,0.6,3330.0,7.0,25.3
2026-08-16T04:15:00.000-04:00,0.6,3290.0,7.0,25.3
2026-08-16T04:30:00.000-04:00,0.6,3290.0,7.0,25.2
2026-08-16T04:45:00.000-04:00,0.7,3290.0,7.0,25.2
2026-08-16T05:00:00.000-04:00,1.2,3260.0,7.0,25.2
2026-08-16T05:15:00.000-04:00,0.9,3260.0,7.0,25.1
2026-08-16T05:30:00.000-04:00,0.8,3260.0,7.0,25.1
2026-08-16T05:45:00.000-04:00,0.8,3220.0,7.0,25.0
2026-08-16T06:00:00.000-04:00,0.7,3220.0,7.0,25.0
2026-08-16T06:15:00.000-04:00,0.7,3220.0,6.9,25.0
2026-08-16T06:30:00.000-04:00,0.7,3180.0,6.9,24.9
2026-08-16T06:45:00.000-04:00,0.6,3220.0,6.9,24.9
2026-08-16T07:00:00.000-04:00,0.7,3180.0,6.9,24.9
2026-08-16T07:15:00.000-04:00,0.7,3180.0,6.9,24.9
2026-08-16T07:30:00.000-04:00,0.7,3180.0,6.9,24.9
2026-08-16T07:45:00.000-04:00,0.7,3180.0,6.9,24.9
2026-08-16T08:00:00.000-04:00,0.7,3150.0,6.8,24.9
2026-08-16T08:15:00.000-04:00,0.7,3150.0,6.9,25.0
2026-08-16T08:30:00.000-04:00,0.8,3150.0,6.9,25.0
2026-08-16T08:45:00.000-04:00,0.7,3150.0,7.0,25.1
2026-08-16T09:00:00.000-04:00,0.7,3150.0,7.0,25.1
2026-08-16T09:15:00.000-04:00,0.7,3150.0,7.0,25.2
2026-08-16T09:30:00.000-04:00,0.7,3150.0,7.2,25.3
2026-08-16T09:45:00.000-04:00,0.6,3110.0,7.2,25.4
2026-08-16T10:00:00.000-04:00,0.8,3110.0,7.3,25.6
2026-08-16T10:30:00.000-04:00,0.6,3110.0,7.4,25.8
2026-08-16T10:45:00.000-04:00,0.7,3110.0,7.5,25.9
2026-08-16T11:00:00.000-04:00,0.6,3110.0,7.6,26.0
2026-08-16T11:15:00.000-04:00,0.7,3110.0,7.7,26.2
2026-08-16T11:30:00.000-04:00,0.6,3080.0,7.7,26.3
2026-08-16T11:45:00.000-04:00,0.6,3110.0,7.7,26.4
2026-08-16T12:00:00.000-04:00,0.6,3080.0,7.7,26.5
2026-08-16T12:15:00.000-04:00,0.8,3080.0,7.5,26.6
2026-08-16T12:30:00.000-04:00,0.6,3040.0,7.6,26.6
2026-08-16T12:45:00.000-04:00,0.6,3040.0,7.6,26.7
2026-08-16T13:00:00.000-04:00,0.6,3040.0,7.6,26.7
2026-08-16T13:15:00.000-04:00,0.6,3040.0,7.6,26.8
2026-08-16T13:30:00.000-04:00,0.6,3010.0,7.6,26.8
2026-08-16T13:45:00.000-04:00,0.6,3010.0,7.5,26.8
2026-08-16T14:00:00.000-04:00,0.5,3010.0,7.4,26.8
2026-08-16T14:15:00.000-04:00,0.5,3010.0,7.3,26.9
2026-08-16T14:30:00.000-04:00,0.5,3010.0,7.2,26.9
2026-08-16T14:45:00.000-04:00,0.5,3010.0,7.2,26.9
2026-08-16T15:00:00.000-04:00,0.6,2970.0,7.2,26.8
2026-08-16T15:15:00.000-04:00,0.7,2970.0,7.1,26.8
2026-08-16T15:30:00.000-04:00,0.7,2970.0,7.1,26.8
2026-08-16T15:45:00.000-04:00,0.6,2940.0,7.0,26.8
2026-08-16T16:00:00.000-04:00,0.6,2940.0,7.0,26.7
2026-08-16T16:15:00.000-04:00,0.7,2940.0,7.0,26.7
2026-08-16T16:30:00.000-04:00,0.6,2940.0,7.0,26.6
2026-08-16T16:45:00.000-04:00,0.6,3010.0,7.0,26.5
2026-08-16T17:00:00.000-04:00,0.8,2970.0,7.0,26.5
2026-08-16T17:15:00.000-04:00,0.9,2970.0,7.0,26.4
2026-08-16T17:30:00.000-04:00,0.7,2970.0,7.1,26.3
2026-08-16T17:45:00.000-04:00,0.7,3010.0,7.0,26.2
2026-08-16T18:00:00.000-04:00,0.7,3010.0,7.0,26.2
2026-08-16T18:15:00.000-04:00,0.6,3080.0,7.0,26.1
2026-08-16T18:30:00.000-04:00,0.7,3040.0,7.0,26.0
2026-08-16T18:45:00.000-04:00,0.6,3040.0,7.0,26.0
2026-08-16T19:00:00.000-04:00,0.7,3080.0,7.0,25.9
2026-08-16T19:15:00.000-04:00,0.7,3080.0,7.0,25.8
2026-08-16T19:30:00.000-04:00,0.7,3110.0,7.0,25.8
2026-08-16T19:45:00.000-04:00,0.6,3080.0,7.0,25.7
2026-08-16T20:00:00.000-04:00,0.6,3110.0,7.0,25.7
2026-08-16T20:15:00.000-04:00,0.6,3080.0,7.0,25.6
2026-08-16T20:30:00.000-04:00,0.6,3110.0,7.0,25.6
2026-08-16T20:45:00.000-04:00,0.6,3110.0,7.0,25.6
2026-08-16T21:00:00.000-04:00,0.6,3080.0,7.0,25.5
2026-08-16T21:15:00.000-04:00,0.6,3110.0,7.0,25.5
2026-08-16T21:30:00.000-04:00,0.6,3080.0,7.0,25.4
2026-08-16T21:45:00.000-04:00,0.6,3080.0,7.0,25.4
2026-08-16T22:00:00.000-04:00,0.6,3040.0,7.0,25.4
2026-08-16T22:15:00.000-04:00,0.6,3080.0,7.0,25.3
2026-08-16T22:30:00.000-04:00,0.6,3110.0,7.0,25.3
2026-08-16T22:45:00.000-04:00,0.6,3110.0,7.0,25.3
2026-08-16T23:00:00.000-04:00,0.6,3110.0,6.9,25.2
2026-08-16T23:15:00.000-04:00,0.6,3150.0,6.9,25.2
2026-08-16T23:30:00.000-04:00,0.6,3180.0,6.9,25.2
2026-08-16T23:45:00.000-04:00,0.6,3290.0,6.9,25.2
2026-08-17T00:00:00.000-04:00,0.6,3370.0,6.9,25.1
2026-08-17T00:15:00.000-04:00,0.7,3410.0,6.9,25.1
2026-08-17T00:30:00.000-04:00,0.6,3410.0,6.9,25.1
2026-08-17T00:45:00.000-04:00,0.6,3410.0,7.0,25.1
2026-08-17T01:00:00.000-04:00,0.6,3410.0,7.0,25.1
2026-08-17T01:15:00.000-04:00,0.6,3410.0,7.0,25.1
2026-08-17T01:30:00.000-04:00,0.7,3410.0,7.0,25.1
2026-08-17T01:45:00.000-04:00,0.7,3370.0,7.0,25.1
2026-08-17T02:00:00.000-04:00,0.7,3370.0,7.0,25.1
2026-08-17T02:15:00.000-04:00,0.7,3370.0,7.0,25.1
2026-08-17T02:30:00.000-04:00,0.7,3370.0,7.0,25.1
2026-08-17T02:45:00.000-04:00,0.7,3370.0,7.0,25.1
2026-08-17T03:00:00.000-04:00,0.7,3370.0,7.0,25.1
2026-08-17T03:15:00.000-04:00,0.7,3370.0,7.0,25.1
2026-08-17T03:30:00.000-04:00,0.7,3330.0,7.0,25.1
2026-08-17T03:45:00.000-04:00,0.7,3330.0,7.0,25.1
2026-08-17T04:00:00.000-04:00,0.7,3330.0,7.0,25.1
2026-08-17T04:15:00.000-04:00,0.8,3290.0,7.0,25.0
2026-08-17T04:30:00.000-04:00,0.7,3330.0,7.0,25.0
2026-08-17T04:45:00.000-04:00,0.7,3290.0,7.0,25.0
2026-08-17T05:00:00.000-04:00,0.7,3290.0,7.0,25.0
2026-08-17T05:15:00.000-04:00,0.8,3290.0,7.0,25.0
2026-08-17T05:30:00.000-04:00,0.8,3290.0,7.0,25.0
2026-08-17T05:45:00.000-04:00,1.2,3290.0,7.0,24.9
2026-08-17T06:00:00.000-04:00,0.9,3290.0,7.0,24.9
2026-08-17T06:15:00.000-04:00,0.9,3330.0,7.0,24.9
2026-08-17T06:30:00.000-04:00,0.8,3330.0,6.9,24.9
2026-08-17T06:45:00.000-04:00,0.8,3290.0,6.9,24.9
2026-08-17T07:00:00.000-04:00,0.8,3290.0,6.9,24.9
2026-08-17T07:15:00.000-04:00,0.8,3290.0,6.9,24.8
2026-08-17T07:30:00.000-04:00,0.8,3330.0,6.8,24.8
2026-08-17T07:45:00.000-04:00,0.8,3330.0,6.8,24.8
2026-08-17T08:00:00.000-04:00,0.7,3290.0,6.8,24.8
2026-08-17T08:15:00.000-04:00,0.8,3290.0,6.8,24.8
2026-08-17T08:30:00.000-04:00,0.7,3290.0,6.8,24.8
2026-08-17T08:45:00.000-04:00,0.7,3290.0,6.8,24.8
2026-08-17T09:00:00.000-04:00,0.8,3290.0,6.8,24.8
2026-08-17T09:15:00.000-04:00,0.7,3260.0,6.8,24.8
2026-08-17T09:30:00.000-04:00,0.8,3290.0,6.8,24.7
2026-08-17T09:45:00.000-04:00,0.8,3290.0,6.8,24.7
2026-08-17T10:00:00.000-04:00,0.8,3290.0,6.8,24.7
2026-08-17T10:15:00.000-04:00,0.7,3290.0,6.8,24.7
2026-08-17T10:30:00.000-04:00,0.7,3290.0,6.8,24.7
2026-08-17T10:45:00.000-04:00,0.7,3290.0,6.8,24.8
2026-08-17T11:00:00.000-04:00,0.7,3290.0,6.9,24.8
2026-08-17T11:15:00.000-04:00,0.7,3290.0,6.9,24.8
2026-08-17T11:30:00.000-04:00,0.7,3260.0,6.9,24.8
2026-08-17T11:45:00.000-04:00,0.9,3290.0,7.0,24.9
2026-08-17T12:00:00.000-04:00,0.7,3260.0,7.0,24.9
2026-08-17T12:15:00.000-04:00,0.6,3260.0,7.0,25.0
2026-08-17T12:30:00.000-04:00,0.7,3260.0,7.1,25.0
2026-08-17T12:45:00.000-04:00,0.7,3260.0,7.1,25.1
2026-08-17T13:00:00.000-04:00,0.7,3260.0,7.2,25.1
2026-08-17T13:15:00.000-04:00,0.7,3290.0,7.2,25.2
2026-08-17T13:30:00.000-04:00,0.7,3290.0,7.3,25.2
2026-08-17T13:45:00.000-04:00,0.6,3290.0,7.3,25.3
2026-08-17T14:00:00.000-04:00,0.7,3330.0,7.3,25.4
2026-08-17T14:15:00.000-04:00,0.6,3330.0,7.3,25.4
2026-08-17T14:30:00.000-04:00,0.6,3330.0,7.3,25.4
2026-08-17T14:45:00.000-04:00,0.6,3330.0,7.3,25.5
2026-08-17T15:00:00.000-04:00,0.6,3330.0,7.3,25.5
2026-08-17T15:15:00.000-04:00,0.6,3330.0,7.3,25.5
2026-08-17T15:30:00.000-04:00,0.6,3330.0,7.2,25.5
2026-08-17T15:45:00.000-04:00,0.6,3330.0,7.2,25.6
2026-08-17T16:00:00.000-04:00,0.6,3330.0,7.3,25.6
2026-08-17T16:15:00.000-04:00,0.6,3330.0,7.2,25.6
2026-08-17T16:30:00.000-04:00,0.6,3330.0,7.2,25.6
2026-08-17T16:45:00.000-04:00,0.6,3330.0,7.1,25.6
2026-08-17T17:00:00.000-04:00,0.6,3330.0,7.1,25.6
2026-08-17T17:15:00.000-04:00,0.6,3330.0,7.1,25.6
2026-08-17T17:30:00.000-04:00,0.6,3290.0,7.0,25.6
2026-08-17T17:45:00.000-04:00,0.6,3290.0,7.0,25.6
2026-08-17T18:00:00.000-04:00,0.6,3290.0,7.1,25.6
2026-08-17T18:15:00.000-04:00,0.7,3290.0,7.1,25.5
2026-08-17T18:30:00.000-04:00,0.6,3290.0,7.0,25.5
2026-08-17T18:45:00.000-04:00,0.6,3290.0,7.0,25.5
2026-08-17T19:00:00.000-04:00,1.3,3260.0,7.0,25.5
2026-08-17T19:15:00.000-04:00,0.8,3260.0,7.0,25.4
2026-08-17T19:30:00.000-04:00,0.7,3260.0,7.0,25.4
2026-08-17T19:45:00.000-04:00,0.7,3260.0,7.0,25.4
2026-08-17T20:00:00.000-04:00,0.6,3260.0,7.0,25.3
2026-08-17T20:15:00.000-04:00,0.7,3220.0,7.0,25.3
2026-08-17T20:30:00.000-04:00,0.7,3220.0,7.0,25.2
2026-08-17T20:45:00.000-04:00,0.6,3220.0,7.0,25.2
2026-08-17T21:00:00.000-04:00,0.6,3220.0,7.0,25.2
2026-08-17T21:15:00.000-04:00,0.6,3220.0,7.0,25.1
2026-08-17T21:30:00.000-04:00,0.7,3220.0,7.0,25.1
2026-08-17T21:45:00.000-04:00,0.7,3220.0,7.0,25.0
2026-08-17T22:00:00.000-04:00,0.7,3180.0,7.0,25.0
2026-08-17T22:15:00.000-04:00,0.6,3180.0,6.9,25.0
2026-08-17T22:30:00.000-04:00,0.7,3180.0,6.9,24.9
2026-08-17T22:45:00.000-04:00,0.7,3180.0,6.9,24.9
2026-08-17T23:00:00.000-04:00,0.7,3180.0,6.9,24.9
2026-08-17T23:15:00.000-04:00,0.6,3180.0,6.9,24.8
2026-08-17T23:30:00.000-04:00,0.7,3180.0,6.9,24.8
2026-08-17T23:45:00.000-04:00,0.7,3180.0,6.9,24.8
2026-08-18T00:00:00.000-04:00,0.6,3180.0,6.9,24.8
2026-08-18T00:15:00.000-04:00,0.7,3180.0,6.9,24.8
2026-08-18T00:30:00.000-04:00,0.7,3180.0,6.9,24.8
2026-08-18T00:45:00.000-04:00,0.7,3150.0,6.9,24.8
2026-08-18T01:00:00.000-04:00,0.7,3150.0,6.9,24.7
2026-08-18T01:15:00.000-04:00,0.6,3150.0,6.9,24.7
2026-08-18T01:30:00.000-04:00,0.6,3150.0,6.9,24.7
2026-08-18T01:45:00.000-04:00,0.7,3150.0,6.9,24.7
2026-08-18T02:00:00.000-04:00,0.7,3150.0,6.9,24.7
2026-08-18T02:15:00.000-04:00,0.7,3150.0,6.9,24.7
2026-08-18T02:30:00.000-04:00,0.6,3150.0,6.9,24.7
2026-08-18T02:45:00.000-04:00,0.6,3150.0,6.9,24.7
2026-08-18T03:00:00.000-04:00,0.6,3150.0,6.9,24.7
2026-08-18T03:15:00.000-04:00,0.7,3150.0,6.9,24.7
2026-08-18T03:30:00.000-04:00,0.7,3150.0,6.9,24.7
2026-08-18T03:45:00.000-04:00,0.6,3150.0,6.9,24.7
2026-08-18T04:00:00.000-04:00,0.8,3150.0,6.9,24.7
2026-08-18T04:15:00.000-04:00,0.6,3150.0,6.9,24.7
2026-08-18T04:30:00.000-04:00,0.6,3110.0,6.9,24.7
2026-08-18T04:45:00.000-04:00,0.6,3110.0,6.9,24.7
2026-08-18T05:00:00.000-04:00,0.7,3150.0,6.9,24.7
2026-08-18T05:15:00.000-04:00,0.6,3150.0,6.9,24.7
2026-08-18T05:30:00.000-04:00,0.6,3110.0,6.9,24.7
2026-08-18T05:45:00.000-04:00,0.7,3110.0,6.9,24.6
2026-08-18T06:00:00.000-04:00,0.6,3110.0,6.9,24.6
2026-08-18T06:15:00.000-04:00,0.6,3110.0,6.9,24.6
2026-08-18T06:30:00.000-04:00,0.6,3110.0,6.9,24.6
2026-08-18T06:45:00.000-04:00,0.6,3110.0,6.9,24.6
2026-08-18T07:00:00.000-04:00,0.6,3110.0,6.9,24.6
2026-08-18T07:15:00.000-04:00,0.6,3110.0,6.9,24.6
2026-08-18T07:30:00.000-04:00,0.6,3110.0,7.0,24.6
2026-08-18T07:45:00.000-04:00,0.6,3110.0,7.0,24.6
2026-08-18T08:00:00.000-04:00,0.6,3110.0,7.0,24.6
2026-08-18T08:15:00.000-04:00,0.6,3110.0,7.0,24.7
2026-08-18T08:30:00.000-04:00,0.6,3150.0,7.0,24.7
2026-08-18T08:45:00.000-04:00,0.6,3150.0,7.0,24.7
2026-08-18T09:00:00.000-04:00,0.6,3150.0,7.0,24.7
2026-08-18T09:15:00.000-04:00,0.7,3150.0,7.1,24.8
2026-08-18T09:30:00.000-04:00,0.6,3180.0,7.1,24.9
2026-08-18T09:45:00.000-04:00,0.6,3220.0,7.1,25.0
2026-08-18T10:00:00.000-04:00,0.6,3220.0,7.2,25.1
2026-08-18T10:15:00.000-04:00,0.6,3180.0,7.2,25.2
2026-08-18T10:30:00.000-04:00,0.6,3180.0,7.3,25.4
2026-08-18T10:45:00.000-04:00,0.6,3180.0,7.5,25.5
2026-08-18T11:00:00.000-04:00,0.6,3180.0,7.5,25.6
2026-08-18T11:15:00.000-04:00,0.6,3180.0,7.6,25.7
2026-08-18T11:30:00.000-04:00,0.6,3180.0,7.7,25.8
2026-08-18T11:45:00.000-04:00,0.5,3180.0,7.9,26.0
2026-08-18T12:00:00.000-04:00,0.5,3180.0,8.0,26.1
2026-08-18T12:15:00.000-04:00,0.5,3220.0,8.1,26.2
2026-08-18T12:30:00.000-04:00,0.5,3180.0,8.2,26.3
2026-08-18T12:45:00.000-04:00,0.6,3180.0,8.3,26.4
2026-08-18T13:00:00.000-04:00,0.5,3220.0,8.4,26.5
2026-08-18T13:15:00.000-04:00,0.5,3220.0,8.4,26.7
2026-08-18T13:30:00.000-04:00,0.5,3220.0,8.4,26.8
2026-08-18T13:45:00.000-04:00,0.5,3220.0,8.4,26.9
2026-08-18T14:00:00.000-04:00,0.4,3220.0,8.4,27.0
2026-08-18T14:15:00.000-04:00,0.5,3220.0,8.5,27.0
2026-08-18T14:30:00.000-04:00,0.4,3220.0,8.4,27.1
2026-08-18T14:45:00.000-04:00,0.4,3220.0,8.3,27.1
2026-08-18T15:00:00.000-04:00,0.4,3220.0,8.3,27.1
2026-08-18T15:15:00.000-04:00,0.4,3220.0,8.2,27.1
2026-08-18T15:30:00.000-04:00,0.4,3220.0,8.2,27.0
2026-08-18T15:45:00.000-04:00,0.4,3220.0,8.1,27.0
2026-08-18T16:00:00.000-04:00,0.4,3260.0,8.1,27.0
2026-08-18T16:15:00.000-04:00,0.4,3220.0,8.0,27.0
2026-08-18T16:30:00.000-04:00,0.4,3220.0,8.0,27.0
2026-08-18T16:45:00.000-04:00,0.4,3180.0,7.9,27.0
2026-08-18T17:00:00.000-04:00,0.4,3220.0,7.9,27.0
2026-08-18T17:15:00.000-04:00,0.4,3220.0,7.9,27.0
2026-08-18T17:30:00.000-04:00,0.4,3220.0,7.8,27.0
2026-08-18T17:45:00.000-04:00,0.4,3220.0,7.8,26.9
2026-08-18T18:00:00.000-04:00,0.4,3220.0,7.8,26.9
2026-08-18T18:15:00.000-04:00,0.4,3220.0,7.7,26.8
2026-08-18T18:30:00.000-04:00,0.4,3180.0,7.7,26.8
2026-08-18T18:45:00.000-04:00,0.4,3180.0,7.7,26.7
2026-08-18T19:00:00.000-04:00,0.4,3180.0,7.7,26.7
2026-08-18T19:15:00.000-04:00,0.4,3180.0,7.6,26.6
2026-08-18T19:30:00.000-04:00,0.4,3180.0,7.6,26.5
2026-08-18T19:45:00.000-04:00,0.4,3180.0,7.6,26.5
2026-08-18T20:00:00.000-04:00,0.4,3150.0,7.6,26.4
2026-08-18T20:15:00.000-04:00,0.4,3150.0,7.5,26.3
2026-08-18T20:30:00.000-04:00,0.4,3150.0,7.5,26.2
2026-08-18T20:45:00.000-04:00,0.4,3150.0,7.5,26.1
2026-08-18T21:00:00.000-04:00,0.4,3150.0,7.4,26.1
2026-08-18T21:15:00.000-04:00,0.5,3150.0,7.4,26.0
2026-08-18T21:30:00.000-04:00,0.4,3150.0,7.4,25.9
2026-08-18T21:45:00.000-04:00,0.5,3150.0,7.4,25.9
2026-08-18T22:00:00.000-04:00,0.5,3150.0,7.4,25.8
2026-08-18T22:15:00.000-04:00,0.5,3150.0,7.4,25.8
2026-08-18T22:30:00.000-04:00,0.4,3110.0,7.4,25.7
2026-08-18T22:45:00.000-04:00,0.5,3110.0,7.4,25.7
2026-08-18T23:00:00.000-04:00,0.5,3110.0,7.3,25.6
2026-08-18T23:15:00.000-04:00,0.4,3110.0,7.3,25.6
2026-08-18T23:30:00.000-04:00,0.5,3110.0,7.3,25.6
2026-08-18T23:45:00.000-04:00,0.4,3110.0,7.3,25.6
2026-08-19T00:00:00.000-04:00,0.5,3110.0,7.3,25.5
2026-08-19T00:15:00.000-04:00,0.5,3110.0,7.3,25.5
2026-08-19T00:30:00.000-04:00,0.5,3110.0,7.3,25.5
2026-08-19T00:45:00.000-04:00,0.5,3110.0,7.3,25.5
2026-08-19T01:00:00.000-04:00,0.4,3110.0,7.3,25.5
2026-08-19T01:15:00.000-04:00,0.5,3110.0,7.3,25.4
2026-08-19T01:30:00.000-04:00,0.4,3110.0,7.2,25.4
2026-08-19T01:45:00.000-04:00,0.5,3110.0,7.2,25.4
2026-08-19T02:00:00.000-04:00,0.5,3110.0,7.2,25.4
2026-08-19T02:15:00.000-04:00,0.5,3110.0,7.2,25.4
2026-08-19T02:30:00.000-04:00,0.5,3150.0,7.1,25.4
2026-08-19T02:45:00.000-04:00,0.5,3150.0,7.1,25.4
2026-08-19T03:00:00.000-04:00,0.5,3220.0,7.1,25.4
2026-08-19T03:15:00.000-04:00,0.5,3260.0,7.1,25.4
2026-08-19T03:30:00.000-04:00,0.6,3290.0,7.1,25.4
2026-08-19T03:45:00.000-04:00,0.5,3330.0,7.1,25.4
2026-08-19T04:00:00.000-04:00,0.5,3370.0,7.1,25.5
2026-08-19T04:15:00.000-04:00,0.7,3410.0,7.1,25.4
2026-08-19T04:30:00.000-04:00,0.5,3450.0,7.0,25.4
2026-08-19T04:45:00.000-04:00,0.5,3480.0,7.0,25.4
2026-08-19T05:00:00.000-04:00,0.6,3520.0,7.0,25.4
2026-08-19T05:15:00.000-04:00,0.5,3560.0,7.0,25.4
2026-08-19T05:30:00.000-04:00,0.5,3560.0,7.0,25.4
2026-08-19T05:45:00.000-04:00,0.5,3640.0,7.0,25.4
2026-08-19T06:00:00.000-04:00,0.5,3740.0,7.0,25.4
2026-08-19T06:15:00.000-04:00,0.6,3790.0,7.0,25.4
2026-08-19T06:30:00.000-04:00,0.5,3830.0,7.0,25.4
2026-08-19T06:45:00.000-04:00,0.6,3930.0,7.0,25.4
2026-08-19T07:00:00.000-04:00,0.5,3980.0,7.0,25.4
2026-08-19T07:15:00.000-04:00,0.5,4090.0,7.0,25.4
2026-08-19T07:30:00.000-04:00,0.5,4190.0,7.0,25.4
2026-08-19T07:45:00.000-04:00,0.6,4240.0,7.0,25.4
2026-08-19T08:00:00.000-04:00,0.5,4350.0,7.0,25.4
2026-08-19T08:15:00.000-04:00,0.6,4400.0,7.1,25.4
2026-08-19T08:30:00.000-04:00,0.6,4460.0,7.1,25.5
2026-08-19T08:45:00.000-04:00,0.5,4510.0,7.1,25.5
2026-08-19T09:00:00.000-04:00,0.5,4570.0,7.2,25.6
2026-08-19T09:15:00.000-04:00,0.6,4620.0,7.2,25.7
2026-08-19T09:30:00.000-04:00,0.6,4620.0,7.3,25.8
2026-08-19T09:45:00.000-04:00,0.6,4680.0,7.3,25.9
2026-08-19T10:00:00.000-04:00,0.6,4740.0,7.4,26.0
2026-08-19T10:15:00.000-04:00,0.6,4740.0,7.4,26.1
2026-08-19T10:30:00.000-04:00,0.5,4790.0,7.5,26.2
2026-08-19T10:45:00.000-04:00,0.5,4850.0,7.5,26.3
2026-08-19T11:00:00.000-04:00,0.6,4850.0,7.6,26.4
2026-08-19T11:15:00.000-04:00,0.6,4910.0,7.7,26.6
2026-08-19T11:30:00.000-04:00,0.5,4970.0,7.7,26.7
2026-08-19T11:45:00.000-04:00,0.5,4970.0,7.8,26.8
2026-08-19T12:00:00.000-04:00,0.5,4970.0,7.8,26.9
2026-08-19T12:15:00.000-04:00,0.5,4970.0,7.8,27.0
2026-08-19T12:30:00.000-04:00,0.5,4970.0,7.8,27.0
2026-08-19T12:45:00.000-04:00,0.5,5030.0,7.8,27.1
2026-08-19T13:00:00.000-04:00,0.6,4970.0,7.8,27.1
2026-08-19T13:15:00.000-04:00,0.5,4970.0,7.8,27.2
2026-08-19T13:30:00.000-04:00,0.4,5030.0,7.8,27.2
2026-08-19T13:45:00.000-04:00,0.5,5030.0,7.8,27.2
2026-08-19T14:00:00.000-04:00,0.4,5030.0,7.7,27.2
2026-08-19T14:15:00.000-04:00,0.5,5030.0,7.7,27.3
2026-08-19T14:30:00.000-04:00,0.5,5030.0,7.7,27.3
2026-08-19T14:45:00.000-04:00,0.4,5030.0,7.6,27.3
2026-08-19T15:00:00.000-04:00,0.5,5090.0,7.6,27.3
2026-08-19T15:15:00.000-04:00,0.4,5030.0,7.6,27.3
2026-08-19T15:30:00.000-04:00,0.4,5090.0,7.6,27.3
2026-08-19T15:45:00.000-04:00,0.4,5030.0,7.6,27.3
2026-08-19T16:00:00.000-04:00,0.5,5090.0,7.5,27.2
2026-08-19T16:15:00.000-04:00,0.5,5090.0,7.5,27.2
2026-08-19T16:30:00.000-04:00,0.4,5090.0,7.5,27.2
2026-08-19T16:45:00.000-04:00,0.5,5090.0,7.5,27.2
2026-08-19T17:00:00.000-04:00,0.4,5090.0,7.5,27.2
2026-08-19T17:15:00.000-04:00,0.4,5090.0,7.5,27.1
2026-08-19T17:30:00.000-04:00,0.5,5090.0,7.4,27.1
2026-08-19T17:45:00.000-04:00,0.5,5090.0,7.4,27.1
2026-08-19T18:00:00.000-04:00,0.4,5030.0,7.4,27.0
2026-08-19T18:15:00.000-04:00,0.5,4970.0,7.4,27.0
2026-08-19T18:30:00.000-04:00,0.5,4970.0,7.4,27.0
2026-08-19T18:45:00.000-04:00,0.5,4910.0,7.4,26.9
2026-08-19T19:00:00.000-04:00,0.5,4850.0,7.4,26.9
2026-08-19T19:15:00.000-04:00,0.4,4790.0,7.4,26.8
2026-08-19T19:30:00.000-04:00,0.5,4740.0,7.3,26.8
2026-08-19T19:45:00.000-04:00,0.5,4740.0,7.3,26.8
2026-08-19T20:00:00.000-04:00,0.4,4680.0,7.3,26.8
2026-08-19T20:15:00.000-04:00,0.5,4620.0,7.3,26.7
2026-08-19T20:30:00.000-04:00,0.4,4570.0,7.3,26.7
2026-08-19T20:45:00.000-04:00,0.4,4570.0,7.3,26.6
2026-08-19T21:00:00.000-04:00,0.5,4510.0,7.2,26.6
2026-08-19T21:15:00.000-04:00,0.4,4510.0,7.2,26.6
2026-08-19T21:30:00.000-04:00,0.4,4460.0,7.2,26.6
2026-08-19T21:45:00.000-04:00,0.5,4460.0,7.2,26.5
2026-08-19T22:00:00.000-04:00,0.4,4400.0,7.2,26.5
2026-08-19T22:15:00.000-04:00,0.4,4350.0,7.2,26.5
2026-08-19T22:30:00.000-04:00,0.5,4350.0,7.2,26.5
2026-08-19T22:45:00.000-04:00,0.5,4290.0,7.2,26.5
2026-08-19T23:00:00.000-04:00,0.4,4290.0,7.2,26.4
2026-08-19T23:15:00.000-04:00,0.4,4240.0,7.2,26.4
2026-08-19T23:30:00.000-04:00,0.4,4240.0,7.2,26.4
2026-08-19T23:45:00.000-04:00,0.4,4190.0,7.2,26.4
2026-08-20T00:00:00.000-04:00,0.5,4190.0,7.2,26.4
2026-08-20T00:15:00.000-04:00,0.4,4140.0,7.2,26.4
2026-08-20T00:30:00.000-04:00,0.4,4140.0,7.2,26.4
2026-08-20T00:45:00.000-04:00,0.5,4140.0,7.2,26.3
2026-08-20T01:00:00.000-04:00,0.4,4140.0,7.2,26.3
2026-08-20T01:15:00.000-04:00,0.4,4090.0,7.2,26.3
2026-08-20T01:30:00.000-04:00,0.5,4140.0,7.2,26.3
2026-08-20T01:45:00.000-04:00,0.4,4140.0,7.2,26.3
2026-08-20T02:00:00.000-04:00,0.4,4190.0,7.2,26.3
2026-08-20T02:15:00.000-04:00,0.5,4190.0,7.2,26.2
2026-08-20T02:30:00.000-04:00,0.4,4240.0,7.1,26.2
2026-08-20T02:45:00.000-04:00,0.4,4290.0,7.1,26.2
2026-08-20T03:00:00.000-04:00,0.4,4290.0,7.1,26.2
2026-08-20T03:15:00.000-04:00,0.4,4350.0,7.1,26.2
2026-08-20T03:30:00.000-04:00,0.5,4400.0,7.1,26.1
2026-08-20T03:45:00.000-04:00,0.4,4400.0,7.1,26.1
2026-08-20T04:00:00.000-04:00,0.4,4400.0,7.1,26.1
2026-08-20T04:15:00.000-04:00,0.4,4460.0,7.1,26.1
2026-08-20T04:30:00.000-04:00,0.5,4570.0,7.1,26.0
2026-08-20T04:45:00.000-04:00,0.6,4680.0,7.1,26.0
2026-08-20T05:00:00.000-04:00,0.7,4850.0,7.1,26.0
2026-08-20T05:15:00.000-04:00,0.6,4970.0,7.1,26.0
2026-08-20T05:30:00.000-04:00,0.7,5090.0,7.1,25.9
2026-08-20T05:45:00.000-04:00,0.8,5150.0,7.1,25.9
2026-08-20T06:00:00.000-04:00,0.7,5270.0,7.1,25.9
2026-08-20T06:15:00.000-04:00,0.7,5340.0,7.0,25.8
2026-08-20T06:30:00.000-04:00,0.6,5340.0,7.0,25.8
2026-08-20T06:45:00.000-04:00,0.6,5400.0,7.0,25.8
2026-08-20T07:00:00.000-04:00,0.7,5530.0,7.0,25.8
2026-08-20T07:15:00.000-04:00,0.7,5590.0,7.0,25.8
2026-08-20T07:30:00.000-04:00,0.7,5660.0,7.0,25.8
2026-08-20T07:45:00.000-04:00,0.6,5720.0,7.0,25.8
2026-08-20T08:00:00.000-04:00,0.8,5720.0,7.0,25.8
2026-08-20T08:15:00.000-04:00,0.6,5790.0,7.0,25.8
2026-08-20T08:30:00.000-04:00,0.9,5860.0,7.1,25.9
2026-08-20T10:00:00.000-04:00,0.5,6270.0,7.7,26.4
2026-08-20T10:15:00.000-04:00,0.6,6200.0,7.7,26.4
2026-08-20T10:30:00.000-04:00,0.5,6130.0,7.8,26.5
2026-08-20T10:45:00.000-04:00,0.5,6060.0,7.9,26.6
2026-08-20T11:00:00.000-04:00,0.4,6060.0,7.9,26.6
2026-08-20T11:15:00.000-04:00,0.4,6060.0,8.0,26.7
2026-08-20T11:30:00.000-04:00,0.4,6060.0,8.0,26.8
2026-08-20T11:45:00.000-04:00,0.3,6060.0,8.1,26.9
2026-08-20T12:00:00.000-04:00,0.4,6060.0,8.1,26.9
2026-08-20T12:15:00.000-04:00,0.4,5990.0,8.2,27.0
2026-08-20T12:30:00.000-04:00,0.4,5990.0,8.2,27.0
2026-08-20T12:45:00.000-04:00,0.4,5990.0,8.2,27.0
2026-08-20T13:00:00.000-04:00,0.4,5990.0,8.1,27.0
2026-08-20T13:15:00.000-04:00,0.3,5930.0,8.1,26.9
2026-08-20T13:30:00.000-04:00,0.4,5860.0,8.0,26.9
2026-08-20T13:45:00.000-04:00,0.3,5860.0,8.0,26.8
2026-08-20T14:00:00.000-04:00,0.4,5860.0,7.9,26.8
2026-08-20T14:15:00.000-04:00,0.3,5860.0,7.9,26.7
2026-08-20T14:30:00.000-04:00,0.4,5860.0,7.9,26.7
2026-08-20T14:45:00.000-04:00,0.5,5860.0,7.9,26.7
2026-08-20T15:00:00.000-04:00,0.3,5790.0,7.9,26.6
2026-08-20T15:15:00.000-04:00,0.4,5790.0,7.8,26.6
2026-08-20T15:30:00.000-04:00,0.4,5720.0,7.8,26.6
2026-08-20T15:45:00.000-04:00,0.4,5790.0,7.7,26.6
2026-08-20T16:00:00.000-04:00,0.4,5860.0,7.7,26.5
2026-08-20T16:15:00.000-04:00,0.4,5790.0,7.6,26.5
2026-08-20T16:30:00.000-04:00,0.4,5790.0,7.6,26.4
2026-08-20T16:45:00.000-04:00,0.4,5860.0,7.6,26.4
2026-08-20T17:00:00.000-04:00,0.4,5790.0,7.5,26.3
2026-08-20T17:15:00.000-04:00,0.4,5720.0,7.5,26.3
2026-08-20T17:30:00.000-04:00,0.4,5720.0,7.5,26.3
2026-08-20T17:45:00.000-04:00,0.4,5660.0,7.4,26.2
2026-08-20T18:00:00.000-04:00,0.4,5660.0,7.4,26.2
2026-08-20T18:15:00.000-04:00,0.4,5660.0,7.4,26.2
2026-08-20T18:30:00.000-04:00,0.4,5660.0,7.4,26.2
2026-08-20T18:45:00.000-04:00,0.4,5590.0,7.4,26.2
2026-08-20T19:00:00.000-04:00,0.4,5590.0,7.4,26.2
2026-08-20T19:15:00.000-04:00,0.4,5590.0,7.4,26.2
2026-08-20T19:30:00.000-04:00,0.4,5530.0,7.3,26.2
2026-08-20T19:45:00.000-04:00,0.5,5590.0,7.3,26.2
2026-08-20T20:00:00.000-04:00,0.4,5590.0,7.3,26.2
2026-08-20T20:15:00.000-04:00,0.6,5590.0,7.3,26.2
2026-08-20T20:30:00.000-04:00,0.7,5590.0,7.3,26.2
2026-08-20T20:45:00.000-04:00,0.6,5660.0,7.3,26.1
2026-08-20T21:00:00.000-04:00,0.6,5590.0,7.3,26.1
2026-08-20T21:15:00.000-04:00,0.6,5590.0,7.3,26.0
2026-08-20T21:30:00.000-04:00,0.6,5590.0,7.3,26.0
2026-08-20T21:45:00.000-04:00,0.7,5590.0,7.3,26.0
2026-08-20T22:00:00.000-04:00,0.6,5530.0,7.3,25.9
2026-08-20T22:15:00.000-04:00,0.7,5530.0,7.3,25.9
2026-08-20T22:30:00.000-04:00,0.8,5530.0,7.3,25.9
2026-08-20T22:45:00.000-04:00,0.7,5530.0,7.2,25.9
2026-08-20T23:00:00.000-04:00,0.7,5530.0,7.2,25.9
2026-08-20T23:15:00.000-04:00,0.8,5530.0,7.2,25.8
2026-08-20T23:30:00.000-04:00,0.8,5530.0,7.2,25.8
2026-08-20T23:45:00.000-04:00,0.8,5530.0,7.2,25.8
2026-08-21T00:00:00.000-04:00,0.8,5530.0,7.2,25.7
2026-08-21T00:15:00.000-04:00,0.8,5530.0,7.2,25.7
2026-08-21T00:30:00.000-04:00,0.8,5530.0,7.2,25.6
2026-08-21T00:45:00.000-04:00,0.8,5530.0,7.2,25.6
2026-08-21T01:00:00.000-04:00,0.8,5530.0,7.2,25.5
2026-08-21T01:15:00.000-04:00,0.9,5460.0,7.2,25.5
2026-08-21T01:30:00.000-04:00,0.9,5460.0,7.2,25.5
2026-08-21T01:45:00.000-04:00,0.8,5460.0,7.2,25.4
2026-08-21T02:00:00.000-04:00,0.9,5460.0,7.2,25.4
2026-08-21T02:15:00.000-04:00,0.9,5460.0,7.2,25.4
2026-08-21T02:30:00.000-04:00,0.8,5460.0,7.2,25.4
2026-08-21T02:45:00.000-04:00,0.8,5460.0,7.2,25.3
2026-08-21T03:00:00.000-04:00,0.8,5530.0,7.2,25.3
2026-08-21T03:15:00.000-04:00,0.9,5590.0,7.2,25.3
2026-08-21T03:30:00.000-04:00,1.0,5660.0,7.2,25.3
2026-08-21T03:45:00.000-04:00,1.0,5660.0,7.2,25.2
2026-08-21T04:00:00.000-04:00,1.2,5720.0,7.2,25.2
2026-08-21T04:15:00.000-04:00,0.9,5790.0,7.2,25.2
2026-08-21T04:30:00.000-04:00,0.9,5790.0,7.2,25.2
2026-08-21T04:45:00.000-04:00,1.0,5790.0,7.2,25.2
2026-08-21T05:00:00.000-04:00,0.9,5860.0,7.2,25.1
2026-08-21T05:15:00.000-04:00,1.0,5860.0,7.2,25.1
2026-08-21T05:30:00.000-04:00,1.1,5930.0,7.2,25.1
2026-08-21T05:45:00.000-04:00,0.9,5930.0,7.2,25.1
2026-08-21T06:00:00.000-04:00,1.2,5930.0,7.2,25.0
2026-08-21T06:15:00.000-04:00,1.0,5990.0,7.2,25.0
2026-08-21T06:30:00.000-04:00,1.2,5990.0,7.2,25.0
2026-08-21T06:45:00.000-04:00,1.0,6060.0,7.2,24.9
2026-08-21T07:00:00.000-04:00,1.0,6060.0,7.2,24.9
2026-08-21T07:15:00.000-04:00,0.9,6060.0,7.2,24.9
2026-08-21T07:30:00.000-04:00,0.9,6060.0,7.2,24.9
2026-08-21T07:45:00.000-04:00,1.0,6060.0,7.2,24.9
2026-08-21T08:00:00.000-04:00,0.9,6060.0,7.2,24.8
2026-08-21T08:15:00.000-04:00,0.9,6060.0,7.2,24.8
2026-08-21T08:30:00.000-04:00,0.8,6060.0,7.2,24.8
2026-08-21T08:45:00.000-04:00,0.8,5990.0,7.3,24.9
2026-08-21T09:00:00.000-04:00,0.7,5930.0,7.3,24.9
2026-08-21T09:15:00.000-04:00,0.8,5990.0,7.4,24.9
2026-08-21T09:30:00.000-04:00,0.7,5990.0,7.4,24.9
2026-08-21T09:45:00.000-04:00,0.6,5930.0,7.5,25.0
2026-08-21T10:00:00.000-04:00,0.6,5930.0,7.6,25.1
2026-08-21T10:15:00.000-04:00,0.6,5930.0,7.7,25.2
2026-08-21T10:30:00.000-04:00,0.7,5930.0,7.8,25.2
2026-08-21T10:45:00.000-04:00,0.6,5860.0,7.9,25.3
2026-08-21T11:00:00.000-04:00,0.6,5860.0,7.9,25.4
2026-08-21T11:15:00.000-04:00,0.6,5860.0,8.0,25.4
2026-08-21T11:30:00.000-04:00,0.6,5790.0,8.0,25.4
2026-08-21T11:45:00.000-04:00,0.6,5790.0,8.0,25.5
2026-08-21T12:00:00.000-04:00,0.5,5790.0,8.1,25.5
2026-08-21T12:15:00.000-04:00,0.7,5860.0,8.1,25.5
2026-08-21T12:30:00.000-04:00,0.5,5790.0,8.0,25.4
2026-08-21T12:45:00.000-04:00,0.5,5720.0,8.0,25.4
2026-08-21T13:00:00.000-04:00,0.6,5720.0,8.0,25.4
2026-08-21T13:15:00.000-04:00,0.5,5660.0,8.0,25.4
2026-08-21T13:30:00.000-04:00,0.5,5660.0,8.0,25.5
2026-08-21T13:45:00.000-04:00,0.6,5590.0,8.1,25.5
2026-08-21T14:00:00.000-04:00,0.4,5530.0,8.0,25.5
2026-08-21T14:15:00.000-04:00,0.5,5530.0,8.0,25.5
2026-08-21T14:30:00.000-04:00,0.5,5460.0,8.0,25.5
2026-08-21T14:45:00.000-04:00,0.5,5400.0,8.1,25.5
2026-08-21T15:00:00.000-04:00,0.5,5400.0,8.2,25.6
2026-08-21T15:15:00.000-04:00,0.5,5340.0,8.2,25.6
2026-08-21T15:30:00.000-04:00,0.4,5270.0,8.2,25.6
2026-08-21T15:45:00.000-04:00,0.4,5270.0,8.2,25.6
2026-08-21T16:00:00.000-04:00,0.4,5210.0,8.2,25.6
2026-08-21T16:15:00.000-04:00,0.4,5150.0,8.3,25.7
2026-08-21T16:30:00.000-04:00,0.4,5150.0,8.2,25.7
2026-08-21T16:45:00.000-04:00,0.4,5150.0,8.2,25.6
2026-08-21T17:00:00.000-04:00,0.5,5030.0,8.1,25.6
2026-08-21T17:15:00.000-04:00,0.5,5030.0,8.0,25.5
2026-08-21T17:30:00.000-04:00,0.4,5030.0,8.0,25.5
2026-08-21T17:45:00.000-04:00,0.6,4970.0,8.0,25.5
2026-08-21T18:00:00.000-04:00,0.4,4970.0,7.9,25.4
2026-08-21T18:15:00.000-04:00,0.4,4970.0,7.9,25.4
2026-08-21T18:30:00.000-04:00,0.5,4910.0,7.8,25.4
2026-08-21T18:45:00.000-04:00,0.5,4850.0,7.7,25.3
2026-08-21T19:00:00.000-04:00,0.6,4790.0,7.7,25.3
2026-08-21T19:15:00.000-04:00,0.5,4680.0,7.6,25.2
2026-08-21T19:30:00.000-04:00,0.5,4680.0,7.6,25.2
2026-08-21T19:45:00.000-04:00,0.5,4620.0,7.5,25.2
2026-08-21T20:00:00.000-04:00,0.5,4570.0,7.5,25.2
2026-08-21T20:15:00.000-04:00,0.6,4510.0,7.4,25.1
2026-08-21T20:30:00.000-04:00,0.5,4460.0,7.4,25.1
2026-08-21T20:45:00.000-04:00,0.5,4400.0,7.4,25.1
2026-08-21T21:00:00.000-04:00,0.5,4400.0,7.4,25.0
2026-08-21T21:15:00.000-04:00,0.5,4350.0,7.3,25.0
2026-08-21T21:30:00.000-04:00,0.6,4290.0,7.3,25.0
2026-08-21T21:45:00.000-04:00,0.7,4290.0,7.3,25.0
2026-08-21T22:00:00.000-04:00,0.6,4290.0,7.3,25.0
2026-08-21T22:15:00.000-04:00,0.6,4240.0,7.3,25.0
2026-08-21T22:30:00.000-04:00,0.6,4240.0,7.3,25.0
2026-08-21T22:45:00.000-04:00,0.6,4190.0,7.3,25.0
2026-08-21T23:00:00.000-04:00,0.6,4190.0,7.3,25.0
2026-08-21T23:15:00.000-04:00,0.6,4140.0,7.2,24.9
2026-08-21T23:30:00.000-04:00,0.7,4140.0,7.2,24.9
2026-08-21T23:45:00.000-04:00,0.7,4090.0,7.2,24.9
2026-08-22T00:00:00.000-04:00,0.6,4030.0,7.2,24.9
2026-08-22T00:15:00.000-04:00,0.6,4030.0,7.2,24.9
2026-08-22T00:30:00.000-04:00,0.6,3980.0,7.2,24.8
2026-08-22T00:45:00.000-04:00,0.6,3980.0,7.2,24.8
2026-08-22T01:00:00.000-04:00,0.6,3980.0,7.2,24.8
2026-08-22T01:15:00.000-04:00,0.6,3930.0,7.2,24.8
2026-08-22T01:30:00.000-04:00,0.6,3930.0,7.2,24.8
2026-08-22T01:45:00.000-04:00,0.6,3880.0,7.2,24.8
2026-08-22T02:00:00.000-04:00,0.6,3880.0,7.2,24.8
2026-08-22T02:15:00.000-04:00,0.6,3880.0,7.2,24.8
2026-08-22T02:30:00.000-04:00,0.7,3880.0,7.2,24.8
2026-08-22T02:45:00.000-04:00,0.6,3830.0,7.2,24.8
2026-08-22T03:00:00.000-04:00,0.7,3830.0,7.2,24.7
2026-08-22T03:15:00.000-04:00,0.7,3830.0,7.2,24.7
2026-08-22T03:30:00.000-04:00,0.7,3790.0,7.2,24.7
2026-08-22T03:45:00.000-04:00,0.7,3740.0,7.2,24.7
2026-08-22T04:00:00.000-04:00,0.6,3740.0,7.2,24.7
2026-08-22T04:15:00.000-04:00,0.6,3690.0,7.2,24.6
2026-08-22T04:30:00.000-04:00,0.7,3690.0,7.2,24.6
2026-08-22T04:45:00.000-04:00,0.6,3690.0,7.2,24.6
2026-08-22T05:00:00.000-04:00,0.7,3640.0,7.2,24.6
2026-08-22T05:15:00.000-04:00,0.6,3600.0,7.2,24.6
2026-08-22T05:30:00.000-04:00,0.6,3600.0,7.2,24.6
2026-08-22T05:45:00.000-04:00,0.7,3600.0,7.2,24.6
2026-08-22T06:00:00.000-04:00,0.7,3560.0,7.2,24.5
2026-08-22T06:15:00.000-04:00,0.7,3560.0,7.2,24.5
2026-08-22T06:30:00.000-04:00,0.6,3560.0,7.2,24.5
2026-08-22T06:45:00.000-04:00,0.7,3560.0,7.2,24.5
2026-08-22T07:00:00.000-04:00,0.7,3520.0,7.2,24.4
2026-08-22T07:15:00.000-04:00,0.6,3520.0,7.2,24.4
2026-08-22T07:30:00.000-04:00,0.6,3520.0,7.2,24.4
2026-08-22T07:45:00.000-04:00,0.6,3480.0,7.2,24.4
2026-08-22T08:00:00.000-04:00,0.6,3480.0,7.2,24.4
2026-08-22T08:15:00.000-04:00,0.5,3450.0,7.2,24.4
2026-08-22T08:30:00.000-04:00,0.5,3450.0,7.2,24.4
2026-08-22T08:45:00.000-04:00,0.5,3410.0,7.3,24.4
2026-08-22T09:00:00.000-04:00,0.6,3410.0,7.3,24.4
2026-08-22T09:15:00.000-04:00,0.6,3410.0,7.3,24.5
2026-08-22T09:30:00.000-04:00,0.5,3410.0,7.4,24.5
2026-08-22T09:45:00.000-04:00,0.5,3370.0,7.5,24.6
2026-08-22T10:00:00.000-04:00,0.6,3370.0,7.6,24.6
2026-08-22T10:15:00.000-04:00,0.5,3370.0,7.6,24.6
2026-08-22T10:30:00.000-04:00,0.5,3330.0,7.6,24.6
2026-08-22T10:45:00.000-04:00,0.4,3330.0,7.6,24.6
2026-08-22T11:00:00.000-04:00,0.5,3330.0,7.6,24.6
2026-08-22T11:15:00.000-04:00,0.4,3330.0,7.6,24.6
2026-08-22T11:30:00.000-04:00,0.5,3330.0,7.6,24.5
2026-08-22T11:45:00.000-04:00,0.5,3290.0,7.5,24.5
2026-08-22T12:00:00.000-04:00,0.4,3290.0,7.5,24.5
2026-08-22T12:15:00.000-04:00,0.4,3290.0,7.6,24.5
2026-08-22T12:30:00.000-04:00,0.4,3290.0,7.5,24.5
2026-08-22T12:45:00.000-04:00,0.4,3290.0,7.6,24.5
2026-08-22T13:00:00.000-04:00,0.4,3260.0,7.7,24.5
2026-08-22T13:15:00.000-04:00,0.4,3260.0,7.7,24.6
2026-08-22T13:30:00.000-04:00,0.4,3260.0,7.8,24.6
2026-08-22T13:45:00.000-04:00,0.4,3260.0,7.8,24.6
2026-08-22T14:00:00.000-04:00,0.3,3260.0,7.9,24.6
2026-08-22T14:15:00.000-04:00,0.3,3220.0,7.9,24.6
2026-08-22T14:30:00.000-04:00,0.3,3220.0,7.9,24.6
2026-08-22T14:45:00.000-04:00,0.4,3220.0,7.9,24.6
2026-08-22T15:00:00.000-04:00,0.4,3220.0,8.0,24.6
2026-08-22T15:15:00.000-04:00,0.4,3180.0,8.0,24.6
2026-08-22T15:30:00.000-04:00,0.4,3220.0,8.0,24.6
2026-08-22T15:45:00.000-04:00,0.4,3220.0,8.0,24.6
2026-08-22T16:00:00.000-04:00,0.4,3180.0,8.0,24.6
2026-08-22T16:15:00.000-04:00,0.6,3180.0,8.0,24.6
2026-08-22T16:30:00.000-04:00,0.4,3180.0,8.0,24.6
2026-08-22T16:45:00.000-04:00,0.4,3180.0,8.0,24.6
2026-08-22T17:00:00.000-04:00,0.4,3180.0,8.0,24.6
2026-08-22T17:15:00.000-04:00,0.4,3180.0,8.0,24.6
2026-08-22T17:30:00.000-04:00,0.6,3180.0,7.9,24.5
2026-08-22T17:45:00.000-04:00,0.5,3150.0,7.8,24.5
2026-08-22T18:00:00.000-04:00,0.5,3150.0,7.8,24.5
2026-08-22T18:15:00.000-04:00,0.4,3150.0,7.7,24.4
2026-08-22T18:30:00.000-04:00,0.4,3150.0,7.6,24.4
2026-08-22T18:45:00.000-04:00,0.4,3150.0,7.6,24.4
2026-08-22T19:00:00.000-04:00,0.4,3150.0,7.5,24.4
2026-08-22T19:15:00.000-04:00,0.4,3150.0,7.5,24.3
2026-08-22T19:30:00.000-04:00,0.4,3150.0,7.4,24.3
2026-08-22T19:45:00.000-04:00,0.4,3110.0,7.4,24.3
2026-08-22T20:00:00.000-04:00,0.4,3110.0,7.4,24.3
2026-08-22T20:15:00.000-04:00,0.4,3110.0,7.3,24.2
2026-08-22T20:30:00.000-04:00,0.5,3110.0,7.3,24.2
2026-08-22T20:45:00.000-04:00,0.4,3150.0,7.3,24.2
2026-08-22T21:00:00.000-04:00,0.5,3110.0,7.3,24.2
2026-08-22T21:15:00.000-04:00,0.5,3110.0,7.2,24.2
2026-08-22T21:30:00.000-04:00,0.5,3110.0,7.2,24.2
2026-08-22T21:45:00.000-04:00,0.5,3110.0,7.2,24.2
2026-08-22T22:00:00.000-04:00,0.5,3110.0,7.2,24.2
2026-08-22T22:15:00.000-04:00,0.5,3110.0,7.2,24.2
2026-08-22T22:30:00.000-04:00,0.5,3110.0,7.2,24.1
2026-08-22T22:45:00.000-04:00,0.5,3110.0,7.2,24.1
2026-08-22T23:00:00.000-04:00,0.5,3110.0,7.2,24.1
2026-08-22T23:15:00.000-04:00,0.5,3080.0,7.2,24.1
2026-08-22T23:30:00.000-04:00,0.5,3080.0,7.2,24.1
2026-08-22T23:45:00.000-04:00,0.5,3080.0,7.2,24.1
2026-08-23T00:00:00.000-04:00,0.5,3080.0,7.2,24.1
2026-08-23T00:15:00.000-04:00,0.5,3080.0,7.2,24.1
2026-08-23T00:30:00.000-04:00,0.6,3080.0,7.2,24.1
2026-08-23T00:45:00.000-04:00,0.6,3080.0,7.2,24.1
2026-08-23T01:00:00.000-04:00,0.5,3080.0,7.2,24.1
2026-08-23T01:15:00.000-04:00,0.6,3080.0,7.2,24.0
2026-08-23T01:30:00.000-04:00,0.7,3080.0,7.2,24.0
2026-08-23T01:45:00.000-04:00,0.6,3080.0,7.2,24.0
2026-08-23T02:00:00.000-04:00,0.6,3080.0,7.2,24.0
2026-08-23T02:15:00.000-04:00,0.6,3080.0,7.2,24.0
2026-08-23T02:30:00.000-04:00,0.6,3080.0,7.2,24.0
2026-08-23T02:45:00.000-04:00,0.6,3080.0,7.1,24.0
2026-08-23T03:00:00.000-04:00,0.7,3080.0,7.1,24.0
2026-08-23T03:15:00.000-04:00,0.6,3080.0,7.1,24.0
2026-08-23T03:30:00.000-04:00,0.7,3080.0,7.1,24.0
2026-08-23T03:45:00.000-04:00,0.6,3080.0,7.1,24.0
2026-08-23T04:00:00.000-04:00,0.6,3080.0,7.1,24.0
2026-08-23T04:15:00.000-04:00,0.6,3080.0,7.1,24.0
2026-08-23T04:30:00.000-04:00,0.6,3080.0,7.1,24.0
2026-08-23T04:45:00.000-04:00,0.6,3080.0,7.1,24.0
2026-08-23T05:00:00.000-04:00,0.6,3080.0,7.1,24.0
2026-08-23T05:15:00.000-04:00,0.6,3080.0,7.1,24.0
2026-08-23T05:30:00.000-04:00,0.6,3080.0,7.1,23.9
2026-08-23T05:45:00.000-04:00,0.6,3080.0,7.1,23.9
2026-08-23T06:00:00.000-04:00,0.8,3080.0,7.1,23.9
2026-08-23T06:15:00.000-04:00,0.7,3040.0,7.1,23.9
2026-08-23T06:30:00.000-04:00,0.7,3080.0,7.1,23.9
2026-08-23T06:45:00.000-04:00,0.7,3040.0,7.1,23.9
2026-08-23T07:00:00.000-04:00,0.6,3040.0,7.1,23.9
2026-08-23T07:15:00.000-04:00,0.6,3080.0,7.1,23.9
2026-08-23T07:30:00.000-04:00,0.7,3080.0,7.1,23.9
2026-08-23T07:45:00.000-04:00,0.7,3080.0,7.1,23.9
2026-08-23T08:00:00.000-04:00,0.6,3080.0,7.2,23.9
2026-08-23T08:15:00.000-04:00,0.5,3040.0,7.2,23.9
2026-08-23T08:30:00.000-04:00,0.6,3080.0,7.2,23.9
2026-08-23T08:45:00.000-04:00,0.5,3080.0,7.2,23.9
2026-08-23T09:00:00.000-04:00,0.5,3080.0,7.2,23.9
2026-08-23T09:15:00.000-04:00,0.6,3080.0,7.2,23.9
2026-08-23T09:30:00.000-04:00,0.6,3080.0,7.2,23.9
2026-08-23T09:45:00.000-04:00,0.6,3080.0,7.2,23.9
2026-08-23T10:00:00.000-04:00,0.6,3080.0,7.3,23.9
2026-08-23T10:15:00.000-04:00,0.5,3080.0,7.3,23.9
2026-08-23T10:30:00.000-04:00,0.5,3080.0,7.3,23.9
2026-08-23T10:45:00.000-04:00,0.6,3080.0,7.3,23.9
2026-08-23T11:00:00.000-04:00,0.6,3110.0,7.4,23.9
2026-08-23T11:15:00.000-04:00,0.5,3110.0,7.4,23.9
2026-08-23T11:30:00.000-04:00,0.7,3110.0,7.4,23.9
2026-08-23T11:45:00.000-04:00,0.7,3150.0,7.4,24.0
2026-08-23T12:00:00.000-04:00,0.5,3150.0,7.5,24.0
2026-08-23T12:15:00.000-04:00,0.7,3150.0,7.6,24.1
2026-08-23T12:30:00.000-04:00,0.6,3150.0,7.6,24.1
2026-08-23T12:45:00.000-04:00,0.6,3150.0,7.7,24.2
2026-08-23T13:00:00.000-04:00,0.7,3150.0,7.9,24.3
2026-08-23T13:15:00.000-04:00,0.6,3150.0,8.0,24.4
2026-08-23T13:30:00.000-04:00,0.6,3150.0,8.2,24.6
2026-08-23T13:45:00.000-04:00,0.6,3110.0,8.3,24.8
2026-08-23T14:00:00.000-04:00,0.6,3110.0,8.4,24.9
2026-08-23T14:15:00.000-04:00,0.6,3150.0,8.5,25.0
2026-08-23T14:30:00.000-04:00,0.6,3110.0,8.6,25.2
2026-08-23T14:45:00.000-04:00,0.5,3110.0,8.6,25.3
2026-08-23T15:00:00.000-04:00,0.5,3110.0,8.7,25.4
2026-08-23T15:15:00.000-04:00,0.5,3110.0,8.7,25.4
2026-08-23T15:30:00.000-04:00,0.6,3150.0,8.7,25.5
2026-08-23T15:45:00.000-04:00,0.5,3150.0,8.7,25.5
2026-08-23T16:00:00.000-04:00,0.6,3150.0,8.7,25.4
2026-08-23T16:15:00.000-04:00,0.6,3150.0,8.6,25.3
2026-08-23T16:30:00.000-04:00,0.5,3180.0,8.5,25.2
2026-08-23T16:45:00.000-04:00,0.5,3180.0,8.4,25.1
2026-08-23T17:00:00.000-04:00,0.5,3150.0,8.3,25.0
2026-08-23T17:15:00.000-04:00,0.5,3150.0,8.2,24.9
2026-08-23T17:30:00.000-04:00,0.6,3150.0,8.2,24.9
2026-08-23T17:45:00.000-04:00,0.5,3150.0,8.2,25.0
2026-08-23T18:00:00.000-04:00,0.6,3150.0,8.3,25.0
2026-08-23T18:15:00.000-04:00,0.5,3150.0,8.3,25.0
2026-08-23T18:30:00.000-04:00,0.6,3150.0,8.2,25.0
2026-08-23T18:45:00.000-04:00,0.6,3180.0,8.1,25.0
2026-08-23T19:00:00.000-04:00,0.6,3150.0,8.0,24.9
2026-08-23T19:15:00.000-04:00,0.6,3180.0,7.8,24.8
2026-08-23T19:30:00.000-04:00,0.6,3180.0,7.7,24.7
2026-08-23T19:45:00.000-04:00,0.6,3180.0,7.6,24.6
2026-08-23T20:00:00.000-04:00,0.6,3180.0,7.5,24.5
2026-08-23T20:15:00.000-04:00,0.6,3150.0,7.4,24.5
2026-08-23T20:30:00.000-04:00,0.6,3150.0,7.4,24.4
2026-08-23T20:45:00.000-04:00,0.5,3150.0,7.3,24.4
2026-08-23T21:00:00.000-04:00,0.5,3150.0,7.3,24.3
2026-08-23T21:15:00.000-04:00,0.6,3180.0,7.3,24.3
2026-08-23T21:30:00.000-04:00,0.6,3150.0,7.3,24.3
2026-08-23T21:45:00.000-04:00,0.6,3180.0,7.2,24.2
2026-08-23T22:00:00.000-04:00,0.5,3150.0,7.2,24.2
2026-08-23T22:15:00.000-04:00,0.8,3150.0,7.2,24.2
2026-08-23T22:30:00.000-04:00,0.7,3180.0,7.2,24.2
2026-08-23T22:45:00.000-04:00,0.7,3150.0,7.2,24.1
2026-08-23T23:00:00.000-04:00,0.7,3150.0,7.2,24.1
2026-08-23T23:15:00.000-04:00,0.5,3180.0,7.2,24.1
2026-08-23T23:30:00.000-04:00,0.6,3180.0,7.2,24.1
2026-08-23T23:45:00.000-04:00,0.7,3180.0,7.2,24.1
2026-08-24T00:00:00.000-04:00,0.7,3180.0,7.2,24.0
2026-08-24T00:15:00.000-04:00,0.6,3410.0,7.2,24.0
2026-08-24T00:30:00.000-04:00,0.6,3690.0,7.2,24.0
2026-08-24T00:45:00.000-04:00,0.7,4030.0,7.2,24.0
2026-08-24T01:00:00.000-04:00,0.7,4350.0,7.2,24.0
2026-08-24T01:15:00.000-04:00,0.8,4740.0,7.2,24.0
2026-08-24T01:30:00.000-04:00,0.9,5090.0,7.2,24.0
2026-08-24T01:45:00.000-04:00,0.8,5400.0,7.2,24.0
2026-08-24T02:00:00.000-04:00,0.8,5720.0,7.2,24.0
2026-08-24T02:15:00.000-04:00,0.9,5990.0,7.2,24.0
2026-08-24T02:30:00.000-04:00,1.0,6200.0,7.2,24.0
2026-08-24T02:45:00.000-04:00,0.8,6490.0,7.2,24.0
2026-08-24T03:00:00.000-04:00,1.0,6630.0,7.2,24.0
2026-08-24T03:15:00.000-04:00,1.0,6860.0,7.2,24.0
2026-08-24T03:30:00.000-04:00,1.1,7010.0,7.2,24.0
2026-08-24T03:45:00.000-04:00,1.1,7170.0,7.2,24.0
2026-08-24T04:00:00.000-04:00,1.1,7330.0,7.2,24.0
2026-08-24T04:15:00.000-04:00,1.0,7410.0,7.2,24.0
2026-08-24T04:30:00.000-04:00,1.1,7410.0,7.2,24.0
2026-08-24T04:45:00.000-04:00,1.0,7410.0,7.2,24.0
2026-08-24T05:00:00.000-04:00,1.1,7490.0,7.2,24.0
2026-08-24T05:15:00.000-04:00,1.0,7490.0,7.2,24.0
2026-08-24T05:30:00.000-04:00,1.1,7490.0,7.2,24.0
2026-08-24T05:45:00.000-04:00,1.2,7570.0,7.2,23.9
2026-08-24T06:00:00.000-04:00,1.2,7490.0,7.2,23.9
2026-08-24T06:15:00.000-04:00,1.2,7650.0,7.2,23.9
2026-08-24T06:30:00.000-04:00,1.4,7570.0,7.2,23.8
2026-08-24T06:45:00.000-04:00,1.1,7570.0,7.2,23.8
2026-08-24T07:00:00.000-04:00,1.2,7570.0,7.2,23.8
2026-08-24T07:15:00.000-04:00,1.0,7490.0,7.2,23.8
2026-08-24T07:30:00.000-04:00,1.0,7490.0,7.3,23.8
2026-08-24T07:45:00.000-04:00,1.2,7490.0,7.3,23.8
2026-08-24T08:00:00.000-04:00,0.9,7410.0,7.3,23.9
2026-08-24T08:15:00.000-04:00,1.0,7410.0,7.4,23.9
2026-08-24T08:30:00.000-04:00,1.0,7250.0,7.4,24.0
2026-08-24T08:45:00.000-04:00,0.9,7170.0,7.4,24.0
2026-08-24T09:00:00.000-04:00,0.9,7170.0,7.5,24.1
2026-08-24T09:15:00.000-04:00,1.0,7090.0,7.5,24.1
2026-08-24T09:30:00.000-04:00,0.8,7010.0,7.6,24.2
2026-08-24T09:45:00.000-04:00,0.8,6940.0,7.6,24.3
2026-08-24T10:00:00.000-04:00,0.8,6940.0,7.7,24.3
2026-08-24T10:15:00.000-04:00,0.8,6780.0,7.7,24.4
2026-08-24T10:30:00.000-04:00,0.7,6710.0,7.8,24.5
2026-08-24T10:45:00.000-04:00,0.7,6710.0,7.8,24.5
2026-08-24T11:00:00.000-04:00,0.7,6630.0,7.8,24.6
2026-08-24T11:15:00.000-04:00,0.7,6490.0,7.9,24.7
2026-08-24T11:30:00.000-04:00,0.7,6490.0,7.9,24.8
2026-08-24T11:45:00.000-04:00,0.7,6340.0,8.0,24.8
2026-08-24T12:00:00.000-04:00,0.8,6270.0,8.0,24.9
2026-08-24T12:15:00.000-04:00,0.8,6200.0,8.0,24.9
2026-08-24T12:30:00.000-04:00,0.7,6200.0,8.1,25.0
2026-08-24T12:45:00.000-04:00,0.7,6060.0,8.0,24.9
2026-08-24T13:00:00.000-04:00,0.7,5990.0,8.0,24.9
2026-08-24T13:15:00.000-04:00,0.6,5930.0,8.0,24.9
2026-08-24T13:30:00.000-04:00,0.6,5860.0,8.1,24.9
2026-08-24T13:45:00.000-04:00,0.7,5790.0,8.1,24.9
2026-08-24T14:00:00.000-04:00,0.7,5720.0,8.2,25.0
2026-08-24T14:15:00.000-04:00,0.8,5720.0,8.2,25.0
2026-08-24T14:30:00.000-04:00,0.7,5660.0,8.2,25.1
2026-08-24T14:45:00.000-04:00,0.7,5590.0,8.2,25.1
2026-08-24T15:00:00.000-04:00,1.0,5590.0,8.2,25.1
2026-08-24T15:15:00.000-04:00,0.5,5660.0,8.2,25.1
2026-08-24T15:30:00.000-04:00,0.6,5590.0,8.2,25.2
2026-08-24T15:45:00.000-04:00,0.5,5590.0,8.2,25.2
2026-08-24T16:00:00.000-04:00,0.5,5590.0,8.2,25.1
2026-08-24T16:15:00.000-04:00,0.6,5530.0,8.2,25.1
2026-08-24T16:30:00.000-04:00,0.6,5460.0,8.2,25.1
2026-08-24T16:45:00.000-04:00,0.6,5460.0,8.1,25.1
2026-08-24T17:00:00.000-04:00,0.6,5400.0,8.1,25.1
2026-08-24T17:15:00.000-04:00,0.6,5400.0,8.0,25.0
2026-08-24T17:30:00.000-04:00,0.5,5340.0,8.0,25.0
2026-08-24T17:45:00.000-04:00,0.6,5340.0,8.0,25.0
2026-08-24T18:00:00.000-04:00,0.5,5340.0,7.9,24.9
2026-08-24T18:15:00.000-04:00,0.5,5270.0,7.8,24.9
2026-08-24T18:30:00.000-04:00,0.6,5270.0,7.8,24.8
2026-08-24T18:45:00.000-04:00,0.5,5270.0,7.7,24.8
2026-08-24T19:00:00.000-04:00,0.5,5150.0,7.7,24.8
2026-08-24T19:15:00.000-04:00,0.5,5210.0,7.6,24.7
2026-08-24T19:30:00.000-04:00,0.5,5090.0,7.6,24.7
2026-08-24T19:45:00.000-04:00,0.6,4970.0,7.5,24.7
2026-08-24T20:00:00.000-04:00,0.5,4910.0,7.5,24.6
2026-08-24T20:15:00.000-04:00,0.5,4790.0,7.5,24.6
2026-08-24T20:30:00.000-04:00,0.6,4680.0,7.4,24.6
2026-08-24T20:45:00.000-04:00,0.5,4570.0,7.4,24.6
2026-08-24T21:00:00.000-04:00,0.6,4460.0,7.4,24.6
2026-08-24T21:15:00.000-04:00,0.6,4400.0,7.4,24.5
2026-08-24T21:30:00.000-04:00,0.6,4290.0,7.4,24.5
2026-08-24T21:45:00.000-04:00,0.6,4240.0,7.4,24.5
2026-08-24T22:00:00.000-04:00,0.6,4140.0,7.4,24.5
2026-08-24T22:15:00.000-04:00,0.6,4090.0,7.4,24.5
2026-08-24T22:30:00.000-04:00,0.5,4030.0,7.4,24.5
2026-08-24T22:45:00.000-04:00,0.5,3930.0,7.4,24.4
2026-08-24T23:00:00.000-04:00,0.6,3880.0,7.4,24.4
2026-08-24T23:15:00.000-04:00,0.6,3830.0,7.3,24.4
2026-08-24T23:30:00.000-04:00,0.7,3790.0,7.3,24.4
2026-08-24T23:45:00.000-04:00,0.6,3740.0,7.3,24.3
2026-08-25T00:00:00.000-04:00,0.6,3640.0,7.3,24.3
2026-08-25T00:15:00.000-04:00,0.5,3600.0,7.3,24.3
2026-08-25T00:30:00.000-04:00,0.6,3560.0,7.3,24.2
2026-08-25T00:45:00.000-04:00,0.5,3520.0,7.3,24.2
2026-08-25T01:00:00.000-04:00,0.6,3480.0,7.3,24.2
2026-08-25T01:15:00.000-04:00,0.6,3450.0,7.3,24.2
2026-08-25T01:30:00.000-04:00,0.6,3450.0,7.3,24.1
2026-08-25T01:45:00.000-04:00,0.6,3370.0,7.3,24.1
2026-08-25T02:00:00.000-04:00,0.6,3330.0,7.3,24.1
2026-08-25T02:15:00.000-04:00,0.6,3290.0,7.3,24.0
2026-08-25T02:30:00.000-04:00,0.6,3260.0,7.3,24.0
2026-08-25T02:45:00.000-04:00,0.6,3220.0,7.3,24.0
2026-08-25T03:00:00.000-04:00,0.6,3180.0,7.3,23.9
2026-08-25T03:15:00.000-04:00,0.6,3150.0,7.2,23.9
2026-08-25T03:30:00.000-04:00,0.6,3150.0,7.2,23.9
2026-08-25T03:45:00.000-04:00,0.6,3110.0,7.2,23.8
2026-08-25T04:00:00.000-04:00,0.6,3080.0,7.2,23.8
2026-08-25T04:15:00.000-04:00,0.6,3080.0,7.2,23.8
2026-08-25T04:30:00.000-04:00,0.7,3040.0,7.2,23.8
2026-08-25T04:45:00.000-04:00,0.6,3010.0,7.2,23.7
2026-08-25T05:00:00.000-04:00,0.6,2970.0,7.2,23.7
2026-08-25T05:15:00.000-04:00,0.6,2970.0,7.2,23.7
2026-08-25T05:30:00.000-04:00,0.7,2940.0,7.2,23.6
2026-08-25T05:45:00.000-04:00,0.7,2900.0,7.2,23.6
2026-08-25T06:00:00.000-04:00,0.7,2900.0,7.2,23.6
2026-08-25T06:15:00.000-04:00,0.7,2870.0,7.2,23.6
2026-08-25T06:30:00.000-04:00,0.7,2870.0,7.2,23.5
2026-08-25T06:45:00.000-04:00,0.6,2840.0,7.2,23.5
2026-08-25T07:00:00.000-04:00,0.6,2800.0,7.2,23.5
2026-08-25T07:15:00.000-04:00,0.6,2800.0,7.2,23.5
2026-08-25T07:30:00.000-04:00,0.5,2800.0,7.3,23.6
2026-08-25T07:45:00.000-04:00,0.6,2770.0,7.3,23.6
2026-08-25T08:00:00.000-04:00,0.6,2770.0,7.4,23.6
2026-08-25T08:15:00.000-04:00,0.5,2740.0,7.4,23.7
2026-08-25T08:30:00.000-04:00,0.5,2710.0,7.5,23.8
2026-08-25T08:45:00.000-04:00,0.5,2740.0,7.6,23.8
2026-08-25T09:00:00.000-04:00,0.5,2670.0,7.8,24.0
2026-08-25T09:15:00.000-04:00,0.5,2670.0,7.9,24.1
2026-08-25T09:30:00.000-04:00,0.4,2670.0,8.1,24.2
2026-08-25T09:45:00.000-04:00,0.5,2670.0,8.2,24.4
2026-08-25T10:00:00.000-04:00,0.5,2670.0,8.4,24.5
2026-08-25T10:15:00.000-04:00,0.4,2740.0,8.5,24.7
2026-08-25T10:30:00.000-04:00,0.4,2770.0,8.6,24.9
2026-08-25T10:45:00.000-04:00,0.5,2800.0,8.7,25.0
2026-08-25T11:00:00.000-04:00,0.4,2870.0,8.7,25.1
2026-08-25T11:15:00.000-04:00,0.4,2900.0,8.8,25.1
2026-08-25T11:30:00.000-04:00,0.5,2940.0,8.8,25.3
2026-08-25T11:45:00.000-04:00,0.5,3010.0,8.8,25.4
2026-08-25T12:00:00.000-04:00,0.4,3040.0,8.9,25.5
2026-08-25T12:15:00.000-04:00,0.5,3080.0,8.9,25.5
2026-08-25T12:30:00.000-04:00,0.5,3110.0,8.9,25.6
2026-08-25T12:45:00.000-04:00,0.4,3150.0,8.9,25.6
2026-08-25T13:00:00.000-04:00,0.4,3180.0,8.9,25.6
2026-08-25T13:15:00.000-04:00,0.4,3290.0,8.9,25.6
2026-08-25T13:30:00.000-04:00,0.5,3370.0,8.8,25.4
2026-08-25T13:45:00.000-04:00,0.4,3480.0,8.8,25.4
2026-08-25T14:00:00.000-04:00,0.5,3600.0,8.8,25.3
2026-08-25T14:15:00.000-04:00,0.6,3740.0,8.7,25.3
2026-08-25T14:30:00.000-04:00,0.5,3790.0,8.7,25.3
2026-08-25T14:45:00.000-04:00,0.5,3930.0,8.7,25.3
2026-08-25T15:00:00.000-04:00,0.4,4090.0,8.7,25.4
2026-08-25T15:15:00.000-04:00,0.5,4190.0,8.7,25.4
2026-08-25T15:30:00.000-04:00,0.4,4290.0,8.6,25.3
2026-08-25T15:45:00.000-04:00,0.5,4460.0,8.5,25.3
2026-08-25T16:00:00.000-04:00,0.5,4570.0,8.5,25.2
2026-08-25T16:15:00.000-04:00,0.5,4680.0,8.4,25.1
2026-08-25T16:30:00.000-04:00,0.5,4790.0,8.4,25.0
2026-08-25T16:45:00.000-04:00,0.6,4850.0,8.4,25.0
2026-08-25T17:00:00.000-04:00,0.5,4970.0,8.3,24.9
2026-08-25T17:15:00.000-04:00,0.5,5030.0,8.3,24.9
2026-08-25T17:30:00.000-04:00,0.5,5090.0,8.2,24.8
2026-08-25T17:45:00.000-04:00,0.6,5150.0,8.2,24.8
2026-08-25T18:00:00.000-04:00,0.5,5270.0,8.1,24.7
2026-08-25T18:15:00.000-04:00,0.5,5340.0,8.0,24.6
2026-08-25T18:30:00.000-04:00,0.5,5340.0,7.8,24.6
2026-08-25T18:45:00.000-04:00,0.6,5340.0,7.7,24.5
2026-08-25T19:00:00.000-04:00,0.6,5400.0,7.7,24.4
2026-08-25T19:15:00.000-04:00,0.6,5400.0,7.6,24.4
2026-08-25T19:30:00.000-04:00,0.6,5460.0,7.6,24.4
2026-08-25T19:45:00.000-04:00,0.6,5460.0,7.6,24.4
2026-08-25T20:00:00.000-04:00,0.6,5460.0,7.5,24.4
2026-08-25T20:15:00.000-04:00,0.6,5460.0,7.5,24.4
2026-08-25T20:30:00.000-04:00,0.6,5460.0,7.5,24.4
2026-08-25T20:45:00.000-04:00,0.7,5530.0,7.5,24.4
2026-08-25T21:00:00.000-04:00,0.6,5530.0,7.4,24.4
2026-08-25T21:15:00.000-04:00,0.7,5530.0,7.4,24.4
2026-08-25T21:30:00.000-04:00,0.7,5530.0,7.4,24.3
2026-08-25T21:45:00.000-04:00,0.8,5530.0,7.4,24.3
2026-08-25T22:00:00.000-04:00,0.7,5590.0,7.4,24.3
2026-08-25T22:15:00.000-04:00,0.7,5530.0,7.4,24.3
2026-08-25T22:30:00.000-04:00,0.8,5530.0,7.4,24.3
2026-08-25T22:45:00.000-04:00,0.8,5530.0,7.4,24.3
2026-08-25T23:00:00.000-04:00,0.8,5590.0,7.4,24.3
2026-08-25T23:15:00.000-04:00,0.8,5590.0,7.4,24.2
2026-08-25T23:30:00.000-04:00,0.7,5590.0,7.4,24.2
2026-08-25T23:45:00.000-04:00,0.8,5590.0,7.4,24.2
2026-08-26T00:00:00.000-04:00,0.8,5590.0,7.4,24.2
2026-08-26T00:15:00.000-04:00,0.7,5530.0,7.4,24.2
2026-08-26T00:30:00.000-04:00,0.7,5460.0,7.4,24.2
2026-08-26T00:45:00.000-04:00,0.8,5460.0,7.4,24.2
2026-08-26T01:00:00.000-04:00,0.8,5400.0,7.4,24.2
2026-08-26T01:15:00.000-04:00,0.8,5340.0,7.4,24.1
2026-08-26T01:30:00.000-04:00,0.7,5270.0,7.4,24.1
2026-08-26T01:45:00.000-04:00,1.0,5270.0,7.3,24.1
2026-08-26T02:00:00.000-04:00,0.9,5210.0,7.3,24.1
2026-08-26T02:15:00.000-04:00,0.8,5210.0,7.3,24.1
2026-08-26T02:30:00.000-04:00,0.9,5150.0,7.3,24.0
2026-08-26T02:45:00.000-04:00,0.9,5090.0,7.3,24.0
2026-08-26T03:00:00.000-04:00,0.9,5090.0,7.3,24.0
2026-08-26T03:15:00.000-04:00,0.9,5030.0,7.3,24.0
2026-08-26T03:30:00.000-04:00,0.8,5030.0,7.3,23.9
2026-08-26T03:45:00.000-04:00,1.2,4970.0,7.3,23.9
2026-08-26T04:00:00.000-04:00,1.0,4970.0,7.3,23.9
2026-08-26T04:15:00.000-04:00,0.9,4970.0,7.3,23.8
2026-08-26T04:30:00.000-04:00,1.0,4910.0,7.3,23.8
2026-08-26T04:45:00.000-04:00,0.8,4910.0,7.3,23.8
2026-08-26T05:00:00.000-04:00,0.8,4850.0,7.3,23.8
2026-08-26T05:15:00.000-04:00,0.9,4850.0,7.3,23.7
2026-08-26T05:30:00.000-04:00,0.9,4850.0,7.3,23.7
2026-08-26T05:45:00.000-04:00,0.9,4790.0,7.3,23.7
2026-08-26T06:00:00.000-04:00,0.9,4790.0,7.3,23.6
2026-08-26T06:15:00.000-04:00,0.9,4740.0,7.3,23.6
2026-08-26T06:30:00.000-04:00,0.8,4740.0,7.3,23.6
2026-08-26T06:45:00.000-04:00,0.9,4740.0,7.3,23.6
2026-08-26T07:00:00.000-04:00,0.8,4680.0,7.3,23.6
2026-08-26T07:15:00.000-04:00,0.8,4680.0,7.3,23.6
2026-08-26T07:30:00.000-04:00,0.8,4680.0,7.3,23.6
2026-08-26T07:45:00.000-04:00,0.7,4680.0,7.4,23.6
2026-08-26T08:00:00.000-04:00,1.4,4620.0,7.4,23.6
2026-08-26T08:15:00.000-04:00,0.7,4620.0,7.4,23.7
2026-08-26T08:30:00.000-04:00,0.6,4570.0,7.5,23.7
2026-08-26T08:45:00.000-04:00,0.6,4620.0,7.6,23.8
2026-08-26T09:00:00.000-04:00,0.6,4570.0,7.7,23.9
2026-08-26T09:15:00.000-04:00,0.6,4570.0,7.8,23.9
2026-08-26T09:30:00.000-04:00,0.7,4570.0,7.8,24.0
2026-08-26T09:45:00.000-04:00,0.6,4620.0,8.0,24.1
2026-08-26T10:00:00.000-04:00,0.6,4570.0,8.1,24.2
2026-08-26T10:15:00.000-04:00,0.5,4570.0,8.2,24.3
2026-08-26T10:30:00.000-04:00,0.5,4510.0,8.2,24.4
2026-08-26T10:45:00.000-04:00,0.6,4460.0,8.3,24.6
2026-08-26T11:00:00.000-04:00,0.5,4350.0,8.4,24.7
2026-08-26T11:15:00.000-04:00,0.5,4290.0,8.4,24.8
2026-08-26T11:30:00.000-04:00,0.5,4240.0,8.5,24.9
2026-08-26T11:45:00.000-04:00,0.5,4240.0,8.5,25.0
2026-08-26T12:00:00.000-04:00,0.5,4190.0,8.5,25.1
2026-08-26T12:15:00.000-04:00,0.6,4140.0,8.6,25.2
2026-08-26T12:30:00.000-04:00,0.5,4090.0,8.6,25.3
2026-08-26T12:45:00.000-04:00,0.5,4030.0,8.6,25.4
2026-08-26T13:00:00.000-04:00,0.5,4030.0,8.6,25.4
2026-08-26T13:15:00.000-04:00,0.4,3980.0,8.7,25.5
2026-08-26T13:30:00.000-04:00,0.4,3930.0,8.7,25.5
2026-08-26T13:45:00.000-04:00,0.4,3880.0,8.7,25.5
2026-08-26T14:00:00.000-04:00,0.4,3880.0,8.7,25.5
2026-08-26T14:15:00.000-04:00,0.4,3830.0,8.7,25.6
2026-08-26T14:30:00.000-04:00,0.5,3830.0,8.7,25.6
2026-08-26T14:45:00.000-04:00,0.4,3790.0,8.7,25.6
2026-08-26T15:00:00.000-04:00,0.4,3790.0,8.7,25.6
2026-08-26T15:15:00.000-04:00,0.4,3740.0,8.7,25.6
2026-08-26T15:30:00.000-04:00,0.4,3690.0,8.7,25.6
2026-08-26T15:45:00.000-04:00,0.4,3690.0,8.7,25.6
2026-08-26T16:00:00.000-04:00,0.5,3690.0,8.7,25.7
2026-08-26T16:15:00.000-04:00,0.4,3640.0,8.7,25.6
2026-08-26T16:30:00.000-04:00,0.5,3600.0,8.7,25.6
2026-08-26T16:45:00.000-04:00,0.4,3600.0,8.6,25.6
2026-08-26T17:00:00.000-04:00,0.4,3600.0,8.6,25.5
2026-08-26T17:15:00.000-04:00,0.4,3560.0,8.6,25.5
2026-08-26T17:30:00.000-04:00,0.4,3560.0,8.5,25.4
2026-08-26T17:45:00.000-04:00,0.5,3520.0,8.4,25.3
2026-08-26T18:00:00.000-04:00,0.4,3520.0,8.4,25.3
2026-08-26T18:15:00.000-04:00,0.4,3480.0,8.3,25.2
2026-08-26T18:30:00.000-04:00,0.5,3480.0,8.2,25.2
2026-08-26T18:45:00.000-04:00,0.4,3450.0,8.1,25.1
2026-08-26T19:00:00.000-04:00,0.4,3450.0,8.0,25.0
2026-08-26T19:15:00.000-04:00,0.5,3410.0,7.8,24.9
2026-08-26T19:30:00.000-04:00,0.5,3410.0,7.8,24.9
2026-08-26T19:45:00.000-04:00,0.5,3410.0,7.7,24.8
2026-08-26T20:00:00.000-04:00,0.4,3370.0,7.6,24.8
2026-08-26T20:15:00.000-04:00,0.5,3370.0,7.6,24.7
2026-08-26T20:30:00.000-04:00,0.5,3370.0,7.5,24.7
2026-08-26T20:45:00.000-04:00,0.8,3330.0,7.5,24.7
2026-08-26T21:00:00.000-04:00,0.5,3330.0,7.4,24.7
2026-08-26T21:15:00.000-04:00,0.6,3330.0,7.4,24.6
2026-08-26T21:30:00.000-04:00,0.6,3290.0,7.4,24.6
2026-08-26T21:45:00.000-04:00,0.6,3290.0,7.4,24.6
2026-08-26T22:00:00.000-04:00,0.6,3260.0,7.4,24.6
2026-08-26T22:15:00.000-04:00,0.6,3260.0,7.4,24.6
2026-08-26T22:30:00.000-04:00,0.6,3260.0,7.4,24.6
2026-08-26T22:45:00.000-04:00,0.6,3260.0,7.3,24.5
2026-08-26T23:00:00.000-04:00,0.7,3220.0,7.3,24.5
2026-08-26T23:15:00.000-04:00,0.8,3220.0,7.3,24.5
2026-08-26T23:30:00.000-04:00,0.6,3220.0,7.3,24.5
2026-08-26T23:45:00.000-04:00,0.8,3180.0,7.3,24.5
2026-08-27T00:00:00.000-04:00,0.6,3180.0,7.3,24.5
2026-08-27T00:15:00.000-04:00,0.6,3180.0,7.3,24.5
2026-08-27T00:30:00.000-04:00,0.7,3180.0,7.3,24.5
2026-08-27T00:45:00.000-04:00,0.8,3180.0,7.3,24.5
2026-08-27T01:00:00.000-04:00,0.6,3150.0,7.3,24.5
2026-08-27T01:15:00.000-04:00,0.7,3150.0,7.3,24.5
2026-08-27T01:30:00.000-04:00,0.7,3150.0,7.3,24.5
2026-08-27T01:45:00.000-04:00,0.6,3150.0,7.3,24.5
2026-08-27T02:00:00.000-04:00,0.7,3110.0,7.3,24.5
2026-08-27T02:15:00.000-04:00,0.7,3110.0,7.3,24.4
2026-08-27T02:30:00.000-04:00,0.7,3110.0,7.3,24.4
2026-08-27T02:45:00.000-04:00,0.7,3110.0,7.3,24.4
2026-08-27T03:00:00.000-04:00,0.7,3110.0,7.3,24.4
2026-08-27T03:15:00.000-04:00,0.8,3080.0,7.3,24.4
2026-08-27T03:30:00.000-04:00,0.8,3080.0,7.2,24.4
2026-08-27T03:45:00.000-04:00,0.7,3080.0,7.2,24.4
2026-08-27T04:00:00.000-04:00,0.9,3080.0,7.2,24.4
2026-08-27T04:15:00.000-04:00,0.8,3080.0,7.2,24.4
2026-08-27T04:30:00.000-04:00,0.9,3080.0,7.2,24.4
2026-08-27T04:45:00.000-04:00,0.9,3080.0,7.2,24.4
2026-08-27T05:00:00.000-04:00,0.9,3040.0,7.2,24.4
2026-08-27T05:15:00.000-04:00,0.8,3040.0,7.2,24.4
2026-08-27T05:30:00.000-04:00,1.0,3040.0,7.2,24.4
2026-08-27T05:45:00.000-04:00,0.9,3040.0,7.2,24.4
2026-08-27T06:00:00.000-04:00,0.9,3010.0,7.2,24.4
2026-08-27T06:15:00.000-04:00,0.8,3010.0,7.2,24.4
2026-08-27T06:30:00.000-04:00,0.8,3010.0,7.2,24.4
2026-08-27T06:45:00.000-04:00,0.8,3010.0,7.2,24.4
2026-08-27T07:00:00.000-04:00,0.8,3040.0,7.2,24.4
2026-08-27T07:15:00.000-04:00,0.8,3010.0,7.2,24.4
2026-08-27T07:30:00.000-04:00,0.8,3010.0,7.2,24.4
2026-08-27T07:45:00.000-04:00,0.8,3010.0,7.2,24.4
2026-08-27T08:00:00.000-04:00,0.7,3010.0,7.3,24.4
2026-08-27T08:15:00.000-04:00,0.8,3010.0,7.3,24.4
2026-08-27T08:30:00.000-04:00,0.7,3010.0,7.4,24.5
2026-08-27T08:45:00.000-04:00,0.6,2970.0,7.5,24.5
2026-08-27T09:00:00.000-04:00,0.8,2940.0,7.6,24.6
2026-08-27T09:15:00.000-04:00,0.6,2940.0,7.7,24.7
2026-08-27T09:30:00.000-04:00,0.6,2900.0,7.9,24.7
2026-08-27T09:45:00.000-04:00,0.7,2900.0,8.1,24.8
2026-08-27T10:00:00.000-04:00,0.7,2900.0,8.2,24.9
2026-08-27T10:15:00.000-04:00,0.6,2900.0,8.4,25.0
2026-08-27T10:30:00.000-04:00,0.7,2900.0,8.5,25.1
2026-08-27T10:45:00.000-04:00,0.7,2900.0,8.6,25.2
2026-08-27T11:00:00.000-04:00,0.6,2900.0,8.7,25.2
2026-08-27T11:15:00.000-04:00,0.6,2900.0,8.7,25.3
2026-08-27T11:30:00.000-04:00,0.6,2900.0,8.8,25.3
2026-08-27T11:45:00.000-04:00,0.6,2900.0,8.8,25.3
2026-08-27T12:00:00.000-04:00,0.6,2900.0,8.8,25.2
2026-08-27T12:15:00.000-04:00,0.7,2900.0,8.7,25.2
2026-08-27T12:30:00.000-04:00,0.6,2900.0,8.7,25.2
2026-08-27T12:45:00.000-04:00,0.6,2940.0,8.6,25.1
2026-08-27T13:00:00.000-04:00,0.6,2940.0,8.6,25.0
2026-08-27T13:15:00.000-04:00,0.6,2940.0,8.6,25.1
2026-08-27T13:30:00.000-04:00,0.6,2900.0,8.6,25.1
2026-08-27T13:45:00.000-04:00,0.6,2870.0,8.6,25.2
2026-08-27T14:00:00.000-04:00,0.6,2870.0,8.7,25.3
2026-08-27T14:15:00.000-04:00,0.6,2840.0,8.8,25.4
2026-08-27T14:30:00.000-04:00,0.6,2840.0,8.8,25.5
2026-08-27T14:45:00.000-04:00,0.6,2800.0,8.9,25.6
2026-08-27T15:00:00.000-04:00,0.6,2770.0,8.9,25.6
2026-08-27T15:15:00.000-04:00,0.6,2800.0,8.9,25.6
2026-08-27T15:30:00.000-04:00,0.6,2770.0,8.8,25.5
2026-08-27T15:45:00.000-04:00,0.6,2800.0,8.8,25.5
2026-08-27T16:00:00.000-04:00,0.5,2840.0,8.8,25.4
2026-08-27T16:15:00.000-04:00,0.6,2840.0,8.7,25.3
2026-08-27T16:30:00.000-04:00,0.5,2800.0,8.7,25.2
2026-08-27T16:45:00.000-04:00,0.6,2770.0,8.6,25.1
2026-08-27T17:00:00.000-04:00,0.6,2800.0,8.6,25.0
2026-08-27T17:15:00.000-04:00,0.5,2800.0,8.6,25.0
2026-08-27T17:30:00.000-04:00,0.6,2800.0,8.6,24.9
2026-08-27T17:45:00.000-04:00,0.6,2840.0,8.6,24.9
2026-08-27T18:00:00.000-04:00,0.6,2870.0,8.6,24.9
2026-08-27T18:15:00.000-04:00,0.6,2870.0,8.6,24.9
2026-08-27T18:30:00.000-04:00,0.5,2870.0,8.5,24.8
2026-08-27T18:45:00.000-04:00,0.6,2900.0,8.4,24.8
2026-08-27T19:00:00.000-04:00,0.6,2900.0,8.4,24.8
2026-08-27T19:15:00.000-04:00,0.6,2940.0,8.3,24.7
2026-08-27T19:30:00.000-04:00,0.7,2940.0,8.1,24.6
2026-08-27T19:45:00.000-04:00,0.7,3010.0,7.9,24.6
2026-08-27T20:00:00.000-04:00,0.7,3010.0,7.8,24.5
2026-08-27T20:15:00.000-04:00,0.6,3010.0,7.6,24.4
2026-08-27T20:30:00.000-04:00,0.6,3040.0,7.6,24.4
2026-08-27T20:45:00.000-04:00,0.7,3010.0,7.5,24.4
2026-08-27T21:00:00.000-04:00,0.8,3010.0,7.4,24.3
2026-08-27T21:15:00.000-04:00,0.7,3040.0,7.4,24.3
2026-08-27T21:30:00.000-04:00,0.7,3040.0,7.4,24.3
2026-08-27T21:45:00.000-04:00,0.7,3010.0,7.3,24.3
2026-08-27T22:00:00.000-04:00,0.7,3010.0,7.3,24.3
2026-08-27T22:15:00.000-04:00,0.8,3010.0,7.3,24.2
2026-08-27T22:30:00.000-04:00,0.8,3010.0,7.3,24.2
2026-08-27T22:45:00.000-04:00,0.9,3040.0,7.3,24.2
2026-08-27T23:00:00.000-04:00,0.8,3010.0,7.3,24.2
2026-08-27T23:15:00.000-04:00,0.8,3010.0,7.3,24.2
2026-08-27T23:30:00.000-04:00,0.8,3010.0,7.2,24.2
2026-08-27T23:45:00.000-04:00,0.8,3010.0,7.2,24.2
2026-08-28T00:00:00.000-04:00,1.0,3010.0,7.2,24.2
2026-08-28T00:15:00.000-04:00,0.9,3010.0,7.2,24.2
2026-08-28T00:30:00.000-04:00,0.9,2970.0,7.2,24.2
2026-08-28T00:45:00.000-04:00,0.9,2970.0,7.2,24.2
2026-08-28T01:00:00.000-04:00,0.9,2970.0,7.2,24.2
2026-08-28T01:15:00.000-04:00,0.9,3010.0,7.2,24.2
2026-08-28T01:30:00.000-04:00,0.9,2970.0,7.2,24.2
2026-08-28T01:45:00.000-04:00,0.9,2970.0,7.2,24.2
2026-08-28T02:00:00.000-04:00,0.9,2940.0,7.2,24.2
2026-08-28T02:15:00.000-04:00,0.9,2970.0,7.2,24.2
2026-08-28T02:30:00.000-04:00,0.9,2940.0,7.2,24.2
2026-08-28T02:45:00.000-04:00,0.9,2940.0,7.2,24.2
2026-08-28T03:00:00.000-04:00,1.1,2940.0,7.2,24.2
2026-08-28T03:15:00.000-04:00,1.1,2940.0,7.2,24.2
2026-08-28T03:30:00.000-04:00,1.0,2940.0,7.2,24.2
2026-08-28T03:45:00.000-04:00,1.0,2940.0,7.2,24.2
2026-08-28T04:00:00.000-04:00,1.0,2940.0,7.2,24.2
2026-08-28T04:15:00.000-04:00,1.0,2940.0,7.2,24.2
2026-08-28T04:30:00.000-04:00,1.0,2940.0,7.2,24.2
2026-08-28T04:45:00.000-04:00,0.9,2940.0,7.2,24.2
2026-08-28T05:00:00.000-04:00,1.1,2940.0,7.2,24.2
2026-08-28T05:15:00.000-04:00,1.2,2940.0,7.2,24.2
2026-08-28T05:30:00.000-04:00,1.1,2940.0,7.2,24.2
2026-08-28T05:45:00.000-04:00,1.2,2940.0,7.2,24.2
2026-08-28T06:00:00.000-04:00,1.2,2940.0,7.2,24.2
2026-08-28T06:15:00.000-04:00,1.1,2940.0,7.2,24.2
2026-08-28T06:30:00.000-04:00,1.1,2940.0,7.2,24.2
2026-08-28T06:45:00.000-04:00,1.1,2970.0,7.2,24.2
2026-08-28T07:00:00.000-04:00,1.1,2940.0,7.2,24.2
2026-08-28T07:15:00.000-04:00,1.0,2940.0,7.2,24.2
2026-08-28T07:30:00.000-04:00,1.0,2940.0,7.2,24.2
2026-08-28T07:45:00.000-04:00,1.1,2940.0,7.2,24.2
2026-08-28T08:00:00.000-04:00,0.9,2940.0,7.2,24.2
2026-08-28T08:15:00.000-04:00,0.9,2940.0,7.3,24.2
2026-08-28T08:30:00.000-04:00,0.9,2900.0,7.3,24.3
2026-08-28T08:45:00.000-04:00,0.9,2940.0,7.4,24.3
2026-08-28T09:00:00.000-04:00,0.8,2940.0,7.4,24.4
2026-08-28T09:15:00.000-04:00,0.9,2940.0,7.6,24.4
2026-08-28T09:30:00.000-04:00,0.9,2940.0,7.7,24.5
2026-08-28T09:45:00.000-04:00,1.0,2940.0,7.8,24.6
2026-08-28T10:00:00.000-04:00,0.9,2940.0,8.0,24.6
2026-08-28T10:15:00.000-04:00,0.9,2940.0,8.2,24.7
2026-08-28T10:30:00.000-04:00,0.9,2900.0,8.3,24.8
2026-08-28T10:45:00.000-04:00,0.9,2900.0,8.4,24.8
2026-08-28T11:00:00.000-04:00,0.9,2900.0,8.5,24.9
2026-08-28T11:15:00.000-04:00,0.8,2940.0,8.6,24.9
2026-08-28T11:30:00.000-04:00,0.8,2900.0,8.6,25.0
2026-08-28T11:45:00.000-04:00,0.8,2900.0,8.7,25.2
2026-08-28T12:00:00.000-04:00,0.8,2900.0,8.8,25.2
2026-08-28T12:15:00.000-04:00,0.8,2900.0,8.8,25.4
2026-08-28T12:30:00.000-04:00,0.7,2900.0,8.9,25.5
2026-08-28T12:45:00.000-04:00,0.9,2870.0,8.9,25.6
2026-08-28T13:00:00.000-04:00,0.8,2900.0,8.9,25.7
2026-08-28T13:15:00.000-04:00,0.9,2870.0,8.9,25.8
2026-08-28T13:30:00.000-04:00,0.8,2900.0,9.0,25.9
2026-08-28T13:45:00.000-04:00,0.8,2900.0,9.0,25.9
2026-08-28T14:00:00.000-04:00,0.7,2870.0,9.0,26.0
2026-08-28T14:15:00.000-04:00,0.7,2870.0,9.0,26.1
2026-08-28T14:30:00.000-04:00,0.7,2870.0,9.0,26.2
2026-08-28T14:45:00.000-04:00,0.7,2870.0,9.0,26.3
2026-08-28T15:00:00.000-04:00,0.9,2870.0,9.0,26.4
2026-08-28T15:15:00.000-04:00,0.6,2900.0,9.0,26.4
2026-08-28T15:30:00.000-04:00,0.6,2870.0,9.0,26.4
2026-08-28T15:45:00.000-04:00,0.6,2870.0,9.0,26.4
2026-08-28T16:00:00.000-04:00,0.6,2870.0,9.0,26.3
2026-08-28T16:15:00.000-04:00,0.6,2870.0,9.0,26.2
2026-08-28T16:30:00.000-04:00,0.6,2870.0,8.9,26.2
2026-08-28T16:45:00.000-04:00,0.6,2840.0,8.9,26.1
2026-08-28T17:00:00.000-04:00,0.6,2840.0,8.9,26.1
2026-08-28T17:15:00.000-04:00,0.5,2840.0,8.9,26.0
2026-08-28T17:30:00.000-04:00,0.6,2840.0,8.9,26.0
2026-08-28T17:45:00.000-04:00,0.6,2840.0,8.8,26.0
2026-08-28T18:00:00.000-04:00,0.5,2800.0,8.8,25.9
2026-08-28T18:15:00.000-04:00,1.0,2800.0,8.8,25.9
2026-08-28T18:30:00.000-04:00,0.6,2770.0,8.7,25.8
2026-08-28T18:45:00.000-04:00,0.7,2740.0,8.6,25.8
2026-08-28T19:00:00.000-04:00,0.6,2740.0,8.6,25.7
2026-08-28T19:15:00.000-04:00,0.6,2740.0,8.4,25.6
2026-08-28T19:30:00.000-04:00,0.7,2740.0,8.3,25.5
2026-08-28T19:45:00.000-04:00,0.6,2740.0,8.1,25.4
2026-08-28T20:00:00.000-04:00,0.6,2710.0,7.9,25.2
2026-08-28T20:15:00.000-04:00,0.6,2710.0,7.8,25.2
2026-08-28T20:30:00.000-04:00,0.6,2710.0,7.7,25.1
2026-08-28T20:45:00.000-04:00,0.9,2710.0,7.6,25.0
2026-08-28T21:00:00.000-04:00,0.7,2710.0,7.5,24.9
2026-08-28T21:15:00.000-04:00,0.7,2710.0,7.5,24.9
2026-08-28T21:30:00.000-04:00,0.7,2710.0,7.4,24.8
2026-08-28T21:45:00.000-04:00,0.8,2710.0,7.4,24.7
2026-08-28T22:00:00.000-04:00,0.8,2710.0,7.4,24.7
2026-08-28T22:15:00.000-04:00,0.7,2710.0,7.3,24.6
2026-08-28T22:30:00.000-04:00,0.8,2670.0,7.3,24.6
2026-08-28T22:45:00.000-04:00,0.9,2670.0,7.3,24.5
2026-08-28T23:00:00.000-04:00,0.8,2710.0,7.3,24.4
2026-08-28T23:15:00.000-04:00,0.8,2670.0,7.3,24.4
2026-08-28T23:30:00.000-04:00,0.8,2670.0,7.3,24.3
2026-08-28T23:45:00.000-04:00,0.9,2670.0,7.3,24.3
2026-08-29T00:00:00.000-04:00,0.9,2640.0,7.2,24.3
2026-08-29T00:15:00.000-04:00,0.9,2640.0,7.2,24.2
2026-08-29T00:30:00.000-04:00,0.8,2640.0,7.2,24.2
2026-08-29T00:45:00.000-04:00,0.9,2640.0,7.2,24.2
2026-08-29T01:00:00.000-04:00,1.0,2640.0,7.2,24.2
2026-08-29T01:15:00.000-04:00,0.9,2640.0,7.2,24.1
2026-08-29T01:30:00.000-04:00,0.9,2610.0,7.2,24.1
2026-08-29T01:45:00.000-04:00,0.9,2610.0,7.2,24.1
2026-08-29T02:00:00.000-04:00,1.0,2610.0,7.2,24.1
2026-08-29T02:15:00.000-04:00,0.9,2610.0,7.2,24.0
2026-08-29T02:30:00.000-04:00,0.9,2610.0,7.2,24.0
2026-08-29T02:45:00.000-04:00,1.0,2610.0,7.2,24.0
2026-08-29T03:00:00.000-04:00,0.8,2580.0,7.2,24.0
2026-08-29T03:15:00.000-04:00,1.0,2610.0,7.2,24.0
2026-08-29T03:30:00.000-04:00,0.9,2610.0,7.2,23.9
2026-08-29T03:45:00.000-04:00,1.0,2610.0,7.2,23.9
2026-08-29T04:00:00.000-04:00,1.1,2580.0,7.2,23.9
2026-08-29T04:15:00.000-04:00,1.0,2580.0,7.2,23.9
2026-08-29T04:30:00.000-04:00,1.2,2580.0,7.2,23.9
2026-08-29T04:45:00.000-04:00,1.0,2580.0,7.2,23.9
2026-08-29T05:00:00.000-04:00,1.2,2550.0,7.2,23.9
2026-08-29T05:15:00.000-04:00,1.1,2580.0,7.2,23.8
2026-08-29T05:30:00.000-04:00,1.0,2580.0,7.2,23.8
2026-08-29T05:45:00.000-04:00,1.0,2550.0,7.2,23.8
2026-08-29T06:00:00.000-04:00,1.0,2550.0,7.2,23.8
2026-08-29T06:15:00.000-04:00,1.1,2550.0,7.2,23.8
2026-08-29T06:30:00.000-04:00,1.0,2550.0,7.2,23.7
2026-08-29T06:45:00.000-04:00,0.9,2550.0,7.2,23.7
2026-08-29T07:00:00.000-04:00,0.9,2550.0,7.2,23.7
2026-08-29T07:15:00.000-04:00,1.0,2550.0,7.2,23.7
2026-08-29T07:30:00.000-04:00,1.0,2580.0,7.2,23.7
2026-08-29T07:45:00.000-04:00,1.0,2550.0,7.3,23.7
2026-08-29T08:00:00.000-04:00,0.8,2550.0,7.3,23.8
2026-08-29T08:15:00.000-04:00,0.8,2550.0,7.4,23.8
2026-08-29T08:30:00.000-04:00,0.8,2550.0,7.5,23.9
2026-08-29T08:45:00.000-04:00,0.9,2550.0,7.6,24.0
2026-08-29T09:00:00.000-04:00,0.8,2580.0,7.8,24.1
2026-08-29T09:15:00.000-04:00,1.0,2610.0,7.9,24.2
2026-08-29T09:30:00.000-04:00,0.8,2610.0,8.1,24.3
2026-08-29T09:45:00.000-04:00,0.8,2640.0,8.3,24.4
2026-08-29T10:00:00.000-04:00,0.9,2670.0,8.5,24.5
2026-08-29T10:15:00.000-04:00,1.0,2640.0,8.6,24.6
2026-08-29T10:30:00.000-04:00,0.9,2640.0,8.7,24.7
2026-08-29T10:45:00.000-04:00,0.9,2670.0,8.7,24.8
2026-08-29T11:00:00.000-04:00,0.9,2670.0,8.8,24.9
2026-08-29T11:15:00.000-04:00,0.8,2640.0,8.9,25.0
2026-08-29T11:30:00.000-04:00,1.0,2610.0,8.9,25.1
2026-08-29T11:45:00.000-04:00,0.8,2610.0,8.9,25.2
2026-08-29T12:00:00.000-04:00,0.8,2640.0,9.0,25.2
2026-08-29T12:15:00.000-04:00,1.4,2640.0,9.0,25.3
2026-08-29T12:30:00.000-04:00,0.9,2610.0,9.0,25.4
2026-08-29T12:45:00.000-04:00,1.0,2580.0,9.0,25.5
2026-08-29T13:00:00.000-04:00,1.1,2610.0,9.1,25.6
2026-08-29T13:15:00.000-04:00,0.8,2610.0,9.1,25.7
2026-08-29T13:30:00.000-04:00,0.8,2580.0,9.1,25.7
2026-08-29T13:45:00.000-04:00,0.7,2580.0,9.1,25.8
2026-08-29T14:00:00.000-04:00,0.8,2550.0,9.1,25.8
2026-08-29T14:15:00.000-04:00,0.7,2520.0,9.1,25.9
2026-08-29T14:30:00.000-04:00,0.7,2520.0,9.1,26.0
2026-08-29T14:45:00.000-04:00,0.6,2520.0,9.1,26.0
2026-08-29T15:00:00.000-04:00,0.7,2520.0,9.1,26.1
2026-08-29T15:15:00.000-04:00,0.7,2520.0,9.1,26.1
2026-08-29T15:30:00.000-04:00,0.7,2520.0,9.1,26.1
2026-08-29T15:45:00.000-04:00,0.8,2490.0,9.1,26.1
2026-08-29T16:00:00.000-04:00,0.6,2490.0,9.0,26.1
2026-08-29T16:15:00.000-04:00,0.6,2490.0,9.1,26.2
2026-08-29T16:30:00.000-04:00,0.6,2490.0,9.1,26.1
2026-08-29T16:45:00.000-04:00,0.6,2490.0,9.0,26.1
2026-08-29T17:00:00.000-04:00,0.6,2460.0,9.0,26.0
2026-08-29T17:15:00.000-04:00,0.6,2460.0,9.0,25.9
2026-08-29T17:30:00.000-04:00,0.6,2490.0,8.9,25.8
2026-08-29T17:45:00.000-04:00,0.6,2490.0,8.9,25.7
2026-08-29T18:00:00.000-04:00,0.6,2490.0,8.9,25.6
2026-08-29T18:15:00.000-04:00,0.7,2520.0,8.8,25.5
2026-08-29T18:30:00.000-04:00,0.6,2520.0,8.8,25.4
2026-08-29T18:45:00.000-04:00,0.6,2520.0,8.7,25.3
2026-08-29T19:00:00.000-04:00,0.6,2550.0,8.6,25.2
2026-08-29T19:15:00.000-04:00,0.6,2550.0,8.5,25.0
2026-08-29T19:30:00.000-04:00,0.7,2550.0,8.4,24.9
2026-08-29T19:45:00.000-04:00,0.7,2550.0,8.2,24.8
2026-08-29T20:00:00.000-04:00,0.8,2550.0,8.0,24.6
2026-08-29T20:15:00.000-04:00,0.7,2550.0,7.9,24.5
2026-08-29T20:30:00.000-04:00,0.7,2550.0,7.7,24.4
2026-08-29T20:45:00.000-04:00,0.8,2550.0,7.6,24.3
2026-08-29T21:00:00.000-04:00,0.8,2520.0,7.5,24.3
2026-08-29T21:15:00.000-04:00,0.8,2520.0,7.5,24.2
2026-08-29T21:30:00.000-04:00,0.8,2520.0,7.4,24.1
2026-08-29T21:45:00.000-04:00,0.9,2550.0,7.4,24.1
2026-08-29T22:00:00.000-04:00,0.8,2520.0,7.4,24.0
2026-08-29T22:15:00.000-04:00,0.9,2520.0,7.3,24.0
2026-08-29T22:30:00.000-04:00,0.8,2520.0,7.3,24.0
2026-08-29T22:45:00.000-04:00,1.0,2520.0,7.3,24.0
2026-08-29T23:00:00.000-04:00,0.9,2520.0,7.3,23.9
2026-08-29T23:15:00.000-04:00,1.0,2520.0,7.3,23.9
2026-08-29T23:30:00.000-04:00,0.9,2520.0,7.3,23.9
2026-08-29T23:45:00.000-04:00,1.0,2520.0,7.2,23.8
2026-08-30T00:00:00.000-04:00,0.9,2550.0,7.2,23.8
2026-08-30T00:15:00.000-04:00,1.2,2550.0,7.2,23.8
2026-08-30T00:30:00.000-04:00,1.3,2520.0,7.2,23.8
2026-08-30T00:45:00.000-04:00,1.0,2520.0,7.2,23.8
2026-08-30T01:00:00.000-04:00,0.9,2520.0,7.2,23.7
2026-08-30T01:15:00.000-04:00,1.1,2550.0,7.2,23.7
2026-08-30T01:30:00.000-04:00,1.1,2550.0,7.2,23.7
2026-08-30T01:45:00.000-04:00,0.8,2520.0,7.2,23.7
2026-08-30T02:00:00.000-04:00,1.0,2550.0,7.2,23.7
2026-08-30T02:15:00.000-04:00,1.0,2550.0,7.2,23.6
2026-08-30T02:30:00.000-04:00,0.9,2520.0,7.2,23.6
2026-08-30T02:45:00.000-04:00,1.1,2550.0,7.2,23.6
2026-08-30T03:00:00.000-04:00,1.1,2550.0,7.2,23.6
2026-08-30T03:15:00.000-04:00,1.0,2520.0,7.2,23.6
2026-08-30T03:30:00.000-04:00,1.0,2550.0,7.2,23.6
2026-08-30T03:45:00.000-04:00,1.0,2550.0,7.2,23.6
2026-08-30T04:00:00.000-04:00,1.2,2550.0,7.2,23.6
2026-08-30T04:15:00.000-04:00,1.0,2550.0,7.2,23.6
2026-08-30T04:30:00.000-04:00,1.0,2520.0,7.2,23.6
2026-08-30T04:45:00.000-04:00,1.1,2520.0,7.2,23.7
2026-08-30T05:00:00.000-04:00,1.0,2520.0,7.2,23.7
2026-08-30T05:15:00.000-04:00,1.1,2520.0,7.2,23.7
2026-08-30T05:30:00.000-04:00,1.1,2550.0,7.2,23.7
2026-08-30T05:45:00.000-04:00,1.1,2550.0,7.2,23.7
2026-08-30T06:00:00.000-04:00,1.1,2520.0,7.2,23.7
2026-08-30T06:15:00.000-04:00,0.9,2520.0,7.2,23.7
2026-08-30T06:30:00.000-04:00,1.0,2550.0,7.2,23.7
2026-08-30T06:45:00.000-04:00,0.9,2550.0,7.2,23.6
2026-08-30T07:00:00.000-04:00,0.9,2520.0,7.2,23.7
2026-08-30T07:15:00.000-04:00,0.8,2520.0,7.3,23.7
2026-08-30T07:30:00.000-04:00,0.8,2550.0,7.3,23.8
2026-08-30T07:45:00.000-04:00,0.8,2520.0,7.3,23.8
2026-08-30T08:00:00.000-04:00,0.7,2520.0,7.4,23.8
2026-08-30T08:15:00.000-04:00,0.7,2520.0,7.4,23.8
2026-08-30T08:30:00.000-04:00,0.6,2520.0,7.5,23.9
2026-08-30T08:45:00.000-04:00,0.6,2520.0,7.6,24.0
2026-08-30T09:00:00.000-04:00,0.6,2520.0,7.7,24.0
2026-08-30T09:15:00.000-04:00,0.6,2490.0,7.8,24.1
2026-08-30T09:30:00.000-04:00,0.6,2490.0,8.0,24.2
2026-08-30T09:45:00.000-04:00,0.6,2490.0,8.2,24.3
2026-08-30T10:00:00.000-04:00,0.6,2490.0,8.3,24.4
2026-08-30T10:15:00.000-04:00,0.6,2490.0,8.4,24.5
2026-08-30T10:30:00.000-04:00,0.5,2490.0,8.6,24.6
2026-08-30T10:45:00.000-04:00,0.5,2520.0,8.7,24.7
2026-08-30T11:00:00.000-04:00,0.6,2550.0,8.8,24.8
2026-08-30T11:15:00.000-04:00,0.6,2550.0,8.9,25.0
2026-08-30T11:30:00.000-04:00,0.6,2580.0,8.9,25.1
2026-08-30T11:45:00.000-04:00,0.5,2580.0,9.0,25.2
2026-08-30T12:00:00.000-04:00,0.5,2610.0,9.0,25.3
2026-08-30T12:15:00.000-04:00,0.6,2610.0,9.1,25.4
2026-08-30T12:30:00.000-04:00,0.5,2640.0,9.1,25.4
2026-08-30T12:45:00.000-04:00,0.6,2640.0,9.1,25.5
2026-08-30T13:00:00.000-04:00,0.5,2670.0,9.1,25.6
2026-08-30T13:15:00.000-04:00,0.6,2640.0,9.2,25.6
2026-08-30T13:30:00.000-04:00,0.5,2670.0,9.2,25.6
2026-08-30T13:45:00.000-04:00,0.5,2710.0,9.1,25.6
2026-08-30T14:00:00.000-04:00,0.5,2710.0,9.1,25.6
2026-08-30T14:15:00.000-04:00,0.6,2740.0,9.1,25.6
2026-08-30T14:30:00.000-04:00,0.6,2770.0,9.1,25.5
2026-08-30T14:45:00.000-04:00,0.5,2770.0,9.1,25.4
2026-08-30T15:00:00.000-04:00,0.4,2770.0,9.0,25.4
2026-08-30T15:15:00.000-04:00,0.5,2770.0,9.0,25.2
2026-08-30T15:30:00.000-04:00,0.5,2770.0,9.0,25.2
2026-08-30T15:45:00.000-04:00,0.5,2770.0,8.9,25.1
2026-08-30T16:00:00.000-04:00,0.5,2800.0,8.9,25.0
2026-08-30T16:15:00.000-04:00,0.5,2800.0,8.8,24.9
2026-08-30T16:30:00.000-04:00,0.6,2840.0,8.7,24.9
2026-08-30T16:45:00.000-04:00,0.6,2840.0,8.7,24.8
2026-08-30T17:00:00.000-04:00,0.5,2840.0,8.6,24.8
2026-08-30T17:15:00.000-04:00,0.6,2840.0,8.6,24.7
2026-08-30T17:30:00.000-04:00,0.5,2840.0,8.5,24.7
2026-08-30T17:45:00.000-04:00,0.5,2870.0,8.4,24.6
2026-08-30T18:00:00.000-04:00,0.5,2870.0,8.3,24.6
2026-08-30T18:15:00.000-04:00,0.5,2900.0,8.2,24.6
2026-08-30T18:30:00.000-04:00,0.5,2900.0,8.0,24.5
2026-08-30T18:45:00.000-04:00,0.5,2900.0,7.9,24.5
2026-08-30T19:00:00.000-04:00,0.6,2900.0,7.8,24.5
2026-08-30T19:15:00.000-04:00,0.6,2900.0,7.7,24.4
2026-08-30T19:30:00.000-04:00,0.6,2900.0,7.7,24.4
2026-08-30T19:45:00.000-04:00,0.7,2900.0,7.6,24.4
2026-08-30T20:00:00.000-04:00,0.7,2900.0,7.5,24.4
2026-08-30T20:15:00.000-04:00,0.7,2900.0,7.5,24.3
2026-08-30T20:30:00.000-04:00,0.8,2940.0,7.4,24.3
2026-08-30T20:45:00.000-04:00,0.8,2940.0,7.4,24.3
2026-08-30T21:00:00.000-04:00,0.7,2970.0,7.4,24.3
2026-08-30T21:15:00.000-04:00,0.8,3010.0,7.4,24.2
2026-08-30T21:30:00.000-04:00,0.8,3080.0,7.4,24.2
2026-08-30T21:45:00.000-04:00,0.9,3040.0,7.3,24.2
2026-08-30T22:00:00.000-04:00,0.9,3040.0,7.3,24.2
2026-08-30T22:15:00.000-04:00,0.9,3080.0,7.3,24.2
2026-08-30T22:30:00.000-04:00,0.9,3110.0,7.3,24.2
2026-08-30T22:45:00.000-04:00,0.9,3150.0,7.3,24.1
2026-08-30T23:00:00.000-04:00,1.1,3150.0,7.3,24.1
2026-08-30T23:15:00.000-04:00,1.1,3180.0,7.3,24.1
2026-08-30T23:30:00.000-04:00,1.0,3180.0,7.3,24.1
2026-08-30T23:45:00.000-04:00,1.0,3180.0,7.3,24.1
2026-08-31T00:00:00.000-04:00,1.0,3180.0,7.3,24.1
2026-08-31T00:15:00.000-04:00,1.0,3180.0,7.3,24.0
2026-08-31T00:30:00.000-04:00,1.2,3220.0,7.3,24.0
2026-08-31T00:45:00.000-04:00,1.1,3220.0,7.3,24.0
2026-08-31T01:00:00.000-04:00,1.1,3220.0,7.3,24.0
2026-08-31T01:15:00.000-04:00,1.1,3260.0,7.3,24.0
2026-08-31T01:30:00.000-04:00,1.1,3260.0,7.3,24.0
2026-08-31T01:45:00.000-04:00,1.1,3260.0,7.3,24.0
2026-08-31T02:00:00.000-04:00,1.2,3290.0,7.3,23.9
2026-08-31T02:15:00.000-04:00,1.2,3290.0,7.3,23.9
2026-08-31T02:30:00.000-04:00,1.3,3290.0,7.3,23.9
2026-08-31T02:45:00.000-04:00,1.1,3290.0,7.3,23.9
2026-08-31T03:00:00.000-04:00,1.3,3330.0,7.3,23.9
2026-08-31T03:15:00.000-04:00,1.1,3330.0,7.3,23.8
2026-08-31T03:30:00.000-04:00,1.2,3330.0,7.3,23.8
2026-08-31T03:45:00.000-04:00,1.1,3330.0,7.3,23.8
2026-08-31T04:00:00.000-04:00,1.0,3370.0,7.3,23.8
2026-08-31T04:15:00.000-04:00,1.1,3370.0,7.3,23.8
2026-08-31T04:30:00.000-04:00,1.3,3370.0,7.3,23.8
2026-08-31T04:45:00.000-04:00,1.2,3370.0,7.3,23.7
2026-08-31T05:00:00.000-04:00,1.2,3370.0,7.3,23.7
2026-08-31T05:15:00.000-04:00,1.3,3370.0,7.3,23.7
2026-08-31T05:30:00.000-04:00,1.6,3370.0,7.3,23.7
2026-08-31T05:45:00.000-04:00,1.2,3410.0,7.3,23.6
2026-08-31T06:00:00.000-04:00,1.2,3370.0,7.3,23.6
2026-08-31T06:15:00.000-04:00,1.1,3410.0,7.3,23.6
2026-08-31T06:30:00.000-04:00,1.2,3410.0,7.3,23.6
2026-08-31T06:45:00.000-04:00,1.0,3410.0,7.3,23.6
2026-08-31T07:00:00.000-04:00,0.9,3410.0,7.3,23.6
2026-08-31T07:15:00.000-04:00,0.9,3410.0,7.3,23.6
2026-08-31T07:30:00.000-04:00,0.8,3410.0,7.3,23.6
2026-08-31T07:45:00.000-04:00,0.8,3410.0,7.4,23.6
2026-08-31T08:00:00.000-04:00,0.7,3410.0,7.4,23.6
2026-08-31T08:15:00.000-04:00,0.8,3410.0,7.5,23.7
2026-08-31T08:30:00.000-04:00,0.7,3450.0,7.6,23.8
2026-08-31T08:45:00.000-04:00,0.7,3450.0,7.6,23.8
2026-08-31T09:00:00.000-04:00,0.7,3450.0,7.8,23.9
2026-08-31T09:15:00.000-04:00,0.9,3450.0,7.9,24.0
2026-08-31T09:30:00.000-04:00,0.6,3410.0,8.0,24.1
2026-08-31T09:45:00.000-04:00,0.6,3410.0,8.2,24.2
2026-08-31T10:00:00.000-04:00,0.6,3370.0,8.3,24.3
2026-08-31T10:15:00.000-04:00,0.5,3370.0,8.4,24.5
2026-08-31T10:30:00.000-04:00,0.5,3370.0,8.5,24.6
2026-08-31T10:45:00.000-04:00,0.6,3370.0,8.6,24.6
2026-08-31T11:00:00.000-04:00,0.6,3370.0,8.7,24.7
2026-08-31T11:15:00.000-04:00,0.6,3370.0,8.7,24.8
2026-08-31T11:30:00.000-04:00,0.6,3330.0,8.8,24.9
2026-08-31T11:45:00.000-04:00,0.6,3290.0,8.8,24.9
2026-08-31T12:00:00.000-04:00,0.6,3290.0,8.8,25.0
2026-08-31T12:15:00.000-04:00,0.6,3290.0,8.9,25.1
2026-08-31T12:30:00.000-04:00,0.5,3260.0,8.9,25.1
2026-08-31T12:45:00.000-04:00,0.5,3260.0,8.9,25.1
2026-08-31T13:00:00.000-04:00,0.5,3220.0,8.9,25.2
2026-08-31T13:15:00.000-04:00,0.5,3220.0,8.9,25.2
2026-08-31T13:30:00.000-04:00,0.5,3180.0,9.0,25.3
2026-08-31T13:45:00.000-04:00,0.5,3180.0,9.0,25.3
2026-08-31T14:00:00.000-04:00,0.5,3150.0,8.9,25.2
2026-08-31T14:15:00.000-04:00,0.5,3150.0,8.9,25.2
2026-08-31T14:30:00.000-04:00,0.5,3150.0,8.9,25.1
2026-08-31T14:45:00.000-04:00,0.6,3150.0,8.9,25.1
2026-08-31T15:00:00.000-04:00,0.5,3150.0,8.8,25.0
2026-08-31T15:15:00.000-04:00,0.5,3110.0,8.8,25.0
2026-08-31T15:30:00.000-04:00,0.5,3110.0,8.8,24.9
2026-08-31T15:45:00.000-04:00,0.6,3110.0,8.8,24.9
2026-08-31T16:00:00.000-04:00,0.5,3080.0,8.8,24.9
2026-08-31T16:15:00.000-04:00,0.6,3080.0,8.8,24.9
2026-08-31T16:30:00.000-04:00,0.5,3040.0,8.7,24.9
2026-08-31T16:45:00.000-04:00,0.5,3040.0,8.7,24.8
2026-08-31T17:00:00.000-04:00,0.4,3040.0,8.7,24.8
2026-08-31T17:15:00.000-04:00,0.5,3040.0,8.6,24.8
2026-08-31T17:30:00.000-04:00,0.5,3010.0,8.6,24.7
2026-08-31T17:45:00.000-04:00,0.5,3010.0,8.5,24.7
2026-08-31T18:00:00.000-04:00,0.5,2970.0,8.4,24.6
2026-08-31T18:15:00.000-04:00,0.5,2940.0,8.3,24.6
2026-08-31T18:30:00.000-04:00,0.5,2940.0,8.2,24.5
2026-08-31T18:45:00.000-04:00,0.5,2940.0,8.0,24.5
2026-08-31T19:00:00.000-04:00,0.5,2900.0,7.9,24.4
2026-08-31T19:15:00.000-04:00,0.5,2900.0,7.8,24.4
2026-08-31T19:30:00.000-04:00,0.6,2900.0,7.7,24.4
2026-08-31T19:45:00.000-04:00,0.7,2900.0,7.6,24.3
2026-08-31T20:00:00.000-04:00,0.6,2870.0,7.6,24.3
2026-08-31T20:15:00.000-04:00,0.7,2870.0,7.5,24.3
2026-08-31T20:30:00.000-04:00,0.7,2870.0,7.5,24.2
2026-08-31T20:45:00.000-04:00,0.8,2870.0,7.4,24.2
2026-08-31T21:00:00.000-04:00,0.7,2870.0,7.4,24.2
2026-08-31T21:15:00.000-04:00,0.7,2840.0,7.4,24.1
2026-08-31T21:30:00.000-04:00,0.8,2840.0,7.4,24.1
2026-08-31T21:45:00.000-04:00,0.8,2840.0,7.4,24.1
2026-08-31T22:00:00.000-04:00,0.8,2800.0,7.3,24.1
2026-08-31T22:15:00.000-04:00,0.8,2840.0,7.3,24.0
2026-08-31T22:30:00.000-04:00,0.9,2840.0,7.3,24.0
2026-08-31T22:45:00.000-04:00,0.8,2840.0,7.3,24.0
2026-08-31T23:00:00.000-04:00,0.8,2840.0,7.3,24.0
2026-08-31T23:15:00.000-04:00,0.9,2800.0,7.3,24.0
2026-08-31T23:30:00.000-04:00,0.8,2800.0,7.3,24.0
2026-08-31T23:45:00.000-04:00,0.8,2770.0,7.3,24.0
2026-09-01T00:00:00.000-04:00,0.9,2800.0,7.3,24.0
2026-09-01T00:15:00.000-04:00,1.0,2770.0,7.3,24.0
2026-09-01T00:30:00.000-04:00,0.9,2770.0,7.3,24.0
2026-09-01T00:45:00.000-04:00,0.9,2770.0,7.3,24.0
2026-09-01T01:00:00.000-04:00,1.0,2770.0,7.2,24.0
2026-09-01T01:15:00.000-04:00,1.0,2770.0,7.2,24.0
2026-09-01T01:30:00.000-04:00,1.0,2770.0,7.2,24.0
2026-09-01T01:45:00.000-04:00,1.1,2800.0,7.2,24.0
2026-09-01T02:00:00.000-04:00,1.0,2800.0,7.2,24.0
2026-09-01T02:15:00.000-04:00,1.0,2800.0,7.2,24.0
2026-09-01T02:30:00.000-04:00,1.1,2800.0,7.2,24.0
2026-09-01T02:45:00.000-04:00,1.0,2840.0,7.2,24.0
2026-09-01T03:00:00.000-04:00,1.0,2840.0,7.2,24.0
2026-09-01T03:15:00.000-04:00,1.1,2870.0,7.2,24.0
2026-09-01T03:30:00.000-04:00,1.2,2870.0,7.2,24.0
2026-09-01T03:45:00.000-04:00,1.1,2870.0,7.2,24.0
2026-09-01T04:00:00.000-04:00,1.1,2870.0,7.2,24.0
2026-09-01T04:15:00.000-04:00,1.1,2870.0,7.2,24.0
2026-09-01T04:30:00.000-04:00,1.5,2870.0,7.2,24.0
2026-09-01T04:45:00.000-04:00,1.3,2900.0,7.2,24.0
2026-09-01T05:00:00.000-04:00,1.2,2940.0,7.2,24.0
2026-09-01T05:15:00.000-04:00,1.1,2970.0,7.2,24.0
2026-09-01T05:30:00.000-04:00,1.1,2970.0,7.2,24.0
2026-09-01T05:45:00.000-04:00,1.2,3010.0,7.2,24.0
2026-09-01T06:00:00.000-04:00,1.1,3040.0,7.2,24.0
2026-09-01T06:15:00.000-04:00,1.2,3080.0,7.2,24.0
2026-09-01T06:30:00.000-04:00,1.2,3080.0,7.2,24.0
2026-09-01T06:45:00.000-04:00,1.1,3110.0,7.2,24.0
2026-09-01T07:00:00.000-04:00,1.1,3110.0,7.2,23.9
2026-09-01T07:15:00.000-04:00,1.2,3180.0,7.2,23.9
2026-09-01T07:30:00.000-04:00,1.3,3260.0,7.2,23.9
2026-09-01T07:45:00.000-04:00,1.2,3260.0,7.3,23.8
2026-09-01T08:00:00.000-04:00,1.1,3290.0,7.3,23.8
2026-09-01T08:15:00.000-04:00,1.1,3330.0,7.3,23.8
2026-09-01T08:30:00.000-04:00,1.0,3330.0,7.3,23.8
2026-09-01T08:45:00.000-04:00,1.1,3410.0,7.3,23.8
2026-09-01T09:00:00.000-04:00,1.1,3480.0,7.3,23.8
2026-09-01T09:15:00.000-04:00,1.1,3560.0,7.3,23.8
2026-09-01T09:30:00.000-04:00,1.3,3640.0,7.3,23.7
2026-09-01T09:45:00.000-04:00,1.2,3740.0,7.3,23.7
2026-09-01T10:00:00.000-04:00,1.3,3790.0,7.3,23.7
2026-09-01T10:15:00.000-04:00,1.2,3790.0,7.4,23.7
2026-09-01T10:30:00.000-04:00,1.0,3830.0,7.4,23.7
2026-09-01T10:45:00.000-04:00,1.0,3880.0,7.4,23.7
2026-09-01T11:00:00.000-04:00,1.1,3930.0,7.4,23.7
2026-09-01T11:15:00.000-04:00,1.1,3980.0,7.4,23.7
2026-09-01T11:30:00.000-04:00,1.1,3980.0,7.5,23.8
